2026-09-23 09:46:00,681 WARNING [81390d891b2e] app.main: integrity error: (1451, 'Cannot delete or update a parent row: a foreign key constraint fails (`whdb_v3_dev`.`warrant_ownerships`, CONSTRAINT `warrant_ownerships_ibfk_3` FOREIGN KEY (`warrant_id`) REFERENCES `warrants` (`id`))')
2026-09-23 09:46:25,228 WARNING [ef78c8deecd9] app.main: integrity error: (1451, 'Cannot delete or update a parent row: a foreign key constraint fails (`whdb_v3_dev`.`warrant_ownerships`, CONSTRAINT `warrant_ownerships_ibfk_3` FOREIGN KEY (`warrant_id`) REFERENCES `warrants` (`id`))')
2026-09-23 09:46:56,998 WARNING [eb54aaaa01dd] app.main: integrity error: (1451, 'Cannot delete or update a parent row: a foreign key constraint fails (`whdb_v3_dev`.`warrant_ownerships`, CONSTRAINT `warrant_ownerships_ibfk_3` FOREIGN KEY (`warrant_id`) REFERENCES `warrants` (`id`))')
2026-09-23 09:47:39,094 WARNING [d9bf4932e38d] app.main: integrity error: (1451, 'Cannot delete or update a parent row: a foreign key constraint fails (`whdb_v3_dev`.`warrant_ownerships`, CONSTRAINT `warrant_ownerships_ibfk_3` FOREIGN KEY (`warrant_id`) REFERENCES `warrants` (`id`))')
2026-09-23 12:21:16,653 INFO [-] httpx: HTTP Request: GET http://testserver/api/v1/articles/18/comments "HTTP/1.1 200 OK"
2026-09-23 13:54:06,665 ERROR [b0878c1f6f4b] app.main: unhandled error: (pymysql.err.OperationalError) (1054, "Unknown column 'users.is_deleted' in 'field list'")
[SQL: SELECT users.username AS users_username, users.name AS users_name, users.email AS users_email, users.phone AS users_phone, users.avatar_url AS users_avatar_url, users.password_hash AS users_password_hash, users.gender AS users_gender, users.dept_id AS users_dept_id, users.position AS users_position, users.status AS users_status, users.is_deleted AS users_is_deleted, users.is_super_admin AS users_is_super_admin, users.must_change_password AS users_must_change_password, users.login_fail_count AS users_login_fail_count, users.last_login_at AS users_last_login_at, users.last_login_ip AS users_last_login_ip, users.id AS users_id, users.created_by AS users_created_by, users.created_at AS users_created_at, users.updated_at AS users_updated_at 
FROM users 
WHERE users.id = %(pk_1)s]
[parameters: {'pk_1': 21}]
(Background on this error at: https://sqlalche.me/e/20/e3q8)
Traceback (most recent call last):
  File "C:\Users\69588\.conda\envs\whdb3\Lib\site-packages\sqlalchemy\engine\base.py", line 1969, in _exec_single_context
    self.dialect.do_execute(
  File "C:\Users\69588\.conda\envs\whdb3\Lib\site-packages\sqlalchemy\engine\default.py", line 952, in do_execute
    cursor.execute(statement, parameters)
  File "C:\Users\69588\AppData\Roaming\Python\Python312\site-packages\pymysql\cursors.py", line 153, in execute
    result = self._query(query)
             ^^^^^^^^^^^^^^^^^^
  File "C:\Users\69588\AppData\Roaming\Python\Python312\site-packages\pymysql\cursors.py", line 322, in _query
    conn.query(q)
  File "C:\Users\69588\AppData\Roaming\Python\Python312\site-packages\pymysql\connections.py", line 563, in query
    self._affected_rows = self._read_query_result(unbuffered=unbuffered)
                          ^^^^^^^^^^^^^^^^^^^^^^^^^^^^^^^^^^^^^^^^^^^^^^
  File "C:\Users\69588\AppData\Roaming\Python\Python312\site-packages\pymysql\connections.py", line 825, in _read_query_result
    result.read()
  File "C:\Users\69588\AppData\Roaming\Python\Python312\site-packages\pymysql\connections.py", line 1199, in read
    first_packet = self.connection._read_packet()
                   ^^^^^^^^^^^^^^^^^^^^^^^^^^^^^^
  File "C:\Users\69588\AppData\Roaming\Python\Python312\site-packages\pymysql\connections.py", line 775, in _read_packet
    packet.raise_for_error()
  File "C:\Users\69588\AppData\Roaming\Python\Python312\site-packages\pymysql\protocol.py", line 219, in raise_for_error
    err.raise_mysql_exception(self._data)
  File "C:\Users\69588\AppData\Roaming\Python\Python312\site-packages\pymysql\err.py", line 150, in raise_mysql_exception
    raise errorclass(errno, errval)
pymysql.err.OperationalError: (1054, "Unknown column 'users.is_deleted' in 'field list'")

The above exception was the direct cause of the following exception:

Traceback (most recent call last):
  File "C:\Users\69588\AppData\Roaming\Python\Python312\site-packages\starlette\middleware\errors.py", line 164, in __call__
    await self.app(scope, receive, _send)
  File "C:\Users\69588\AppData\Roaming\Python\Python312\site-packages\starlette\middleware\base.py", line 191, in __call__
    with recv_stream, send_stream, collapse_excgroups():
                                   ^^^^^^^^^^^^^^^^^^^^
  File "C:\Users\69588\.conda\envs\whdb3\Lib\contextlib.py", line 158, in __exit__
    self.gen.throw(value)
  File "C:\Users\69588\AppData\Roaming\Python\Python312\site-packages\starlette\_utils.py", line 87, in collapse_excgroups
    raise exc
  File "C:\Users\69588\AppData\Roaming\Python\Python312\site-packages\starlette\middleware\base.py", line 193, in __call__
    response = await self.dispatch_func(request, call_next)
               ^^^^^^^^^^^^^^^^^^^^^^^^^^^^^^^^^^^^^^^^^^^^
  File "C:\mysite\whdb3\whdb3-api\app\core\logging.py", line 53, in dispatch
    response = await call_next(request)
               ^^^^^^^^^^^^^^^^^^^^^^^^
  File "C:\Users\69588\AppData\Roaming\Python\Python312\site-packages\starlette\middleware\base.py", line 168, in call_next
    raise app_exc from app_exc.__cause__ or app_exc.__context__
  File "C:\Users\69588\AppData\Roaming\Python\Python312\site-packages\starlette\middleware\base.py", line 144, in coro
    await self.app(scope, receive_or_disconnect, send_no_error)
  File "C:\Users\69588\AppData\Roaming\Python\Python312\site-packages\starlette\middleware\exceptions.py", line 63, in __call__
    await wrap_app_handling_exceptions(self.app, conn)(scope, receive, send)
  File "C:\Users\69588\AppData\Roaming\Python\Python312\site-packages\starlette\_exception_handler.py", line 53, in wrapped_app
    raise exc
  File "C:\Users\69588\AppData\Roaming\Python\Python312\site-packages\starlette\_exception_handler.py", line 42, in wrapped_app
    await app(scope, receive, sender)
  File "C:\Users\69588\AppData\Roaming\Python\Python312\site-packages\fastapi\middleware\asyncexitstack.py", line 18, in __call__
    await self.app(scope, receive, send)
  File "C:\Users\69588\AppData\Roaming\Python\Python312\site-packages\starlette\routing.py", line 660, in __call__
    await self.middleware_stack(scope, receive, send)
  File "C:\Users\69588\AppData\Roaming\Python\Python312\site-packages\starlette\routing.py", line 680, in app
    await route.handle(scope, receive, send)
  File "C:\Users\69588\AppData\Roaming\Python\Python312\site-packages\starlette\routing.py", line 276, in handle
    await self.app(scope, receive, send)
  File "C:\Users\69588\AppData\Roaming\Python\Python312\site-packages\fastapi\routing.py", line 134, in app
    await wrap_app_handling_exceptions(app, request)(scope, receive, send)
  File "C:\Users\69588\AppData\Roaming\Python\Python312\site-packages\starlette\_exception_handler.py", line 53, in wrapped_app
    raise exc
  File "C:\Users\69588\AppData\Roaming\Python\Python312\site-packages\starlette\_exception_handler.py", line 42, in wrapped_app
    await app(scope, receive, sender)
  File "C:\Users\69588\AppData\Roaming\Python\Python312\site-packages\fastapi\routing.py", line 120, in app
    response = await f(request)
               ^^^^^^^^^^^^^^^^
  File "C:\Users\69588\AppData\Roaming\Python\Python312\site-packages\fastapi\routing.py", line 457, in app
    solved_result = await solve_dependencies(
                    ^^^^^^^^^^^^^^^^^^^^^^^^^
  File "C:\Users\69588\AppData\Roaming\Python\Python312\site-packages\fastapi\dependencies\utils.py", line 649, in solve_dependencies
    solved_result = await solve_dependencies(
                    ^^^^^^^^^^^^^^^^^^^^^^^^^
  File "C:\Users\69588\AppData\Roaming\Python\Python312\site-packages\fastapi\dependencies\utils.py", line 680, in solve_dependencies
    solved = await run_in_threadpool(call, **solved_result.values)
             ^^^^^^^^^^^^^^^^^^^^^^^^^^^^^^^^^^^^^^^^^^^^^^^^^^^^^
  File "C:\Users\69588\AppData\Roaming\Python\Python312\site-packages\starlette\concurrency.py", line 32, in run_in_threadpool
    return await anyio.to_thread.run_sync(func)
           ^^^^^^^^^^^^^^^^^^^^^^^^^^^^^^^^^^^^
  File "C:\Users\69588\AppData\Roaming\Python\Python312\site-packages\anyio\to_thread.py", line 63, in run_sync
    return await get_async_backend().run_sync_in_worker_thread(
           ^^^^^^^^^^^^^^^^^^^^^^^^^^^^^^^^^^^^^^^^^^^^^^^^^^^^
  File "C:\Users\69588\AppData\Roaming\Python\Python312\site-packages\anyio\_backends\_asyncio.py", line 2502, in run_sync_in_worker_thread
    return await future
           ^^^^^^^^^^^^
  File "C:\Users\69588\AppData\Roaming\Python\Python312\site-packages\anyio\_backends\_asyncio.py", line 986, in run
    result = context.run(func, *args)
             ^^^^^^^^^^^^^^^^^^^^^^^^
  File "C:\mysite\whdb3\whdb3-api\app\core\deps.py", line 57, in get_current_user
    return context_service.load_auth_context(db, user_id)
           ^^^^^^^^^^^^^^^^^^^^^^^^^^^^^^^^^^^^^^^^^^^^^^
  File "C:\mysite\whdb3\whdb3-api\app\user\services\context_service.py", line 85, in load_auth_context
    user = db.get(User, user_id)
           ^^^^^^^^^^^^^^^^^^^^^
  File "C:\Users\69588\.conda\envs\whdb3\Lib\site-packages\sqlalchemy\orm\session.py", line 3702, in get
    return self._get_impl(
           ^^^^^^^^^^^^^^^
  File "C:\Users\69588\.conda\envs\whdb3\Lib\site-packages\sqlalchemy\orm\session.py", line 3881, in _get_impl
    return db_load_fn(
           ^^^^^^^^^^^
  File "C:\Users\69588\.conda\envs\whdb3\Lib\site-packages\sqlalchemy\orm\loading.py", line 695, in load_on_pk_identity
    session.execute(
  File "C:\Users\69588\.conda\envs\whdb3\Lib\site-packages\sqlalchemy\orm\session.py", line 2373, in execute
    return self._execute_internal(
           ^^^^^^^^^^^^^^^^^^^^^^^
  File "C:\Users\69588\.conda\envs\whdb3\Lib\site-packages\sqlalchemy\orm\session.py", line 2271, in _execute_internal
    result: Result[Any] = compile_state_cls.orm_execute_statement(
                          ^^^^^^^^^^^^^^^^^^^^^^^^^^^^^^^^^^^^^^^^
  File "C:\Users\69588\.conda\envs\whdb3\Lib\site-packages\sqlalchemy\orm\context.py", line 306, in orm_execute_statement
    result = conn.execute(
             ^^^^^^^^^^^^^
  File "C:\Users\69588\.conda\envs\whdb3\Lib\site-packages\sqlalchemy\engine\base.py", line 1421, in execute
    return meth(
           ^^^^^
  File "C:\Users\69588\.conda\envs\whdb3\Lib\site-packages\sqlalchemy\sql\elements.py", line 526, in _execute_on_connection
    return connection._execute_clauseelement(
           ^^^^^^^^^^^^^^^^^^^^^^^^^^^^^^^^^^
  File "C:\Users\69588\.conda\envs\whdb3\Lib\site-packages\sqlalchemy\engine\base.py", line 1643, in _execute_clauseelement
    ret = self._execute_context(
          ^^^^^^^^^^^^^^^^^^^^^^
  File "C:\Users\69588\.conda\envs\whdb3\Lib\site-packages\sqlalchemy\engine\base.py", line 1848, in _execute_context
    return self._exec_single_context(
           ^^^^^^^^^^^^^^^^^^^^^^^^^^
  File "C:\Users\69588\.conda\envs\whdb3\Lib\site-packages\sqlalchemy\engine\base.py", line 1988, in _exec_single_context
    self._handle_dbapi_exception(
  File "C:\Users\69588\.conda\envs\whdb3\Lib\site-packages\sqlalchemy\engine\base.py", line 2365, in _handle_dbapi_exception
    raise sqlalchemy_exception.with_traceback(exc_info[2]) from e
  File "C:\Users\69588\.conda\envs\whdb3\Lib\site-packages\sqlalchemy\engine\base.py", line 1969, in _exec_single_context
    self.dialect.do_execute(
  File "C:\Users\69588\.conda\envs\whdb3\Lib\site-packages\sqlalchemy\engine\default.py", line 952, in do_execute
    cursor.execute(statement, parameters)
  File "C:\Users\69588\AppData\Roaming\Python\Python312\site-packages\pymysql\cursors.py", line 153, in execute
    result = self._query(query)
             ^^^^^^^^^^^^^^^^^^
  File "C:\Users\69588\AppData\Roaming\Python\Python312\site-packages\pymysql\cursors.py", line 322, in _query
    conn.query(q)
  File "C:\Users\69588\AppData\Roaming\Python\Python312\site-packages\pymysql\connections.py", line 563, in query
    self._affected_rows = self._read_query_result(unbuffered=unbuffered)
                          ^^^^^^^^^^^^^^^^^^^^^^^^^^^^^^^^^^^^^^^^^^^^^^
  File "C:\Users\69588\AppData\Roaming\Python\Python312\site-packages\pymysql\connections.py", line 825, in _read_query_result
    result.read()
  File "C:\Users\69588\AppData\Roaming\Python\Python312\site-packages\pymysql\connections.py", line 1199, in read
    first_packet = self.connection._read_packet()
                   ^^^^^^^^^^^^^^^^^^^^^^^^^^^^^^
  File "C:\Users\69588\AppData\Roaming\Python\Python312\site-packages\pymysql\connections.py", line 775, in _read_packet
    packet.raise_for_error()
  File "C:\Users\69588\AppData\Roaming\Python\Python312\site-packages\pymysql\protocol.py", line 219, in raise_for_error
    err.raise_mysql_exception(self._data)
  File "C:\Users\69588\AppData\Roaming\Python\Python312\site-packages\pymysql\err.py", line 150, in raise_mysql_exception
    raise errorclass(errno, errval)
sqlalchemy.exc.OperationalError: (pymysql.err.OperationalError) (1054, "Unknown column 'users.is_deleted' in 'field list'")
[SQL: SELECT users.username AS users_username, users.name AS users_name, users.email AS users_email, users.phone AS users_phone, users.avatar_url AS users_avatar_url, users.password_hash AS users_password_hash, users.gender AS users_gender, users.dept_id AS users_dept_id, users.position AS users_position, users.status AS users_status, users.is_deleted AS users_is_deleted, users.is_super_admin AS users_is_super_admin, users.must_change_password AS users_must_change_password, users.login_fail_count AS users_login_fail_count, users.last_login_at AS users_last_login_at, users.last_login_ip AS users_last_login_ip, users.id AS users_id, users.created_by AS users_created_by, users.created_at AS users_created_at, users.updated_at AS users_updated_at 
FROM users 
WHERE users.id = %(pk_1)s]
[parameters: {'pk_1': 21}]
(Background on this error at: https://sqlalche.me/e/20/e3q8)
2026-09-23 13:54:08,749 ERROR [fa403833ab67] app.main: unhandled error: (pymysql.err.OperationalError) (1054, "Unknown column 'users.is_deleted' in 'field list'")
[SQL: SELECT users.username AS users_username, users.name AS users_name, users.email AS users_email, users.phone AS users_phone, users.avatar_url AS users_avatar_url, users.password_hash AS users_password_hash, users.gender AS users_gender, users.dept_id AS users_dept_id, users.position AS users_position, users.status AS users_status, users.is_deleted AS users_is_deleted, users.is_super_admin AS users_is_super_admin, users.must_change_password AS users_must_change_password, users.login_fail_count AS users_login_fail_count, users.last_login_at AS users_last_login_at, users.last_login_ip AS users_last_login_ip, users.id AS users_id, users.created_by AS users_created_by, users.created_at AS users_created_at, users.updated_at AS users_updated_at 
FROM users 
WHERE users.id = %(pk_1)s]
[parameters: {'pk_1': 21}]
(Background on this error at: https://sqlalche.me/e/20/e3q8)
Traceback (most recent call last):
  File "C:\Users\69588\.conda\envs\whdb3\Lib\site-packages\sqlalchemy\engine\base.py", line 1969, in _exec_single_context
    self.dialect.do_execute(
  File "C:\Users\69588\.conda\envs\whdb3\Lib\site-packages\sqlalchemy\engine\default.py", line 952, in do_execute
    cursor.execute(statement, parameters)
  File "C:\Users\69588\AppData\Roaming\Python\Python312\site-packages\pymysql\cursors.py", line 153, in execute
    result = self._query(query)
             ^^^^^^^^^^^^^^^^^^
  File "C:\Users\69588\AppData\Roaming\Python\Python312\site-packages\pymysql\cursors.py", line 322, in _query
    conn.query(q)
  File "C:\Users\69588\AppData\Roaming\Python\Python312\site-packages\pymysql\connections.py", line 563, in query
    self._affected_rows = self._read_query_result(unbuffered=unbuffered)
                          ^^^^^^^^^^^^^^^^^^^^^^^^^^^^^^^^^^^^^^^^^^^^^^
  File "C:\Users\69588\AppData\Roaming\Python\Python312\site-packages\pymysql\connections.py", line 825, in _read_query_result
    result.read()
  File "C:\Users\69588\AppData\Roaming\Python\Python312\site-packages\pymysql\connections.py", line 1199, in read
    first_packet = self.connection._read_packet()
                   ^^^^^^^^^^^^^^^^^^^^^^^^^^^^^^
  File "C:\Users\69588\AppData\Roaming\Python\Python312\site-packages\pymysql\connections.py", line 775, in _read_packet
    packet.raise_for_error()
  File "C:\Users\69588\AppData\Roaming\Python\Python312\site-packages\pymysql\protocol.py", line 219, in raise_for_error
    err.raise_mysql_exception(self._data)
  File "C:\Users\69588\AppData\Roaming\Python\Python312\site-packages\pymysql\err.py", line 150, in raise_mysql_exception
    raise errorclass(errno, errval)
pymysql.err.OperationalError: (1054, "Unknown column 'users.is_deleted' in 'field list'")

The above exception was the direct cause of the following exception:

Traceback (most recent call last):
  File "C:\Users\69588\AppData\Roaming\Python\Python312\site-packages\starlette\middleware\errors.py", line 164, in __call__
    await self.app(scope, receive, _send)
  File "C:\Users\69588\AppData\Roaming\Python\Python312\site-packages\starlette\middleware\base.py", line 191, in __call__
    with recv_stream, send_stream, collapse_excgroups():
                                   ^^^^^^^^^^^^^^^^^^^^
  File "C:\Users\69588\.conda\envs\whdb3\Lib\contextlib.py", line 158, in __exit__
    self.gen.throw(value)
  File "C:\Users\69588\AppData\Roaming\Python\Python312\site-packages\starlette\_utils.py", line 87, in collapse_excgroups
    raise exc
  File "C:\Users\69588\AppData\Roaming\Python\Python312\site-packages\starlette\middleware\base.py", line 193, in __call__
    response = await self.dispatch_func(request, call_next)
               ^^^^^^^^^^^^^^^^^^^^^^^^^^^^^^^^^^^^^^^^^^^^
  File "C:\mysite\whdb3\whdb3-api\app\core\logging.py", line 53, in dispatch
    response = await call_next(request)
               ^^^^^^^^^^^^^^^^^^^^^^^^
  File "C:\Users\69588\AppData\Roaming\Python\Python312\site-packages\starlette\middleware\base.py", line 168, in call_next
    raise app_exc from app_exc.__cause__ or app_exc.__context__
  File "C:\Users\69588\AppData\Roaming\Python\Python312\site-packages\starlette\middleware\base.py", line 144, in coro
    await self.app(scope, receive_or_disconnect, send_no_error)
  File "C:\Users\69588\AppData\Roaming\Python\Python312\site-packages\starlette\middleware\exceptions.py", line 63, in __call__
    await wrap_app_handling_exceptions(self.app, conn)(scope, receive, send)
  File "C:\Users\69588\AppData\Roaming\Python\Python312\site-packages\starlette\_exception_handler.py", line 53, in wrapped_app
    raise exc
  File "C:\Users\69588\AppData\Roaming\Python\Python312\site-packages\starlette\_exception_handler.py", line 42, in wrapped_app
    await app(scope, receive, sender)
  File "C:\Users\69588\AppData\Roaming\Python\Python312\site-packages\fastapi\middleware\asyncexitstack.py", line 18, in __call__
    await self.app(scope, receive, send)
  File "C:\Users\69588\AppData\Roaming\Python\Python312\site-packages\starlette\routing.py", line 660, in __call__
    await self.middleware_stack(scope, receive, send)
  File "C:\Users\69588\AppData\Roaming\Python\Python312\site-packages\starlette\routing.py", line 680, in app
    await route.handle(scope, receive, send)
  File "C:\Users\69588\AppData\Roaming\Python\Python312\site-packages\starlette\routing.py", line 276, in handle
    await self.app(scope, receive, send)
  File "C:\Users\69588\AppData\Roaming\Python\Python312\site-packages\fastapi\routing.py", line 134, in app
    await wrap_app_handling_exceptions(app, request)(scope, receive, send)
  File "C:\Users\69588\AppData\Roaming\Python\Python312\site-packages\starlette\_exception_handler.py", line 53, in wrapped_app
    raise exc
  File "C:\Users\69588\AppData\Roaming\Python\Python312\site-packages\starlette\_exception_handler.py", line 42, in wrapped_app
    await app(scope, receive, sender)
  File "C:\Users\69588\AppData\Roaming\Python\Python312\site-packages\fastapi\routing.py", line 120, in app
    response = await f(request)
               ^^^^^^^^^^^^^^^^
  File "C:\Users\69588\AppData\Roaming\Python\Python312\site-packages\fastapi\routing.py", line 457, in app
    solved_result = await solve_dependencies(
                    ^^^^^^^^^^^^^^^^^^^^^^^^^
  File "C:\Users\69588\AppData\Roaming\Python\Python312\site-packages\fastapi\dependencies\utils.py", line 649, in solve_dependencies
    solved_result = await solve_dependencies(
                    ^^^^^^^^^^^^^^^^^^^^^^^^^
  File "C:\Users\69588\AppData\Roaming\Python\Python312\site-packages\fastapi\dependencies\utils.py", line 680, in solve_dependencies
    solved = await run_in_threadpool(call, **solved_result.values)
             ^^^^^^^^^^^^^^^^^^^^^^^^^^^^^^^^^^^^^^^^^^^^^^^^^^^^^
  File "C:\Users\69588\AppData\Roaming\Python\Python312\site-packages\starlette\concurrency.py", line 32, in run_in_threadpool
    return await anyio.to_thread.run_sync(func)
           ^^^^^^^^^^^^^^^^^^^^^^^^^^^^^^^^^^^^
  File "C:\Users\69588\AppData\Roaming\Python\Python312\site-packages\anyio\to_thread.py", line 63, in run_sync
    return await get_async_backend().run_sync_in_worker_thread(
           ^^^^^^^^^^^^^^^^^^^^^^^^^^^^^^^^^^^^^^^^^^^^^^^^^^^^
  File "C:\Users\69588\AppData\Roaming\Python\Python312\site-packages\anyio\_backends\_asyncio.py", line 2502, in run_sync_in_worker_thread
    return await future
           ^^^^^^^^^^^^
  File "C:\Users\69588\AppData\Roaming\Python\Python312\site-packages\anyio\_backends\_asyncio.py", line 986, in run
    result = context.run(func, *args)
             ^^^^^^^^^^^^^^^^^^^^^^^^
  File "C:\mysite\whdb3\whdb3-api\app\core\deps.py", line 57, in get_current_user
    return context_service.load_auth_context(db, user_id)
           ^^^^^^^^^^^^^^^^^^^^^^^^^^^^^^^^^^^^^^^^^^^^^^
  File "C:\mysite\whdb3\whdb3-api\app\user\services\context_service.py", line 85, in load_auth_context
    user = db.get(User, user_id)
           ^^^^^^^^^^^^^^^^^^^^^
  File "C:\Users\69588\.conda\envs\whdb3\Lib\site-packages\sqlalchemy\orm\session.py", line 3702, in get
    return self._get_impl(
           ^^^^^^^^^^^^^^^
  File "C:\Users\69588\.conda\envs\whdb3\Lib\site-packages\sqlalchemy\orm\session.py", line 3881, in _get_impl
    return db_load_fn(
           ^^^^^^^^^^^
  File "C:\Users\69588\.conda\envs\whdb3\Lib\site-packages\sqlalchemy\orm\loading.py", line 695, in load_on_pk_identity
    session.execute(
  File "C:\Users\69588\.conda\envs\whdb3\Lib\site-packages\sqlalchemy\orm\session.py", line 2373, in execute
    return self._execute_internal(
           ^^^^^^^^^^^^^^^^^^^^^^^
  File "C:\Users\69588\.conda\envs\whdb3\Lib\site-packages\sqlalchemy\orm\session.py", line 2271, in _execute_internal
    result: Result[Any] = compile_state_cls.orm_execute_statement(
                          ^^^^^^^^^^^^^^^^^^^^^^^^^^^^^^^^^^^^^^^^
  File "C:\Users\69588\.conda\envs\whdb3\Lib\site-packages\sqlalchemy\orm\context.py", line 306, in orm_execute_statement
    result = conn.execute(
             ^^^^^^^^^^^^^
  File "C:\Users\69588\.conda\envs\whdb3\Lib\site-packages\sqlalchemy\engine\base.py", line 1421, in execute
    return meth(
           ^^^^^
  File "C:\Users\69588\.conda\envs\whdb3\Lib\site-packages\sqlalchemy\sql\elements.py", line 526, in _execute_on_connection
    return connection._execute_clauseelement(
           ^^^^^^^^^^^^^^^^^^^^^^^^^^^^^^^^^^
  File "C:\Users\69588\.conda\envs\whdb3\Lib\site-packages\sqlalchemy\engine\base.py", line 1643, in _execute_clauseelement
    ret = self._execute_context(
          ^^^^^^^^^^^^^^^^^^^^^^
  File "C:\Users\69588\.conda\envs\whdb3\Lib\site-packages\sqlalchemy\engine\base.py", line 1848, in _execute_context
    return self._exec_single_context(
           ^^^^^^^^^^^^^^^^^^^^^^^^^^
  File "C:\Users\69588\.conda\envs\whdb3\Lib\site-packages\sqlalchemy\engine\base.py", line 1988, in _exec_single_context
    self._handle_dbapi_exception(
  File "C:\Users\69588\.conda\envs\whdb3\Lib\site-packages\sqlalchemy\engine\base.py", line 2365, in _handle_dbapi_exception
    raise sqlalchemy_exception.with_traceback(exc_info[2]) from e
  File "C:\Users\69588\.conda\envs\whdb3\Lib\site-packages\sqlalchemy\engine\base.py", line 1969, in _exec_single_context
    self.dialect.do_execute(
  File "C:\Users\69588\.conda\envs\whdb3\Lib\site-packages\sqlalchemy\engine\default.py", line 952, in do_execute
    cursor.execute(statement, parameters)
  File "C:\Users\69588\AppData\Roaming\Python\Python312\site-packages\pymysql\cursors.py", line 153, in execute
    result = self._query(query)
             ^^^^^^^^^^^^^^^^^^
  File "C:\Users\69588\AppData\Roaming\Python\Python312\site-packages\pymysql\cursors.py", line 322, in _query
    conn.query(q)
  File "C:\Users\69588\AppData\Roaming\Python\Python312\site-packages\pymysql\connections.py", line 563, in query
    self._affected_rows = self._read_query_result(unbuffered=unbuffered)
                          ^^^^^^^^^^^^^^^^^^^^^^^^^^^^^^^^^^^^^^^^^^^^^^
  File "C:\Users\69588\AppData\Roaming\Python\Python312\site-packages\pymysql\connections.py", line 825, in _read_query_result
    result.read()
  File "C:\Users\69588\AppData\Roaming\Python\Python312\site-packages\pymysql\connections.py", line 1199, in read
    first_packet = self.connection._read_packet()
                   ^^^^^^^^^^^^^^^^^^^^^^^^^^^^^^
  File "C:\Users\69588\AppData\Roaming\Python\Python312\site-packages\pymysql\connections.py", line 775, in _read_packet
    packet.raise_for_error()
  File "C:\Users\69588\AppData\Roaming\Python\Python312\site-packages\pymysql\protocol.py", line 219, in raise_for_error
    err.raise_mysql_exception(self._data)
  File "C:\Users\69588\AppData\Roaming\Python\Python312\site-packages\pymysql\err.py", line 150, in raise_mysql_exception
    raise errorclass(errno, errval)
sqlalchemy.exc.OperationalError: (pymysql.err.OperationalError) (1054, "Unknown column 'users.is_deleted' in 'field list'")
[SQL: SELECT users.username AS users_username, users.name AS users_name, users.email AS users_email, users.phone AS users_phone, users.avatar_url AS users_avatar_url, users.password_hash AS users_password_hash, users.gender AS users_gender, users.dept_id AS users_dept_id, users.position AS users_position, users.status AS users_status, users.is_deleted AS users_is_deleted, users.is_super_admin AS users_is_super_admin, users.must_change_password AS users_must_change_password, users.login_fail_count AS users_login_fail_count, users.last_login_at AS users_last_login_at, users.last_login_ip AS users_last_login_ip, users.id AS users_id, users.created_by AS users_created_by, users.created_at AS users_created_at, users.updated_at AS users_updated_at 
FROM users 
WHERE users.id = %(pk_1)s]
[parameters: {'pk_1': 21}]
(Background on this error at: https://sqlalche.me/e/20/e3q8)
2026-09-23 13:54:12,630 ERROR [e82744457fa1] app.main: unhandled error: (pymysql.err.OperationalError) (1054, "Unknown column 'users.is_deleted' in 'field list'")
[SQL: SELECT users.username AS users_username, users.name AS users_name, users.email AS users_email, users.phone AS users_phone, users.avatar_url AS users_avatar_url, users.password_hash AS users_password_hash, users.gender AS users_gender, users.dept_id AS users_dept_id, users.position AS users_position, users.status AS users_status, users.is_deleted AS users_is_deleted, users.is_super_admin AS users_is_super_admin, users.must_change_password AS users_must_change_password, users.login_fail_count AS users_login_fail_count, users.last_login_at AS users_last_login_at, users.last_login_ip AS users_last_login_ip, users.id AS users_id, users.created_by AS users_created_by, users.created_at AS users_created_at, users.updated_at AS users_updated_at 
FROM users 
WHERE users.id = %(pk_1)s]
[parameters: {'pk_1': 21}]
(Background on this error at: https://sqlalche.me/e/20/e3q8)
Traceback (most recent call last):
  File "C:\Users\69588\.conda\envs\whdb3\Lib\site-packages\sqlalchemy\engine\base.py", line 1969, in _exec_single_context
    self.dialect.do_execute(
  File "C:\Users\69588\.conda\envs\whdb3\Lib\site-packages\sqlalchemy\engine\default.py", line 952, in do_execute
    cursor.execute(statement, parameters)
  File "C:\Users\69588\AppData\Roaming\Python\Python312\site-packages\pymysql\cursors.py", line 153, in execute
    result = self._query(query)
             ^^^^^^^^^^^^^^^^^^
  File "C:\Users\69588\AppData\Roaming\Python\Python312\site-packages\pymysql\cursors.py", line 322, in _query
    conn.query(q)
  File "C:\Users\69588\AppData\Roaming\Python\Python312\site-packages\pymysql\connections.py", line 563, in query
    self._affected_rows = self._read_query_result(unbuffered=unbuffered)
                          ^^^^^^^^^^^^^^^^^^^^^^^^^^^^^^^^^^^^^^^^^^^^^^
  File "C:\Users\69588\AppData\Roaming\Python\Python312\site-packages\pymysql\connections.py", line 825, in _read_query_result
    result.read()
  File "C:\Users\69588\AppData\Roaming\Python\Python312\site-packages\pymysql\connections.py", line 1199, in read
    first_packet = self.connection._read_packet()
                   ^^^^^^^^^^^^^^^^^^^^^^^^^^^^^^
  File "C:\Users\69588\AppData\Roaming\Python\Python312\site-packages\pymysql\connections.py", line 775, in _read_packet
    packet.raise_for_error()
  File "C:\Users\69588\AppData\Roaming\Python\Python312\site-packages\pymysql\protocol.py", line 219, in raise_for_error
    err.raise_mysql_exception(self._data)
  File "C:\Users\69588\AppData\Roaming\Python\Python312\site-packages\pymysql\err.py", line 150, in raise_mysql_exception
    raise errorclass(errno, errval)
pymysql.err.OperationalError: (1054, "Unknown column 'users.is_deleted' in 'field list'")

The above exception was the direct cause of the following exception:

Traceback (most recent call last):
  File "C:\Users\69588\AppData\Roaming\Python\Python312\site-packages\starlette\middleware\errors.py", line 164, in __call__
    await self.app(scope, receive, _send)
  File "C:\Users\69588\AppData\Roaming\Python\Python312\site-packages\starlette\middleware\base.py", line 191, in __call__
    with recv_stream, send_stream, collapse_excgroups():
                                   ^^^^^^^^^^^^^^^^^^^^
  File "C:\Users\69588\.conda\envs\whdb3\Lib\contextlib.py", line 158, in __exit__
    self.gen.throw(value)
  File "C:\Users\69588\AppData\Roaming\Python\Python312\site-packages\starlette\_utils.py", line 87, in collapse_excgroups
    raise exc
  File "C:\Users\69588\AppData\Roaming\Python\Python312\site-packages\starlette\middleware\base.py", line 193, in __call__
    response = await self.dispatch_func(request, call_next)
               ^^^^^^^^^^^^^^^^^^^^^^^^^^^^^^^^^^^^^^^^^^^^
  File "C:\mysite\whdb3\whdb3-api\app\core\logging.py", line 53, in dispatch
    response = await call_next(request)
               ^^^^^^^^^^^^^^^^^^^^^^^^
  File "C:\Users\69588\AppData\Roaming\Python\Python312\site-packages\starlette\middleware\base.py", line 168, in call_next
    raise app_exc from app_exc.__cause__ or app_exc.__context__
  File "C:\Users\69588\AppData\Roaming\Python\Python312\site-packages\starlette\middleware\base.py", line 144, in coro
    await self.app(scope, receive_or_disconnect, send_no_error)
  File "C:\Users\69588\AppData\Roaming\Python\Python312\site-packages\starlette\middleware\exceptions.py", line 63, in __call__
    await wrap_app_handling_exceptions(self.app, conn)(scope, receive, send)
  File "C:\Users\69588\AppData\Roaming\Python\Python312\site-packages\starlette\_exception_handler.py", line 53, in wrapped_app
    raise exc
  File "C:\Users\69588\AppData\Roaming\Python\Python312\site-packages\starlette\_exception_handler.py", line 42, in wrapped_app
    await app(scope, receive, sender)
  File "C:\Users\69588\AppData\Roaming\Python\Python312\site-packages\fastapi\middleware\asyncexitstack.py", line 18, in __call__
    await self.app(scope, receive, send)
  File "C:\Users\69588\AppData\Roaming\Python\Python312\site-packages\starlette\routing.py", line 660, in __call__
    await self.middleware_stack(scope, receive, send)
  File "C:\Users\69588\AppData\Roaming\Python\Python312\site-packages\starlette\routing.py", line 680, in app
    await route.handle(scope, receive, send)
  File "C:\Users\69588\AppData\Roaming\Python\Python312\site-packages\starlette\routing.py", line 276, in handle
    await self.app(scope, receive, send)
  File "C:\Users\69588\AppData\Roaming\Python\Python312\site-packages\fastapi\routing.py", line 134, in app
    await wrap_app_handling_exceptions(app, request)(scope, receive, send)
  File "C:\Users\69588\AppData\Roaming\Python\Python312\site-packages\starlette\_exception_handler.py", line 53, in wrapped_app
    raise exc
  File "C:\Users\69588\AppData\Roaming\Python\Python312\site-packages\starlette\_exception_handler.py", line 42, in wrapped_app
    await app(scope, receive, sender)
  File "C:\Users\69588\AppData\Roaming\Python\Python312\site-packages\fastapi\routing.py", line 120, in app
    response = await f(request)
               ^^^^^^^^^^^^^^^^
  File "C:\Users\69588\AppData\Roaming\Python\Python312\site-packages\fastapi\routing.py", line 457, in app
    solved_result = await solve_dependencies(
                    ^^^^^^^^^^^^^^^^^^^^^^^^^
  File "C:\Users\69588\AppData\Roaming\Python\Python312\site-packages\fastapi\dependencies\utils.py", line 649, in solve_dependencies
    solved_result = await solve_dependencies(
                    ^^^^^^^^^^^^^^^^^^^^^^^^^
  File "C:\Users\69588\AppData\Roaming\Python\Python312\site-packages\fastapi\dependencies\utils.py", line 680, in solve_dependencies
    solved = await run_in_threadpool(call, **solved_result.values)
             ^^^^^^^^^^^^^^^^^^^^^^^^^^^^^^^^^^^^^^^^^^^^^^^^^^^^^
  File "C:\Users\69588\AppData\Roaming\Python\Python312\site-packages\starlette\concurrency.py", line 32, in run_in_threadpool
    return await anyio.to_thread.run_sync(func)
           ^^^^^^^^^^^^^^^^^^^^^^^^^^^^^^^^^^^^
  File "C:\Users\69588\AppData\Roaming\Python\Python312\site-packages\anyio\to_thread.py", line 63, in run_sync
    return await get_async_backend().run_sync_in_worker_thread(
           ^^^^^^^^^^^^^^^^^^^^^^^^^^^^^^^^^^^^^^^^^^^^^^^^^^^^
  File "C:\Users\69588\AppData\Roaming\Python\Python312\site-packages\anyio\_backends\_asyncio.py", line 2502, in run_sync_in_worker_thread
    return await future
           ^^^^^^^^^^^^
  File "C:\Users\69588\AppData\Roaming\Python\Python312\site-packages\anyio\_backends\_asyncio.py", line 986, in run
    result = context.run(func, *args)
             ^^^^^^^^^^^^^^^^^^^^^^^^
  File "C:\mysite\whdb3\whdb3-api\app\core\deps.py", line 57, in get_current_user
    return context_service.load_auth_context(db, user_id)
           ^^^^^^^^^^^^^^^^^^^^^^^^^^^^^^^^^^^^^^^^^^^^^^
  File "C:\mysite\whdb3\whdb3-api\app\user\services\context_service.py", line 85, in load_auth_context
    user = db.get(User, user_id)
           ^^^^^^^^^^^^^^^^^^^^^
  File "C:\Users\69588\.conda\envs\whdb3\Lib\site-packages\sqlalchemy\orm\session.py", line 3702, in get
    return self._get_impl(
           ^^^^^^^^^^^^^^^
  File "C:\Users\69588\.conda\envs\whdb3\Lib\site-packages\sqlalchemy\orm\session.py", line 3881, in _get_impl
    return db_load_fn(
           ^^^^^^^^^^^
  File "C:\Users\69588\.conda\envs\whdb3\Lib\site-packages\sqlalchemy\orm\loading.py", line 695, in load_on_pk_identity
    session.execute(
  File "C:\Users\69588\.conda\envs\whdb3\Lib\site-packages\sqlalchemy\orm\session.py", line 2373, in execute
    return self._execute_internal(
           ^^^^^^^^^^^^^^^^^^^^^^^
  File "C:\Users\69588\.conda\envs\whdb3\Lib\site-packages\sqlalchemy\orm\session.py", line 2271, in _execute_internal
    result: Result[Any] = compile_state_cls.orm_execute_statement(
                          ^^^^^^^^^^^^^^^^^^^^^^^^^^^^^^^^^^^^^^^^
  File "C:\Users\69588\.conda\envs\whdb3\Lib\site-packages\sqlalchemy\orm\context.py", line 306, in orm_execute_statement
    result = conn.execute(
             ^^^^^^^^^^^^^
  File "C:\Users\69588\.conda\envs\whdb3\Lib\site-packages\sqlalchemy\engine\base.py", line 1421, in execute
    return meth(
           ^^^^^
  File "C:\Users\69588\.conda\envs\whdb3\Lib\site-packages\sqlalchemy\sql\elements.py", line 526, in _execute_on_connection
    return connection._execute_clauseelement(
           ^^^^^^^^^^^^^^^^^^^^^^^^^^^^^^^^^^
  File "C:\Users\69588\.conda\envs\whdb3\Lib\site-packages\sqlalchemy\engine\base.py", line 1643, in _execute_clauseelement
    ret = self._execute_context(
          ^^^^^^^^^^^^^^^^^^^^^^
  File "C:\Users\69588\.conda\envs\whdb3\Lib\site-packages\sqlalchemy\engine\base.py", line 1848, in _execute_context
    return self._exec_single_context(
           ^^^^^^^^^^^^^^^^^^^^^^^^^^
  File "C:\Users\69588\.conda\envs\whdb3\Lib\site-packages\sqlalchemy\engine\base.py", line 1988, in _exec_single_context
    self._handle_dbapi_exception(
  File "C:\Users\69588\.conda\envs\whdb3\Lib\site-packages\sqlalchemy\engine\base.py", line 2365, in _handle_dbapi_exception
    raise sqlalchemy_exception.with_traceback(exc_info[2]) from e
  File "C:\Users\69588\.conda\envs\whdb3\Lib\site-packages\sqlalchemy\engine\base.py", line 1969, in _exec_single_context
    self.dialect.do_execute(
  File "C:\Users\69588\.conda\envs\whdb3\Lib\site-packages\sqlalchemy\engine\default.py", line 952, in do_execute
    cursor.execute(statement, parameters)
  File "C:\Users\69588\AppData\Roaming\Python\Python312\site-packages\pymysql\cursors.py", line 153, in execute
    result = self._query(query)
             ^^^^^^^^^^^^^^^^^^
  File "C:\Users\69588\AppData\Roaming\Python\Python312\site-packages\pymysql\cursors.py", line 322, in _query
    conn.query(q)
  File "C:\Users\69588\AppData\Roaming\Python\Python312\site-packages\pymysql\connections.py", line 563, in query
    self._affected_rows = self._read_query_result(unbuffered=unbuffered)
                          ^^^^^^^^^^^^^^^^^^^^^^^^^^^^^^^^^^^^^^^^^^^^^^
  File "C:\Users\69588\AppData\Roaming\Python\Python312\site-packages\pymysql\connections.py", line 825, in _read_query_result
    result.read()
  File "C:\Users\69588\AppData\Roaming\Python\Python312\site-packages\pymysql\connections.py", line 1199, in read
    first_packet = self.connection._read_packet()
                   ^^^^^^^^^^^^^^^^^^^^^^^^^^^^^^
  File "C:\Users\69588\AppData\Roaming\Python\Python312\site-packages\pymysql\connections.py", line 775, in _read_packet
    packet.raise_for_error()
  File "C:\Users\69588\AppData\Roaming\Python\Python312\site-packages\pymysql\protocol.py", line 219, in raise_for_error
    err.raise_mysql_exception(self._data)
  File "C:\Users\69588\AppData\Roaming\Python\Python312\site-packages\pymysql\err.py", line 150, in raise_mysql_exception
    raise errorclass(errno, errval)
sqlalchemy.exc.OperationalError: (pymysql.err.OperationalError) (1054, "Unknown column 'users.is_deleted' in 'field list'")
[SQL: SELECT users.username AS users_username, users.name AS users_name, users.email AS users_email, users.phone AS users_phone, users.avatar_url AS users_avatar_url, users.password_hash AS users_password_hash, users.gender AS users_gender, users.dept_id AS users_dept_id, users.position AS users_position, users.status AS users_status, users.is_deleted AS users_is_deleted, users.is_super_admin AS users_is_super_admin, users.must_change_password AS users_must_change_password, users.login_fail_count AS users_login_fail_count, users.last_login_at AS users_last_login_at, users.last_login_ip AS users_last_login_ip, users.id AS users_id, users.created_by AS users_created_by, users.created_at AS users_created_at, users.updated_at AS users_updated_at 
FROM users 
WHERE users.id = %(pk_1)s]
[parameters: {'pk_1': 21}]
(Background on this error at: https://sqlalche.me/e/20/e3q8)
2026-09-23 13:54:46,749 ERROR [e1252456bc7b] app.main: unhandled error: (pymysql.err.OperationalError) (1054, "Unknown column 'users.is_deleted' in 'field list'")
[SQL: SELECT users.username AS users_username, users.name AS users_name, users.email AS users_email, users.phone AS users_phone, users.avatar_url AS users_avatar_url, users.password_hash AS users_password_hash, users.gender AS users_gender, users.dept_id AS users_dept_id, users.position AS users_position, users.status AS users_status, users.is_deleted AS users_is_deleted, users.is_super_admin AS users_is_super_admin, users.must_change_password AS users_must_change_password, users.login_fail_count AS users_login_fail_count, users.last_login_at AS users_last_login_at, users.last_login_ip AS users_last_login_ip, users.id AS users_id, users.created_by AS users_created_by, users.created_at AS users_created_at, users.updated_at AS users_updated_at 
FROM users 
WHERE users.id = %(pk_1)s]
[parameters: {'pk_1': 21}]
(Background on this error at: https://sqlalche.me/e/20/e3q8)
Traceback (most recent call last):
  File "C:\Users\69588\.conda\envs\whdb3\Lib\site-packages\sqlalchemy\engine\base.py", line 1969, in _exec_single_context
    self.dialect.do_execute(
  File "C:\Users\69588\.conda\envs\whdb3\Lib\site-packages\sqlalchemy\engine\default.py", line 952, in do_execute
    cursor.execute(statement, parameters)
  File "C:\Users\69588\AppData\Roaming\Python\Python312\site-packages\pymysql\cursors.py", line 153, in execute
    result = self._query(query)
             ^^^^^^^^^^^^^^^^^^
  File "C:\Users\69588\AppData\Roaming\Python\Python312\site-packages\pymysql\cursors.py", line 322, in _query
    conn.query(q)
  File "C:\Users\69588\AppData\Roaming\Python\Python312\site-packages\pymysql\connections.py", line 563, in query
    self._affected_rows = self._read_query_result(unbuffered=unbuffered)
                          ^^^^^^^^^^^^^^^^^^^^^^^^^^^^^^^^^^^^^^^^^^^^^^
  File "C:\Users\69588\AppData\Roaming\Python\Python312\site-packages\pymysql\connections.py", line 825, in _read_query_result
    result.read()
  File "C:\Users\69588\AppData\Roaming\Python\Python312\site-packages\pymysql\connections.py", line 1199, in read
    first_packet = self.connection._read_packet()
                   ^^^^^^^^^^^^^^^^^^^^^^^^^^^^^^
  File "C:\Users\69588\AppData\Roaming\Python\Python312\site-packages\pymysql\connections.py", line 775, in _read_packet
    packet.raise_for_error()
  File "C:\Users\69588\AppData\Roaming\Python\Python312\site-packages\pymysql\protocol.py", line 219, in raise_for_error
    err.raise_mysql_exception(self._data)
  File "C:\Users\69588\AppData\Roaming\Python\Python312\site-packages\pymysql\err.py", line 150, in raise_mysql_exception
    raise errorclass(errno, errval)
pymysql.err.OperationalError: (1054, "Unknown column 'users.is_deleted' in 'field list'")

The above exception was the direct cause of the following exception:

Traceback (most recent call last):
  File "C:\Users\69588\AppData\Roaming\Python\Python312\site-packages\starlette\middleware\errors.py", line 164, in __call__
    await self.app(scope, receive, _send)
  File "C:\Users\69588\AppData\Roaming\Python\Python312\site-packages\starlette\middleware\base.py", line 191, in __call__
    with recv_stream, send_stream, collapse_excgroups():
                                   ^^^^^^^^^^^^^^^^^^^^
  File "C:\Users\69588\.conda\envs\whdb3\Lib\contextlib.py", line 158, in __exit__
    self.gen.throw(value)
  File "C:\Users\69588\AppData\Roaming\Python\Python312\site-packages\starlette\_utils.py", line 87, in collapse_excgroups
    raise exc
  File "C:\Users\69588\AppData\Roaming\Python\Python312\site-packages\starlette\middleware\base.py", line 193, in __call__
    response = await self.dispatch_func(request, call_next)
               ^^^^^^^^^^^^^^^^^^^^^^^^^^^^^^^^^^^^^^^^^^^^
  File "C:\mysite\whdb3\whdb3-api\app\core\logging.py", line 53, in dispatch
    response = await call_next(request)
               ^^^^^^^^^^^^^^^^^^^^^^^^
  File "C:\Users\69588\AppData\Roaming\Python\Python312\site-packages\starlette\middleware\base.py", line 168, in call_next
    raise app_exc from app_exc.__cause__ or app_exc.__context__
  File "C:\Users\69588\AppData\Roaming\Python\Python312\site-packages\starlette\middleware\base.py", line 144, in coro
    await self.app(scope, receive_or_disconnect, send_no_error)
  File "C:\Users\69588\AppData\Roaming\Python\Python312\site-packages\starlette\middleware\exceptions.py", line 63, in __call__
    await wrap_app_handling_exceptions(self.app, conn)(scope, receive, send)
  File "C:\Users\69588\AppData\Roaming\Python\Python312\site-packages\starlette\_exception_handler.py", line 53, in wrapped_app
    raise exc
  File "C:\Users\69588\AppData\Roaming\Python\Python312\site-packages\starlette\_exception_handler.py", line 42, in wrapped_app
    await app(scope, receive, sender)
  File "C:\Users\69588\AppData\Roaming\Python\Python312\site-packages\fastapi\middleware\asyncexitstack.py", line 18, in __call__
    await self.app(scope, receive, send)
  File "C:\Users\69588\AppData\Roaming\Python\Python312\site-packages\starlette\routing.py", line 660, in __call__
    await self.middleware_stack(scope, receive, send)
  File "C:\Users\69588\AppData\Roaming\Python\Python312\site-packages\starlette\routing.py", line 680, in app
    await route.handle(scope, receive, send)
  File "C:\Users\69588\AppData\Roaming\Python\Python312\site-packages\starlette\routing.py", line 276, in handle
    await self.app(scope, receive, send)
  File "C:\Users\69588\AppData\Roaming\Python\Python312\site-packages\fastapi\routing.py", line 134, in app
    await wrap_app_handling_exceptions(app, request)(scope, receive, send)
  File "C:\Users\69588\AppData\Roaming\Python\Python312\site-packages\starlette\_exception_handler.py", line 53, in wrapped_app
    raise exc
  File "C:\Users\69588\AppData\Roaming\Python\Python312\site-packages\starlette\_exception_handler.py", line 42, in wrapped_app
    await app(scope, receive, sender)
  File "C:\Users\69588\AppData\Roaming\Python\Python312\site-packages\fastapi\routing.py", line 120, in app
    response = await f(request)
               ^^^^^^^^^^^^^^^^
  File "C:\Users\69588\AppData\Roaming\Python\Python312\site-packages\fastapi\routing.py", line 457, in app
    solved_result = await solve_dependencies(
                    ^^^^^^^^^^^^^^^^^^^^^^^^^
  File "C:\Users\69588\AppData\Roaming\Python\Python312\site-packages\fastapi\dependencies\utils.py", line 649, in solve_dependencies
    solved_result = await solve_dependencies(
                    ^^^^^^^^^^^^^^^^^^^^^^^^^
  File "C:\Users\69588\AppData\Roaming\Python\Python312\site-packages\fastapi\dependencies\utils.py", line 680, in solve_dependencies
    solved = await run_in_threadpool(call, **solved_result.values)
             ^^^^^^^^^^^^^^^^^^^^^^^^^^^^^^^^^^^^^^^^^^^^^^^^^^^^^
  File "C:\Users\69588\AppData\Roaming\Python\Python312\site-packages\starlette\concurrency.py", line 32, in run_in_threadpool
    return await anyio.to_thread.run_sync(func)
           ^^^^^^^^^^^^^^^^^^^^^^^^^^^^^^^^^^^^
  File "C:\Users\69588\AppData\Roaming\Python\Python312\site-packages\anyio\to_thread.py", line 63, in run_sync
    return await get_async_backend().run_sync_in_worker_thread(
           ^^^^^^^^^^^^^^^^^^^^^^^^^^^^^^^^^^^^^^^^^^^^^^^^^^^^
  File "C:\Users\69588\AppData\Roaming\Python\Python312\site-packages\anyio\_backends\_asyncio.py", line 2502, in run_sync_in_worker_thread
    return await future
           ^^^^^^^^^^^^
  File "C:\Users\69588\AppData\Roaming\Python\Python312\site-packages\anyio\_backends\_asyncio.py", line 986, in run
    result = context.run(func, *args)
             ^^^^^^^^^^^^^^^^^^^^^^^^
  File "C:\mysite\whdb3\whdb3-api\app\core\deps.py", line 57, in get_current_user
    return context_service.load_auth_context(db, user_id)
           ^^^^^^^^^^^^^^^^^^^^^^^^^^^^^^^^^^^^^^^^^^^^^^
  File "C:\mysite\whdb3\whdb3-api\app\user\services\context_service.py", line 85, in load_auth_context
    user = db.get(User, user_id)
           ^^^^^^^^^^^^^^^^^^^^^
  File "C:\Users\69588\.conda\envs\whdb3\Lib\site-packages\sqlalchemy\orm\session.py", line 3702, in get
    return self._get_impl(
           ^^^^^^^^^^^^^^^
  File "C:\Users\69588\.conda\envs\whdb3\Lib\site-packages\sqlalchemy\orm\session.py", line 3881, in _get_impl
    return db_load_fn(
           ^^^^^^^^^^^
  File "C:\Users\69588\.conda\envs\whdb3\Lib\site-packages\sqlalchemy\orm\loading.py", line 695, in load_on_pk_identity
    session.execute(
  File "C:\Users\69588\.conda\envs\whdb3\Lib\site-packages\sqlalchemy\orm\session.py", line 2373, in execute
    return self._execute_internal(
           ^^^^^^^^^^^^^^^^^^^^^^^
  File "C:\Users\69588\.conda\envs\whdb3\Lib\site-packages\sqlalchemy\orm\session.py", line 2271, in _execute_internal
    result: Result[Any] = compile_state_cls.orm_execute_statement(
                          ^^^^^^^^^^^^^^^^^^^^^^^^^^^^^^^^^^^^^^^^
  File "C:\Users\69588\.conda\envs\whdb3\Lib\site-packages\sqlalchemy\orm\context.py", line 306, in orm_execute_statement
    result = conn.execute(
             ^^^^^^^^^^^^^
  File "C:\Users\69588\.conda\envs\whdb3\Lib\site-packages\sqlalchemy\engine\base.py", line 1421, in execute
    return meth(
           ^^^^^
  File "C:\Users\69588\.conda\envs\whdb3\Lib\site-packages\sqlalchemy\sql\elements.py", line 526, in _execute_on_connection
    return connection._execute_clauseelement(
           ^^^^^^^^^^^^^^^^^^^^^^^^^^^^^^^^^^
  File "C:\Users\69588\.conda\envs\whdb3\Lib\site-packages\sqlalchemy\engine\base.py", line 1643, in _execute_clauseelement
    ret = self._execute_context(
          ^^^^^^^^^^^^^^^^^^^^^^
  File "C:\Users\69588\.conda\envs\whdb3\Lib\site-packages\sqlalchemy\engine\base.py", line 1848, in _execute_context
    return self._exec_single_context(
           ^^^^^^^^^^^^^^^^^^^^^^^^^^
  File "C:\Users\69588\.conda\envs\whdb3\Lib\site-packages\sqlalchemy\engine\base.py", line 1988, in _exec_single_context
    self._handle_dbapi_exception(
  File "C:\Users\69588\.conda\envs\whdb3\Lib\site-packages\sqlalchemy\engine\base.py", line 2365, in _handle_dbapi_exception
    raise sqlalchemy_exception.with_traceback(exc_info[2]) from e
  File "C:\Users\69588\.conda\envs\whdb3\Lib\site-packages\sqlalchemy\engine\base.py", line 1969, in _exec_single_context
    self.dialect.do_execute(
  File "C:\Users\69588\.conda\envs\whdb3\Lib\site-packages\sqlalchemy\engine\default.py", line 952, in do_execute
    cursor.execute(statement, parameters)
  File "C:\Users\69588\AppData\Roaming\Python\Python312\site-packages\pymysql\cursors.py", line 153, in execute
    result = self._query(query)
             ^^^^^^^^^^^^^^^^^^
  File "C:\Users\69588\AppData\Roaming\Python\Python312\site-packages\pymysql\cursors.py", line 322, in _query
    conn.query(q)
  File "C:\Users\69588\AppData\Roaming\Python\Python312\site-packages\pymysql\connections.py", line 563, in query
    self._affected_rows = self._read_query_result(unbuffered=unbuffered)
                          ^^^^^^^^^^^^^^^^^^^^^^^^^^^^^^^^^^^^^^^^^^^^^^
  File "C:\Users\69588\AppData\Roaming\Python\Python312\site-packages\pymysql\connections.py", line 825, in _read_query_result
    result.read()
  File "C:\Users\69588\AppData\Roaming\Python\Python312\site-packages\pymysql\connections.py", line 1199, in read
    first_packet = self.connection._read_packet()
                   ^^^^^^^^^^^^^^^^^^^^^^^^^^^^^^
  File "C:\Users\69588\AppData\Roaming\Python\Python312\site-packages\pymysql\connections.py", line 775, in _read_packet
    packet.raise_for_error()
  File "C:\Users\69588\AppData\Roaming\Python\Python312\site-packages\pymysql\protocol.py", line 219, in raise_for_error
    err.raise_mysql_exception(self._data)
  File "C:\Users\69588\AppData\Roaming\Python\Python312\site-packages\pymysql\err.py", line 150, in raise_mysql_exception
    raise errorclass(errno, errval)
sqlalchemy.exc.OperationalError: (pymysql.err.OperationalError) (1054, "Unknown column 'users.is_deleted' in 'field list'")
[SQL: SELECT users.username AS users_username, users.name AS users_name, users.email AS users_email, users.phone AS users_phone, users.avatar_url AS users_avatar_url, users.password_hash AS users_password_hash, users.gender AS users_gender, users.dept_id AS users_dept_id, users.position AS users_position, users.status AS users_status, users.is_deleted AS users_is_deleted, users.is_super_admin AS users_is_super_admin, users.must_change_password AS users_must_change_password, users.login_fail_count AS users_login_fail_count, users.last_login_at AS users_last_login_at, users.last_login_ip AS users_last_login_ip, users.id AS users_id, users.created_by AS users_created_by, users.created_at AS users_created_at, users.updated_at AS users_updated_at 
FROM users 
WHERE users.id = %(pk_1)s]
[parameters: {'pk_1': 21}]
(Background on this error at: https://sqlalche.me/e/20/e3q8)
2026-09-23 13:55:33,980 ERROR [07d992c736ba] app.main: unhandled error: (pymysql.err.OperationalError) (1054, "Unknown column 'users.is_deleted' in 'field list'")
[SQL: SELECT users.username AS users_username, users.name AS users_name, users.email AS users_email, users.phone AS users_phone, users.avatar_url AS users_avatar_url, users.password_hash AS users_password_hash, users.gender AS users_gender, users.dept_id AS users_dept_id, users.position AS users_position, users.status AS users_status, users.is_deleted AS users_is_deleted, users.is_super_admin AS users_is_super_admin, users.must_change_password AS users_must_change_password, users.login_fail_count AS users_login_fail_count, users.last_login_at AS users_last_login_at, users.last_login_ip AS users_last_login_ip, users.id AS users_id, users.created_by AS users_created_by, users.created_at AS users_created_at, users.updated_at AS users_updated_at 
FROM users 
WHERE users.id = %(pk_1)s]
[parameters: {'pk_1': 8}]
(Background on this error at: https://sqlalche.me/e/20/e3q8)
Traceback (most recent call last):
  File "C:\Users\69588\.conda\envs\whdb3\Lib\site-packages\sqlalchemy\engine\base.py", line 1969, in _exec_single_context
    self.dialect.do_execute(
  File "C:\Users\69588\.conda\envs\whdb3\Lib\site-packages\sqlalchemy\engine\default.py", line 952, in do_execute
    cursor.execute(statement, parameters)
  File "C:\Users\69588\AppData\Roaming\Python\Python312\site-packages\pymysql\cursors.py", line 153, in execute
    result = self._query(query)
             ^^^^^^^^^^^^^^^^^^
  File "C:\Users\69588\AppData\Roaming\Python\Python312\site-packages\pymysql\cursors.py", line 322, in _query
    conn.query(q)
  File "C:\Users\69588\AppData\Roaming\Python\Python312\site-packages\pymysql\connections.py", line 563, in query
    self._affected_rows = self._read_query_result(unbuffered=unbuffered)
                          ^^^^^^^^^^^^^^^^^^^^^^^^^^^^^^^^^^^^^^^^^^^^^^
  File "C:\Users\69588\AppData\Roaming\Python\Python312\site-packages\pymysql\connections.py", line 825, in _read_query_result
    result.read()
  File "C:\Users\69588\AppData\Roaming\Python\Python312\site-packages\pymysql\connections.py", line 1199, in read
    first_packet = self.connection._read_packet()
                   ^^^^^^^^^^^^^^^^^^^^^^^^^^^^^^
  File "C:\Users\69588\AppData\Roaming\Python\Python312\site-packages\pymysql\connections.py", line 775, in _read_packet
    packet.raise_for_error()
  File "C:\Users\69588\AppData\Roaming\Python\Python312\site-packages\pymysql\protocol.py", line 219, in raise_for_error
    err.raise_mysql_exception(self._data)
  File "C:\Users\69588\AppData\Roaming\Python\Python312\site-packages\pymysql\err.py", line 150, in raise_mysql_exception
    raise errorclass(errno, errval)
pymysql.err.OperationalError: (1054, "Unknown column 'users.is_deleted' in 'field list'")

The above exception was the direct cause of the following exception:

Traceback (most recent call last):
  File "C:\Users\69588\AppData\Roaming\Python\Python312\site-packages\starlette\middleware\errors.py", line 164, in __call__
    await self.app(scope, receive, _send)
  File "C:\Users\69588\AppData\Roaming\Python\Python312\site-packages\starlette\middleware\base.py", line 191, in __call__
    with recv_stream, send_stream, collapse_excgroups():
                                   ^^^^^^^^^^^^^^^^^^^^
  File "C:\Users\69588\.conda\envs\whdb3\Lib\contextlib.py", line 158, in __exit__
    self.gen.throw(value)
  File "C:\Users\69588\AppData\Roaming\Python\Python312\site-packages\starlette\_utils.py", line 87, in collapse_excgroups
    raise exc
  File "C:\Users\69588\AppData\Roaming\Python\Python312\site-packages\starlette\middleware\base.py", line 193, in __call__
    response = await self.dispatch_func(request, call_next)
               ^^^^^^^^^^^^^^^^^^^^^^^^^^^^^^^^^^^^^^^^^^^^
  File "C:\mysite\whdb3\whdb3-api\app\core\logging.py", line 53, in dispatch
    response = await call_next(request)
               ^^^^^^^^^^^^^^^^^^^^^^^^
  File "C:\Users\69588\AppData\Roaming\Python\Python312\site-packages\starlette\middleware\base.py", line 168, in call_next
    raise app_exc from app_exc.__cause__ or app_exc.__context__
  File "C:\Users\69588\AppData\Roaming\Python\Python312\site-packages\starlette\middleware\base.py", line 144, in coro
    await self.app(scope, receive_or_disconnect, send_no_error)
  File "C:\Users\69588\AppData\Roaming\Python\Python312\site-packages\starlette\middleware\exceptions.py", line 63, in __call__
    await wrap_app_handling_exceptions(self.app, conn)(scope, receive, send)
  File "C:\Users\69588\AppData\Roaming\Python\Python312\site-packages\starlette\_exception_handler.py", line 53, in wrapped_app
    raise exc
  File "C:\Users\69588\AppData\Roaming\Python\Python312\site-packages\starlette\_exception_handler.py", line 42, in wrapped_app
    await app(scope, receive, sender)
  File "C:\Users\69588\AppData\Roaming\Python\Python312\site-packages\fastapi\middleware\asyncexitstack.py", line 18, in __call__
    await self.app(scope, receive, send)
  File "C:\Users\69588\AppData\Roaming\Python\Python312\site-packages\starlette\routing.py", line 660, in __call__
    await self.middleware_stack(scope, receive, send)
  File "C:\Users\69588\AppData\Roaming\Python\Python312\site-packages\starlette\routing.py", line 680, in app
    await route.handle(scope, receive, send)
  File "C:\Users\69588\AppData\Roaming\Python\Python312\site-packages\starlette\routing.py", line 276, in handle
    await self.app(scope, receive, send)
  File "C:\Users\69588\AppData\Roaming\Python\Python312\site-packages\fastapi\routing.py", line 134, in app
    await wrap_app_handling_exceptions(app, request)(scope, receive, send)
  File "C:\Users\69588\AppData\Roaming\Python\Python312\site-packages\starlette\_exception_handler.py", line 53, in wrapped_app
    raise exc
  File "C:\Users\69588\AppData\Roaming\Python\Python312\site-packages\starlette\_exception_handler.py", line 42, in wrapped_app
    await app(scope, receive, sender)
  File "C:\Users\69588\AppData\Roaming\Python\Python312\site-packages\fastapi\routing.py", line 120, in app
    response = await f(request)
               ^^^^^^^^^^^^^^^^
  File "C:\Users\69588\AppData\Roaming\Python\Python312\site-packages\fastapi\routing.py", line 457, in app
    solved_result = await solve_dependencies(
                    ^^^^^^^^^^^^^^^^^^^^^^^^^
  File "C:\Users\69588\AppData\Roaming\Python\Python312\site-packages\fastapi\dependencies\utils.py", line 649, in solve_dependencies
    solved_result = await solve_dependencies(
                    ^^^^^^^^^^^^^^^^^^^^^^^^^
  File "C:\Users\69588\AppData\Roaming\Python\Python312\site-packages\fastapi\dependencies\utils.py", line 680, in solve_dependencies
    solved = await run_in_threadpool(call, **solved_result.values)
             ^^^^^^^^^^^^^^^^^^^^^^^^^^^^^^^^^^^^^^^^^^^^^^^^^^^^^
  File "C:\Users\69588\AppData\Roaming\Python\Python312\site-packages\starlette\concurrency.py", line 32, in run_in_threadpool
    return await anyio.to_thread.run_sync(func)
           ^^^^^^^^^^^^^^^^^^^^^^^^^^^^^^^^^^^^
  File "C:\Users\69588\AppData\Roaming\Python\Python312\site-packages\anyio\to_thread.py", line 63, in run_sync
    return await get_async_backend().run_sync_in_worker_thread(
           ^^^^^^^^^^^^^^^^^^^^^^^^^^^^^^^^^^^^^^^^^^^^^^^^^^^^
  File "C:\Users\69588\AppData\Roaming\Python\Python312\site-packages\anyio\_backends\_asyncio.py", line 2502, in run_sync_in_worker_thread
    return await future
           ^^^^^^^^^^^^
  File "C:\Users\69588\AppData\Roaming\Python\Python312\site-packages\anyio\_backends\_asyncio.py", line 986, in run
    result = context.run(func, *args)
             ^^^^^^^^^^^^^^^^^^^^^^^^
  File "C:\mysite\whdb3\whdb3-api\app\core\deps.py", line 57, in get_current_user
    return context_service.load_auth_context(db, user_id)
           ^^^^^^^^^^^^^^^^^^^^^^^^^^^^^^^^^^^^^^^^^^^^^^
  File "C:\mysite\whdb3\whdb3-api\app\user\services\context_service.py", line 85, in load_auth_context
    user = db.get(User, user_id)
           ^^^^^^^^^^^^^^^^^^^^^
  File "C:\Users\69588\.conda\envs\whdb3\Lib\site-packages\sqlalchemy\orm\session.py", line 3702, in get
    return self._get_impl(
           ^^^^^^^^^^^^^^^
  File "C:\Users\69588\.conda\envs\whdb3\Lib\site-packages\sqlalchemy\orm\session.py", line 3881, in _get_impl
    return db_load_fn(
           ^^^^^^^^^^^
  File "C:\Users\69588\.conda\envs\whdb3\Lib\site-packages\sqlalchemy\orm\loading.py", line 695, in load_on_pk_identity
    session.execute(
  File "C:\Users\69588\.conda\envs\whdb3\Lib\site-packages\sqlalchemy\orm\session.py", line 2373, in execute
    return self._execute_internal(
           ^^^^^^^^^^^^^^^^^^^^^^^
  File "C:\Users\69588\.conda\envs\whdb3\Lib\site-packages\sqlalchemy\orm\session.py", line 2271, in _execute_internal
    result: Result[Any] = compile_state_cls.orm_execute_statement(
                          ^^^^^^^^^^^^^^^^^^^^^^^^^^^^^^^^^^^^^^^^
  File "C:\Users\69588\.conda\envs\whdb3\Lib\site-packages\sqlalchemy\orm\context.py", line 306, in orm_execute_statement
    result = conn.execute(
             ^^^^^^^^^^^^^
  File "C:\Users\69588\.conda\envs\whdb3\Lib\site-packages\sqlalchemy\engine\base.py", line 1421, in execute
    return meth(
           ^^^^^
  File "C:\Users\69588\.conda\envs\whdb3\Lib\site-packages\sqlalchemy\sql\elements.py", line 526, in _execute_on_connection
    return connection._execute_clauseelement(
           ^^^^^^^^^^^^^^^^^^^^^^^^^^^^^^^^^^
  File "C:\Users\69588\.conda\envs\whdb3\Lib\site-packages\sqlalchemy\engine\base.py", line 1643, in _execute_clauseelement
    ret = self._execute_context(
          ^^^^^^^^^^^^^^^^^^^^^^
  File "C:\Users\69588\.conda\envs\whdb3\Lib\site-packages\sqlalchemy\engine\base.py", line 1848, in _execute_context
    return self._exec_single_context(
           ^^^^^^^^^^^^^^^^^^^^^^^^^^
  File "C:\Users\69588\.conda\envs\whdb3\Lib\site-packages\sqlalchemy\engine\base.py", line 1988, in _exec_single_context
    self._handle_dbapi_exception(
  File "C:\Users\69588\.conda\envs\whdb3\Lib\site-packages\sqlalchemy\engine\base.py", line 2365, in _handle_dbapi_exception
    raise sqlalchemy_exception.with_traceback(exc_info[2]) from e
  File "C:\Users\69588\.conda\envs\whdb3\Lib\site-packages\sqlalchemy\engine\base.py", line 1969, in _exec_single_context
    self.dialect.do_execute(
  File "C:\Users\69588\.conda\envs\whdb3\Lib\site-packages\sqlalchemy\engine\default.py", line 952, in do_execute
    cursor.execute(statement, parameters)
  File "C:\Users\69588\AppData\Roaming\Python\Python312\site-packages\pymysql\cursors.py", line 153, in execute
    result = self._query(query)
             ^^^^^^^^^^^^^^^^^^
  File "C:\Users\69588\AppData\Roaming\Python\Python312\site-packages\pymysql\cursors.py", line 322, in _query
    conn.query(q)
  File "C:\Users\69588\AppData\Roaming\Python\Python312\site-packages\pymysql\connections.py", line 563, in query
    self._affected_rows = self._read_query_result(unbuffered=unbuffered)
                          ^^^^^^^^^^^^^^^^^^^^^^^^^^^^^^^^^^^^^^^^^^^^^^
  File "C:\Users\69588\AppData\Roaming\Python\Python312\site-packages\pymysql\connections.py", line 825, in _read_query_result
    result.read()
  File "C:\Users\69588\AppData\Roaming\Python\Python312\site-packages\pymysql\connections.py", line 1199, in read
    first_packet = self.connection._read_packet()
                   ^^^^^^^^^^^^^^^^^^^^^^^^^^^^^^
  File "C:\Users\69588\AppData\Roaming\Python\Python312\site-packages\pymysql\connections.py", line 775, in _read_packet
    packet.raise_for_error()
  File "C:\Users\69588\AppData\Roaming\Python\Python312\site-packages\pymysql\protocol.py", line 219, in raise_for_error
    err.raise_mysql_exception(self._data)
  File "C:\Users\69588\AppData\Roaming\Python\Python312\site-packages\pymysql\err.py", line 150, in raise_mysql_exception
    raise errorclass(errno, errval)
sqlalchemy.exc.OperationalError: (pymysql.err.OperationalError) (1054, "Unknown column 'users.is_deleted' in 'field list'")
[SQL: SELECT users.username AS users_username, users.name AS users_name, users.email AS users_email, users.phone AS users_phone, users.avatar_url AS users_avatar_url, users.password_hash AS users_password_hash, users.gender AS users_gender, users.dept_id AS users_dept_id, users.position AS users_position, users.status AS users_status, users.is_deleted AS users_is_deleted, users.is_super_admin AS users_is_super_admin, users.must_change_password AS users_must_change_password, users.login_fail_count AS users_login_fail_count, users.last_login_at AS users_last_login_at, users.last_login_ip AS users_last_login_ip, users.id AS users_id, users.created_by AS users_created_by, users.created_at AS users_created_at, users.updated_at AS users_updated_at 
FROM users 
WHERE users.id = %(pk_1)s]
[parameters: {'pk_1': 8}]
(Background on this error at: https://sqlalche.me/e/20/e3q8)
2026-09-23 13:56:48,688 ERROR [566e5b67da66] app.main: unhandled error: (pymysql.err.OperationalError) (1054, "Unknown column 'users.is_deleted' in 'field list'")
[SQL: SELECT users.username AS users_username, users.name AS users_name, users.email AS users_email, users.phone AS users_phone, users.avatar_url AS users_avatar_url, users.password_hash AS users_password_hash, users.gender AS users_gender, users.dept_id AS users_dept_id, users.position AS users_position, users.status AS users_status, users.is_deleted AS users_is_deleted, users.is_super_admin AS users_is_super_admin, users.must_change_password AS users_must_change_password, users.login_fail_count AS users_login_fail_count, users.last_login_at AS users_last_login_at, users.last_login_ip AS users_last_login_ip, users.id AS users_id, users.created_by AS users_created_by, users.created_at AS users_created_at, users.updated_at AS users_updated_at 
FROM users 
WHERE users.id = %(pk_1)s]
[parameters: {'pk_1': 8}]
(Background on this error at: https://sqlalche.me/e/20/e3q8)
Traceback (most recent call last):
  File "C:\Users\69588\.conda\envs\whdb3\Lib\site-packages\sqlalchemy\engine\base.py", line 1969, in _exec_single_context
    self.dialect.do_execute(
  File "C:\Users\69588\.conda\envs\whdb3\Lib\site-packages\sqlalchemy\engine\default.py", line 952, in do_execute
    cursor.execute(statement, parameters)
  File "C:\Users\69588\AppData\Roaming\Python\Python312\site-packages\pymysql\cursors.py", line 153, in execute
    result = self._query(query)
             ^^^^^^^^^^^^^^^^^^
  File "C:\Users\69588\AppData\Roaming\Python\Python312\site-packages\pymysql\cursors.py", line 322, in _query
    conn.query(q)
  File "C:\Users\69588\AppData\Roaming\Python\Python312\site-packages\pymysql\connections.py", line 563, in query
    self._affected_rows = self._read_query_result(unbuffered=unbuffered)
                          ^^^^^^^^^^^^^^^^^^^^^^^^^^^^^^^^^^^^^^^^^^^^^^
  File "C:\Users\69588\AppData\Roaming\Python\Python312\site-packages\pymysql\connections.py", line 825, in _read_query_result
    result.read()
  File "C:\Users\69588\AppData\Roaming\Python\Python312\site-packages\pymysql\connections.py", line 1199, in read
    first_packet = self.connection._read_packet()
                   ^^^^^^^^^^^^^^^^^^^^^^^^^^^^^^
  File "C:\Users\69588\AppData\Roaming\Python\Python312\site-packages\pymysql\connections.py", line 775, in _read_packet
    packet.raise_for_error()
  File "C:\Users\69588\AppData\Roaming\Python\Python312\site-packages\pymysql\protocol.py", line 219, in raise_for_error
    err.raise_mysql_exception(self._data)
  File "C:\Users\69588\AppData\Roaming\Python\Python312\site-packages\pymysql\err.py", line 150, in raise_mysql_exception
    raise errorclass(errno, errval)
pymysql.err.OperationalError: (1054, "Unknown column 'users.is_deleted' in 'field list'")

The above exception was the direct cause of the following exception:

Traceback (most recent call last):
  File "C:\Users\69588\AppData\Roaming\Python\Python312\site-packages\starlette\middleware\errors.py", line 164, in __call__
    await self.app(scope, receive, _send)
  File "C:\Users\69588\AppData\Roaming\Python\Python312\site-packages\starlette\middleware\base.py", line 191, in __call__
    with recv_stream, send_stream, collapse_excgroups():
                                   ^^^^^^^^^^^^^^^^^^^^
  File "C:\Users\69588\.conda\envs\whdb3\Lib\contextlib.py", line 158, in __exit__
    self.gen.throw(value)
  File "C:\Users\69588\AppData\Roaming\Python\Python312\site-packages\starlette\_utils.py", line 87, in collapse_excgroups
    raise exc
  File "C:\Users\69588\AppData\Roaming\Python\Python312\site-packages\starlette\middleware\base.py", line 193, in __call__
    response = await self.dispatch_func(request, call_next)
               ^^^^^^^^^^^^^^^^^^^^^^^^^^^^^^^^^^^^^^^^^^^^
  File "C:\mysite\whdb3\whdb3-api\app\core\logging.py", line 53, in dispatch
    response = await call_next(request)
               ^^^^^^^^^^^^^^^^^^^^^^^^
  File "C:\Users\69588\AppData\Roaming\Python\Python312\site-packages\starlette\middleware\base.py", line 168, in call_next
    raise app_exc from app_exc.__cause__ or app_exc.__context__
  File "C:\Users\69588\AppData\Roaming\Python\Python312\site-packages\starlette\middleware\base.py", line 144, in coro
    await self.app(scope, receive_or_disconnect, send_no_error)
  File "C:\Users\69588\AppData\Roaming\Python\Python312\site-packages\starlette\middleware\exceptions.py", line 63, in __call__
    await wrap_app_handling_exceptions(self.app, conn)(scope, receive, send)
  File "C:\Users\69588\AppData\Roaming\Python\Python312\site-packages\starlette\_exception_handler.py", line 53, in wrapped_app
    raise exc
  File "C:\Users\69588\AppData\Roaming\Python\Python312\site-packages\starlette\_exception_handler.py", line 42, in wrapped_app
    await app(scope, receive, sender)
  File "C:\Users\69588\AppData\Roaming\Python\Python312\site-packages\fastapi\middleware\asyncexitstack.py", line 18, in __call__
    await self.app(scope, receive, send)
  File "C:\Users\69588\AppData\Roaming\Python\Python312\site-packages\starlette\routing.py", line 660, in __call__
    await self.middleware_stack(scope, receive, send)
  File "C:\Users\69588\AppData\Roaming\Python\Python312\site-packages\starlette\routing.py", line 680, in app
    await route.handle(scope, receive, send)
  File "C:\Users\69588\AppData\Roaming\Python\Python312\site-packages\starlette\routing.py", line 276, in handle
    await self.app(scope, receive, send)
  File "C:\Users\69588\AppData\Roaming\Python\Python312\site-packages\fastapi\routing.py", line 134, in app
    await wrap_app_handling_exceptions(app, request)(scope, receive, send)
  File "C:\Users\69588\AppData\Roaming\Python\Python312\site-packages\starlette\_exception_handler.py", line 53, in wrapped_app
    raise exc
  File "C:\Users\69588\AppData\Roaming\Python\Python312\site-packages\starlette\_exception_handler.py", line 42, in wrapped_app
    await app(scope, receive, sender)
  File "C:\Users\69588\AppData\Roaming\Python\Python312\site-packages\fastapi\routing.py", line 120, in app
    response = await f(request)
               ^^^^^^^^^^^^^^^^
  File "C:\Users\69588\AppData\Roaming\Python\Python312\site-packages\fastapi\routing.py", line 457, in app
    solved_result = await solve_dependencies(
                    ^^^^^^^^^^^^^^^^^^^^^^^^^
  File "C:\Users\69588\AppData\Roaming\Python\Python312\site-packages\fastapi\dependencies\utils.py", line 649, in solve_dependencies
    solved_result = await solve_dependencies(
                    ^^^^^^^^^^^^^^^^^^^^^^^^^
  File "C:\Users\69588\AppData\Roaming\Python\Python312\site-packages\fastapi\dependencies\utils.py", line 680, in solve_dependencies
    solved = await run_in_threadpool(call, **solved_result.values)
             ^^^^^^^^^^^^^^^^^^^^^^^^^^^^^^^^^^^^^^^^^^^^^^^^^^^^^
  File "C:\Users\69588\AppData\Roaming\Python\Python312\site-packages\starlette\concurrency.py", line 32, in run_in_threadpool
    return await anyio.to_thread.run_sync(func)
           ^^^^^^^^^^^^^^^^^^^^^^^^^^^^^^^^^^^^
  File "C:\Users\69588\AppData\Roaming\Python\Python312\site-packages\anyio\to_thread.py", line 63, in run_sync
    return await get_async_backend().run_sync_in_worker_thread(
           ^^^^^^^^^^^^^^^^^^^^^^^^^^^^^^^^^^^^^^^^^^^^^^^^^^^^
  File "C:\Users\69588\AppData\Roaming\Python\Python312\site-packages\anyio\_backends\_asyncio.py", line 2502, in run_sync_in_worker_thread
    return await future
           ^^^^^^^^^^^^
  File "C:\Users\69588\AppData\Roaming\Python\Python312\site-packages\anyio\_backends\_asyncio.py", line 986, in run
    result = context.run(func, *args)
             ^^^^^^^^^^^^^^^^^^^^^^^^
  File "C:\mysite\whdb3\whdb3-api\app\core\deps.py", line 57, in get_current_user
    return context_service.load_auth_context(db, user_id)
           ^^^^^^^^^^^^^^^^^^^^^^^^^^^^^^^^^^^^^^^^^^^^^^
  File "C:\mysite\whdb3\whdb3-api\app\user\services\context_service.py", line 85, in load_auth_context
    user = db.get(User, user_id)
           ^^^^^^^^^^^^^^^^^^^^^
  File "C:\Users\69588\.conda\envs\whdb3\Lib\site-packages\sqlalchemy\orm\session.py", line 3702, in get
    return self._get_impl(
           ^^^^^^^^^^^^^^^
  File "C:\Users\69588\.conda\envs\whdb3\Lib\site-packages\sqlalchemy\orm\session.py", line 3881, in _get_impl
    return db_load_fn(
           ^^^^^^^^^^^
  File "C:\Users\69588\.conda\envs\whdb3\Lib\site-packages\sqlalchemy\orm\loading.py", line 695, in load_on_pk_identity
    session.execute(
  File "C:\Users\69588\.conda\envs\whdb3\Lib\site-packages\sqlalchemy\orm\session.py", line 2373, in execute
    return self._execute_internal(
           ^^^^^^^^^^^^^^^^^^^^^^^
  File "C:\Users\69588\.conda\envs\whdb3\Lib\site-packages\sqlalchemy\orm\session.py", line 2271, in _execute_internal
    result: Result[Any] = compile_state_cls.orm_execute_statement(
                          ^^^^^^^^^^^^^^^^^^^^^^^^^^^^^^^^^^^^^^^^
  File "C:\Users\69588\.conda\envs\whdb3\Lib\site-packages\sqlalchemy\orm\context.py", line 306, in orm_execute_statement
    result = conn.execute(
             ^^^^^^^^^^^^^
  File "C:\Users\69588\.conda\envs\whdb3\Lib\site-packages\sqlalchemy\engine\base.py", line 1421, in execute
    return meth(
           ^^^^^
  File "C:\Users\69588\.conda\envs\whdb3\Lib\site-packages\sqlalchemy\sql\elements.py", line 526, in _execute_on_connection
    return connection._execute_clauseelement(
           ^^^^^^^^^^^^^^^^^^^^^^^^^^^^^^^^^^
  File "C:\Users\69588\.conda\envs\whdb3\Lib\site-packages\sqlalchemy\engine\base.py", line 1643, in _execute_clauseelement
    ret = self._execute_context(
          ^^^^^^^^^^^^^^^^^^^^^^
  File "C:\Users\69588\.conda\envs\whdb3\Lib\site-packages\sqlalchemy\engine\base.py", line 1848, in _execute_context
    return self._exec_single_context(
           ^^^^^^^^^^^^^^^^^^^^^^^^^^
  File "C:\Users\69588\.conda\envs\whdb3\Lib\site-packages\sqlalchemy\engine\base.py", line 1988, in _exec_single_context
    self._handle_dbapi_exception(
  File "C:\Users\69588\.conda\envs\whdb3\Lib\site-packages\sqlalchemy\engine\base.py", line 2365, in _handle_dbapi_exception
    raise sqlalchemy_exception.with_traceback(exc_info[2]) from e
  File "C:\Users\69588\.conda\envs\whdb3\Lib\site-packages\sqlalchemy\engine\base.py", line 1969, in _exec_single_context
    self.dialect.do_execute(
  File "C:\Users\69588\.conda\envs\whdb3\Lib\site-packages\sqlalchemy\engine\default.py", line 952, in do_execute
    cursor.execute(statement, parameters)
  File "C:\Users\69588\AppData\Roaming\Python\Python312\site-packages\pymysql\cursors.py", line 153, in execute
    result = self._query(query)
             ^^^^^^^^^^^^^^^^^^
  File "C:\Users\69588\AppData\Roaming\Python\Python312\site-packages\pymysql\cursors.py", line 322, in _query
    conn.query(q)
  File "C:\Users\69588\AppData\Roaming\Python\Python312\site-packages\pymysql\connections.py", line 563, in query
    self._affected_rows = self._read_query_result(unbuffered=unbuffered)
                          ^^^^^^^^^^^^^^^^^^^^^^^^^^^^^^^^^^^^^^^^^^^^^^
  File "C:\Users\69588\AppData\Roaming\Python\Python312\site-packages\pymysql\connections.py", line 825, in _read_query_result
    result.read()
  File "C:\Users\69588\AppData\Roaming\Python\Python312\site-packages\pymysql\connections.py", line 1199, in read
    first_packet = self.connection._read_packet()
                   ^^^^^^^^^^^^^^^^^^^^^^^^^^^^^^
  File "C:\Users\69588\AppData\Roaming\Python\Python312\site-packages\pymysql\connections.py", line 775, in _read_packet
    packet.raise_for_error()
  File "C:\Users\69588\AppData\Roaming\Python\Python312\site-packages\pymysql\protocol.py", line 219, in raise_for_error
    err.raise_mysql_exception(self._data)
  File "C:\Users\69588\AppData\Roaming\Python\Python312\site-packages\pymysql\err.py", line 150, in raise_mysql_exception
    raise errorclass(errno, errval)
sqlalchemy.exc.OperationalError: (pymysql.err.OperationalError) (1054, "Unknown column 'users.is_deleted' in 'field list'")
[SQL: SELECT users.username AS users_username, users.name AS users_name, users.email AS users_email, users.phone AS users_phone, users.avatar_url AS users_avatar_url, users.password_hash AS users_password_hash, users.gender AS users_gender, users.dept_id AS users_dept_id, users.position AS users_position, users.status AS users_status, users.is_deleted AS users_is_deleted, users.is_super_admin AS users_is_super_admin, users.must_change_password AS users_must_change_password, users.login_fail_count AS users_login_fail_count, users.last_login_at AS users_last_login_at, users.last_login_ip AS users_last_login_ip, users.id AS users_id, users.created_by AS users_created_by, users.created_at AS users_created_at, users.updated_at AS users_updated_at 
FROM users 
WHERE users.id = %(pk_1)s]
[parameters: {'pk_1': 8}]
(Background on this error at: https://sqlalche.me/e/20/e3q8)
2026-09-23 13:56:48,697 ERROR [4b55774aced6] app.main: unhandled error: (pymysql.err.OperationalError) (1054, "Unknown column 'users.is_deleted' in 'field list'")
[SQL: SELECT users.username AS users_username, users.name AS users_name, users.email AS users_email, users.phone AS users_phone, users.avatar_url AS users_avatar_url, users.password_hash AS users_password_hash, users.gender AS users_gender, users.dept_id AS users_dept_id, users.position AS users_position, users.status AS users_status, users.is_deleted AS users_is_deleted, users.is_super_admin AS users_is_super_admin, users.must_change_password AS users_must_change_password, users.login_fail_count AS users_login_fail_count, users.last_login_at AS users_last_login_at, users.last_login_ip AS users_last_login_ip, users.id AS users_id, users.created_by AS users_created_by, users.created_at AS users_created_at, users.updated_at AS users_updated_at 
FROM users 
WHERE users.id = %(pk_1)s]
[parameters: {'pk_1': 8}]
(Background on this error at: https://sqlalche.me/e/20/e3q8)
Traceback (most recent call last):
  File "C:\Users\69588\.conda\envs\whdb3\Lib\site-packages\sqlalchemy\engine\base.py", line 1969, in _exec_single_context
    self.dialect.do_execute(
  File "C:\Users\69588\.conda\envs\whdb3\Lib\site-packages\sqlalchemy\engine\default.py", line 952, in do_execute
    cursor.execute(statement, parameters)
  File "C:\Users\69588\AppData\Roaming\Python\Python312\site-packages\pymysql\cursors.py", line 153, in execute
    result = self._query(query)
             ^^^^^^^^^^^^^^^^^^
  File "C:\Users\69588\AppData\Roaming\Python\Python312\site-packages\pymysql\cursors.py", line 322, in _query
    conn.query(q)
  File "C:\Users\69588\AppData\Roaming\Python\Python312\site-packages\pymysql\connections.py", line 563, in query
    self._affected_rows = self._read_query_result(unbuffered=unbuffered)
                          ^^^^^^^^^^^^^^^^^^^^^^^^^^^^^^^^^^^^^^^^^^^^^^
  File "C:\Users\69588\AppData\Roaming\Python\Python312\site-packages\pymysql\connections.py", line 825, in _read_query_result
    result.read()
  File "C:\Users\69588\AppData\Roaming\Python\Python312\site-packages\pymysql\connections.py", line 1199, in read
    first_packet = self.connection._read_packet()
                   ^^^^^^^^^^^^^^^^^^^^^^^^^^^^^^
  File "C:\Users\69588\AppData\Roaming\Python\Python312\site-packages\pymysql\connections.py", line 775, in _read_packet
    packet.raise_for_error()
  File "C:\Users\69588\AppData\Roaming\Python\Python312\site-packages\pymysql\protocol.py", line 219, in raise_for_error
    err.raise_mysql_exception(self._data)
  File "C:\Users\69588\AppData\Roaming\Python\Python312\site-packages\pymysql\err.py", line 150, in raise_mysql_exception
    raise errorclass(errno, errval)
pymysql.err.OperationalError: (1054, "Unknown column 'users.is_deleted' in 'field list'")

The above exception was the direct cause of the following exception:

Traceback (most recent call last):
  File "C:\Users\69588\AppData\Roaming\Python\Python312\site-packages\starlette\middleware\errors.py", line 164, in __call__
    await self.app(scope, receive, _send)
  File "C:\Users\69588\AppData\Roaming\Python\Python312\site-packages\starlette\middleware\base.py", line 191, in __call__
    with recv_stream, send_stream, collapse_excgroups():
                                   ^^^^^^^^^^^^^^^^^^^^
  File "C:\Users\69588\.conda\envs\whdb3\Lib\contextlib.py", line 158, in __exit__
    self.gen.throw(value)
  File "C:\Users\69588\AppData\Roaming\Python\Python312\site-packages\starlette\_utils.py", line 87, in collapse_excgroups
    raise exc
  File "C:\Users\69588\AppData\Roaming\Python\Python312\site-packages\starlette\middleware\base.py", line 193, in __call__
    response = await self.dispatch_func(request, call_next)
               ^^^^^^^^^^^^^^^^^^^^^^^^^^^^^^^^^^^^^^^^^^^^
  File "C:\mysite\whdb3\whdb3-api\app\core\logging.py", line 53, in dispatch
    response = await call_next(request)
               ^^^^^^^^^^^^^^^^^^^^^^^^
  File "C:\Users\69588\AppData\Roaming\Python\Python312\site-packages\starlette\middleware\base.py", line 168, in call_next
    raise app_exc from app_exc.__cause__ or app_exc.__context__
  File "C:\Users\69588\AppData\Roaming\Python\Python312\site-packages\starlette\middleware\base.py", line 144, in coro
    await self.app(scope, receive_or_disconnect, send_no_error)
  File "C:\Users\69588\AppData\Roaming\Python\Python312\site-packages\starlette\middleware\exceptions.py", line 63, in __call__
    await wrap_app_handling_exceptions(self.app, conn)(scope, receive, send)
  File "C:\Users\69588\AppData\Roaming\Python\Python312\site-packages\starlette\_exception_handler.py", line 53, in wrapped_app
    raise exc
  File "C:\Users\69588\AppData\Roaming\Python\Python312\site-packages\starlette\_exception_handler.py", line 42, in wrapped_app
    await app(scope, receive, sender)
  File "C:\Users\69588\AppData\Roaming\Python\Python312\site-packages\fastapi\middleware\asyncexitstack.py", line 18, in __call__
    await self.app(scope, receive, send)
  File "C:\Users\69588\AppData\Roaming\Python\Python312\site-packages\starlette\routing.py", line 660, in __call__
    await self.middleware_stack(scope, receive, send)
  File "C:\Users\69588\AppData\Roaming\Python\Python312\site-packages\starlette\routing.py", line 680, in app
    await route.handle(scope, receive, send)
  File "C:\Users\69588\AppData\Roaming\Python\Python312\site-packages\starlette\routing.py", line 276, in handle
    await self.app(scope, receive, send)
  File "C:\Users\69588\AppData\Roaming\Python\Python312\site-packages\fastapi\routing.py", line 134, in app
    await wrap_app_handling_exceptions(app, request)(scope, receive, send)
  File "C:\Users\69588\AppData\Roaming\Python\Python312\site-packages\starlette\_exception_handler.py", line 53, in wrapped_app
    raise exc
  File "C:\Users\69588\AppData\Roaming\Python\Python312\site-packages\starlette\_exception_handler.py", line 42, in wrapped_app
    await app(scope, receive, sender)
  File "C:\Users\69588\AppData\Roaming\Python\Python312\site-packages\fastapi\routing.py", line 120, in app
    response = await f(request)
               ^^^^^^^^^^^^^^^^
  File "C:\Users\69588\AppData\Roaming\Python\Python312\site-packages\fastapi\routing.py", line 457, in app
    solved_result = await solve_dependencies(
                    ^^^^^^^^^^^^^^^^^^^^^^^^^
  File "C:\Users\69588\AppData\Roaming\Python\Python312\site-packages\fastapi\dependencies\utils.py", line 649, in solve_dependencies
    solved_result = await solve_dependencies(
                    ^^^^^^^^^^^^^^^^^^^^^^^^^
  File "C:\Users\69588\AppData\Roaming\Python\Python312\site-packages\fastapi\dependencies\utils.py", line 680, in solve_dependencies
    solved = await run_in_threadpool(call, **solved_result.values)
             ^^^^^^^^^^^^^^^^^^^^^^^^^^^^^^^^^^^^^^^^^^^^^^^^^^^^^
  File "C:\Users\69588\AppData\Roaming\Python\Python312\site-packages\starlette\concurrency.py", line 32, in run_in_threadpool
    return await anyio.to_thread.run_sync(func)
           ^^^^^^^^^^^^^^^^^^^^^^^^^^^^^^^^^^^^
  File "C:\Users\69588\AppData\Roaming\Python\Python312\site-packages\anyio\to_thread.py", line 63, in run_sync
    return await get_async_backend().run_sync_in_worker_thread(
           ^^^^^^^^^^^^^^^^^^^^^^^^^^^^^^^^^^^^^^^^^^^^^^^^^^^^
  File "C:\Users\69588\AppData\Roaming\Python\Python312\site-packages\anyio\_backends\_asyncio.py", line 2502, in run_sync_in_worker_thread
    return await future
           ^^^^^^^^^^^^
  File "C:\Users\69588\AppData\Roaming\Python\Python312\site-packages\anyio\_backends\_asyncio.py", line 986, in run
    result = context.run(func, *args)
             ^^^^^^^^^^^^^^^^^^^^^^^^
  File "C:\mysite\whdb3\whdb3-api\app\core\deps.py", line 57, in get_current_user
    return context_service.load_auth_context(db, user_id)
           ^^^^^^^^^^^^^^^^^^^^^^^^^^^^^^^^^^^^^^^^^^^^^^
  File "C:\mysite\whdb3\whdb3-api\app\user\services\context_service.py", line 85, in load_auth_context
    user = db.get(User, user_id)
           ^^^^^^^^^^^^^^^^^^^^^
  File "C:\Users\69588\.conda\envs\whdb3\Lib\site-packages\sqlalchemy\orm\session.py", line 3702, in get
    return self._get_impl(
           ^^^^^^^^^^^^^^^
  File "C:\Users\69588\.conda\envs\whdb3\Lib\site-packages\sqlalchemy\orm\session.py", line 3881, in _get_impl
    return db_load_fn(
           ^^^^^^^^^^^
  File "C:\Users\69588\.conda\envs\whdb3\Lib\site-packages\sqlalchemy\orm\loading.py", line 695, in load_on_pk_identity
    session.execute(
  File "C:\Users\69588\.conda\envs\whdb3\Lib\site-packages\sqlalchemy\orm\session.py", line 2373, in execute
    return self._execute_internal(
           ^^^^^^^^^^^^^^^^^^^^^^^
  File "C:\Users\69588\.conda\envs\whdb3\Lib\site-packages\sqlalchemy\orm\session.py", line 2271, in _execute_internal
    result: Result[Any] = compile_state_cls.orm_execute_statement(
                          ^^^^^^^^^^^^^^^^^^^^^^^^^^^^^^^^^^^^^^^^
  File "C:\Users\69588\.conda\envs\whdb3\Lib\site-packages\sqlalchemy\orm\context.py", line 306, in orm_execute_statement
    result = conn.execute(
             ^^^^^^^^^^^^^
  File "C:\Users\69588\.conda\envs\whdb3\Lib\site-packages\sqlalchemy\engine\base.py", line 1421, in execute
    return meth(
           ^^^^^
  File "C:\Users\69588\.conda\envs\whdb3\Lib\site-packages\sqlalchemy\sql\elements.py", line 526, in _execute_on_connection
    return connection._execute_clauseelement(
           ^^^^^^^^^^^^^^^^^^^^^^^^^^^^^^^^^^
  File "C:\Users\69588\.conda\envs\whdb3\Lib\site-packages\sqlalchemy\engine\base.py", line 1643, in _execute_clauseelement
    ret = self._execute_context(
          ^^^^^^^^^^^^^^^^^^^^^^
  File "C:\Users\69588\.conda\envs\whdb3\Lib\site-packages\sqlalchemy\engine\base.py", line 1848, in _execute_context
    return self._exec_single_context(
           ^^^^^^^^^^^^^^^^^^^^^^^^^^
  File "C:\Users\69588\.conda\envs\whdb3\Lib\site-packages\sqlalchemy\engine\base.py", line 1988, in _exec_single_context
    self._handle_dbapi_exception(
  File "C:\Users\69588\.conda\envs\whdb3\Lib\site-packages\sqlalchemy\engine\base.py", line 2365, in _handle_dbapi_exception
    raise sqlalchemy_exception.with_traceback(exc_info[2]) from e
  File "C:\Users\69588\.conda\envs\whdb3\Lib\site-packages\sqlalchemy\engine\base.py", line 1969, in _exec_single_context
    self.dialect.do_execute(
  File "C:\Users\69588\.conda\envs\whdb3\Lib\site-packages\sqlalchemy\engine\default.py", line 952, in do_execute
    cursor.execute(statement, parameters)
  File "C:\Users\69588\AppData\Roaming\Python\Python312\site-packages\pymysql\cursors.py", line 153, in execute
    result = self._query(query)
             ^^^^^^^^^^^^^^^^^^
  File "C:\Users\69588\AppData\Roaming\Python\Python312\site-packages\pymysql\cursors.py", line 322, in _query
    conn.query(q)
  File "C:\Users\69588\AppData\Roaming\Python\Python312\site-packages\pymysql\connections.py", line 563, in query
    self._affected_rows = self._read_query_result(unbuffered=unbuffered)
                          ^^^^^^^^^^^^^^^^^^^^^^^^^^^^^^^^^^^^^^^^^^^^^^
  File "C:\Users\69588\AppData\Roaming\Python\Python312\site-packages\pymysql\connections.py", line 825, in _read_query_result
    result.read()
  File "C:\Users\69588\AppData\Roaming\Python\Python312\site-packages\pymysql\connections.py", line 1199, in read
    first_packet = self.connection._read_packet()
                   ^^^^^^^^^^^^^^^^^^^^^^^^^^^^^^
  File "C:\Users\69588\AppData\Roaming\Python\Python312\site-packages\pymysql\connections.py", line 775, in _read_packet
    packet.raise_for_error()
  File "C:\Users\69588\AppData\Roaming\Python\Python312\site-packages\pymysql\protocol.py", line 219, in raise_for_error
    err.raise_mysql_exception(self._data)
  File "C:\Users\69588\AppData\Roaming\Python\Python312\site-packages\pymysql\err.py", line 150, in raise_mysql_exception
    raise errorclass(errno, errval)
sqlalchemy.exc.OperationalError: (pymysql.err.OperationalError) (1054, "Unknown column 'users.is_deleted' in 'field list'")
[SQL: SELECT users.username AS users_username, users.name AS users_name, users.email AS users_email, users.phone AS users_phone, users.avatar_url AS users_avatar_url, users.password_hash AS users_password_hash, users.gender AS users_gender, users.dept_id AS users_dept_id, users.position AS users_position, users.status AS users_status, users.is_deleted AS users_is_deleted, users.is_super_admin AS users_is_super_admin, users.must_change_password AS users_must_change_password, users.login_fail_count AS users_login_fail_count, users.last_login_at AS users_last_login_at, users.last_login_ip AS users_last_login_ip, users.id AS users_id, users.created_by AS users_created_by, users.created_at AS users_created_at, users.updated_at AS users_updated_at 
FROM users 
WHERE users.id = %(pk_1)s]
[parameters: {'pk_1': 8}]
(Background on this error at: https://sqlalche.me/e/20/e3q8)
2026-09-23 13:56:48,702 ERROR [a8ffe9ee168e] app.main: unhandled error: (pymysql.err.OperationalError) (1054, "Unknown column 'users.is_deleted' in 'field list'")
[SQL: SELECT users.username AS users_username, users.name AS users_name, users.email AS users_email, users.phone AS users_phone, users.avatar_url AS users_avatar_url, users.password_hash AS users_password_hash, users.gender AS users_gender, users.dept_id AS users_dept_id, users.position AS users_position, users.status AS users_status, users.is_deleted AS users_is_deleted, users.is_super_admin AS users_is_super_admin, users.must_change_password AS users_must_change_password, users.login_fail_count AS users_login_fail_count, users.last_login_at AS users_last_login_at, users.last_login_ip AS users_last_login_ip, users.id AS users_id, users.created_by AS users_created_by, users.created_at AS users_created_at, users.updated_at AS users_updated_at 
FROM users 
WHERE users.id = %(pk_1)s]
[parameters: {'pk_1': 8}]
(Background on this error at: https://sqlalche.me/e/20/e3q8)
Traceback (most recent call last):
  File "C:\Users\69588\.conda\envs\whdb3\Lib\site-packages\sqlalchemy\engine\base.py", line 1969, in _exec_single_context
    self.dialect.do_execute(
  File "C:\Users\69588\.conda\envs\whdb3\Lib\site-packages\sqlalchemy\engine\default.py", line 952, in do_execute
    cursor.execute(statement, parameters)
  File "C:\Users\69588\AppData\Roaming\Python\Python312\site-packages\pymysql\cursors.py", line 153, in execute
    result = self._query(query)
             ^^^^^^^^^^^^^^^^^^
  File "C:\Users\69588\AppData\Roaming\Python\Python312\site-packages\pymysql\cursors.py", line 322, in _query
    conn.query(q)
  File "C:\Users\69588\AppData\Roaming\Python\Python312\site-packages\pymysql\connections.py", line 563, in query
    self._affected_rows = self._read_query_result(unbuffered=unbuffered)
                          ^^^^^^^^^^^^^^^^^^^^^^^^^^^^^^^^^^^^^^^^^^^^^^
  File "C:\Users\69588\AppData\Roaming\Python\Python312\site-packages\pymysql\connections.py", line 825, in _read_query_result
    result.read()
  File "C:\Users\69588\AppData\Roaming\Python\Python312\site-packages\pymysql\connections.py", line 1199, in read
    first_packet = self.connection._read_packet()
                   ^^^^^^^^^^^^^^^^^^^^^^^^^^^^^^
  File "C:\Users\69588\AppData\Roaming\Python\Python312\site-packages\pymysql\connections.py", line 775, in _read_packet
    packet.raise_for_error()
  File "C:\Users\69588\AppData\Roaming\Python\Python312\site-packages\pymysql\protocol.py", line 219, in raise_for_error
    err.raise_mysql_exception(self._data)
  File "C:\Users\69588\AppData\Roaming\Python\Python312\site-packages\pymysql\err.py", line 150, in raise_mysql_exception
    raise errorclass(errno, errval)
pymysql.err.OperationalError: (1054, "Unknown column 'users.is_deleted' in 'field list'")

The above exception was the direct cause of the following exception:

Traceback (most recent call last):
  File "C:\Users\69588\AppData\Roaming\Python\Python312\site-packages\starlette\middleware\errors.py", line 164, in __call__
    await self.app(scope, receive, _send)
  File "C:\Users\69588\AppData\Roaming\Python\Python312\site-packages\starlette\middleware\base.py", line 191, in __call__
    with recv_stream, send_stream, collapse_excgroups():
                                   ^^^^^^^^^^^^^^^^^^^^
  File "C:\Users\69588\.conda\envs\whdb3\Lib\contextlib.py", line 158, in __exit__
    self.gen.throw(value)
  File "C:\Users\69588\AppData\Roaming\Python\Python312\site-packages\starlette\_utils.py", line 87, in collapse_excgroups
    raise exc
  File "C:\Users\69588\AppData\Roaming\Python\Python312\site-packages\starlette\middleware\base.py", line 193, in __call__
    response = await self.dispatch_func(request, call_next)
               ^^^^^^^^^^^^^^^^^^^^^^^^^^^^^^^^^^^^^^^^^^^^
  File "C:\mysite\whdb3\whdb3-api\app\core\logging.py", line 53, in dispatch
    response = await call_next(request)
               ^^^^^^^^^^^^^^^^^^^^^^^^
  File "C:\Users\69588\AppData\Roaming\Python\Python312\site-packages\starlette\middleware\base.py", line 168, in call_next
    raise app_exc from app_exc.__cause__ or app_exc.__context__
  File "C:\Users\69588\AppData\Roaming\Python\Python312\site-packages\starlette\middleware\base.py", line 144, in coro
    await self.app(scope, receive_or_disconnect, send_no_error)
  File "C:\Users\69588\AppData\Roaming\Python\Python312\site-packages\starlette\middleware\exceptions.py", line 63, in __call__
    await wrap_app_handling_exceptions(self.app, conn)(scope, receive, send)
  File "C:\Users\69588\AppData\Roaming\Python\Python312\site-packages\starlette\_exception_handler.py", line 53, in wrapped_app
    raise exc
  File "C:\Users\69588\AppData\Roaming\Python\Python312\site-packages\starlette\_exception_handler.py", line 42, in wrapped_app
    await app(scope, receive, sender)
  File "C:\Users\69588\AppData\Roaming\Python\Python312\site-packages\fastapi\middleware\asyncexitstack.py", line 18, in __call__
    await self.app(scope, receive, send)
  File "C:\Users\69588\AppData\Roaming\Python\Python312\site-packages\starlette\routing.py", line 660, in __call__
    await self.middleware_stack(scope, receive, send)
  File "C:\Users\69588\AppData\Roaming\Python\Python312\site-packages\starlette\routing.py", line 680, in app
    await route.handle(scope, receive, send)
  File "C:\Users\69588\AppData\Roaming\Python\Python312\site-packages\starlette\routing.py", line 276, in handle
    await self.app(scope, receive, send)
  File "C:\Users\69588\AppData\Roaming\Python\Python312\site-packages\fastapi\routing.py", line 134, in app
    await wrap_app_handling_exceptions(app, request)(scope, receive, send)
  File "C:\Users\69588\AppData\Roaming\Python\Python312\site-packages\starlette\_exception_handler.py", line 53, in wrapped_app
    raise exc
  File "C:\Users\69588\AppData\Roaming\Python\Python312\site-packages\starlette\_exception_handler.py", line 42, in wrapped_app
    await app(scope, receive, sender)
  File "C:\Users\69588\AppData\Roaming\Python\Python312\site-packages\fastapi\routing.py", line 120, in app
    response = await f(request)
               ^^^^^^^^^^^^^^^^
  File "C:\Users\69588\AppData\Roaming\Python\Python312\site-packages\fastapi\routing.py", line 457, in app
    solved_result = await solve_dependencies(
                    ^^^^^^^^^^^^^^^^^^^^^^^^^
  File "C:\Users\69588\AppData\Roaming\Python\Python312\site-packages\fastapi\dependencies\utils.py", line 649, in solve_dependencies
    solved_result = await solve_dependencies(
                    ^^^^^^^^^^^^^^^^^^^^^^^^^
  File "C:\Users\69588\AppData\Roaming\Python\Python312\site-packages\fastapi\dependencies\utils.py", line 680, in solve_dependencies
    solved = await run_in_threadpool(call, **solved_result.values)
             ^^^^^^^^^^^^^^^^^^^^^^^^^^^^^^^^^^^^^^^^^^^^^^^^^^^^^
  File "C:\Users\69588\AppData\Roaming\Python\Python312\site-packages\starlette\concurrency.py", line 32, in run_in_threadpool
    return await anyio.to_thread.run_sync(func)
           ^^^^^^^^^^^^^^^^^^^^^^^^^^^^^^^^^^^^
  File "C:\Users\69588\AppData\Roaming\Python\Python312\site-packages\anyio\to_thread.py", line 63, in run_sync
    return await get_async_backend().run_sync_in_worker_thread(
           ^^^^^^^^^^^^^^^^^^^^^^^^^^^^^^^^^^^^^^^^^^^^^^^^^^^^
  File "C:\Users\69588\AppData\Roaming\Python\Python312\site-packages\anyio\_backends\_asyncio.py", line 2502, in run_sync_in_worker_thread
    return await future
           ^^^^^^^^^^^^
  File "C:\Users\69588\AppData\Roaming\Python\Python312\site-packages\anyio\_backends\_asyncio.py", line 986, in run
    result = context.run(func, *args)
             ^^^^^^^^^^^^^^^^^^^^^^^^
  File "C:\mysite\whdb3\whdb3-api\app\core\deps.py", line 57, in get_current_user
    return context_service.load_auth_context(db, user_id)
           ^^^^^^^^^^^^^^^^^^^^^^^^^^^^^^^^^^^^^^^^^^^^^^
  File "C:\mysite\whdb3\whdb3-api\app\user\services\context_service.py", line 85, in load_auth_context
    user = db.get(User, user_id)
           ^^^^^^^^^^^^^^^^^^^^^
  File "C:\Users\69588\.conda\envs\whdb3\Lib\site-packages\sqlalchemy\orm\session.py", line 3702, in get
    return self._get_impl(
           ^^^^^^^^^^^^^^^
  File "C:\Users\69588\.conda\envs\whdb3\Lib\site-packages\sqlalchemy\orm\session.py", line 3881, in _get_impl
    return db_load_fn(
           ^^^^^^^^^^^
  File "C:\Users\69588\.conda\envs\whdb3\Lib\site-packages\sqlalchemy\orm\loading.py", line 695, in load_on_pk_identity
    session.execute(
  File "C:\Users\69588\.conda\envs\whdb3\Lib\site-packages\sqlalchemy\orm\session.py", line 2373, in execute
    return self._execute_internal(
           ^^^^^^^^^^^^^^^^^^^^^^^
  File "C:\Users\69588\.conda\envs\whdb3\Lib\site-packages\sqlalchemy\orm\session.py", line 2271, in _execute_internal
    result: Result[Any] = compile_state_cls.orm_execute_statement(
                          ^^^^^^^^^^^^^^^^^^^^^^^^^^^^^^^^^^^^^^^^
  File "C:\Users\69588\.conda\envs\whdb3\Lib\site-packages\sqlalchemy\orm\context.py", line 306, in orm_execute_statement
    result = conn.execute(
             ^^^^^^^^^^^^^
  File "C:\Users\69588\.conda\envs\whdb3\Lib\site-packages\sqlalchemy\engine\base.py", line 1421, in execute
    return meth(
           ^^^^^
  File "C:\Users\69588\.conda\envs\whdb3\Lib\site-packages\sqlalchemy\sql\elements.py", line 526, in _execute_on_connection
    return connection._execute_clauseelement(
           ^^^^^^^^^^^^^^^^^^^^^^^^^^^^^^^^^^
  File "C:\Users\69588\.conda\envs\whdb3\Lib\site-packages\sqlalchemy\engine\base.py", line 1643, in _execute_clauseelement
    ret = self._execute_context(
          ^^^^^^^^^^^^^^^^^^^^^^
  File "C:\Users\69588\.conda\envs\whdb3\Lib\site-packages\sqlalchemy\engine\base.py", line 1848, in _execute_context
    return self._exec_single_context(
           ^^^^^^^^^^^^^^^^^^^^^^^^^^
  File "C:\Users\69588\.conda\envs\whdb3\Lib\site-packages\sqlalchemy\engine\base.py", line 1988, in _exec_single_context
    self._handle_dbapi_exception(
  File "C:\Users\69588\.conda\envs\whdb3\Lib\site-packages\sqlalchemy\engine\base.py", line 2365, in _handle_dbapi_exception
    raise sqlalchemy_exception.with_traceback(exc_info[2]) from e
  File "C:\Users\69588\.conda\envs\whdb3\Lib\site-packages\sqlalchemy\engine\base.py", line 1969, in _exec_single_context
    self.dialect.do_execute(
  File "C:\Users\69588\.conda\envs\whdb3\Lib\site-packages\sqlalchemy\engine\default.py", line 952, in do_execute
    cursor.execute(statement, parameters)
  File "C:\Users\69588\AppData\Roaming\Python\Python312\site-packages\pymysql\cursors.py", line 153, in execute
    result = self._query(query)
             ^^^^^^^^^^^^^^^^^^
  File "C:\Users\69588\AppData\Roaming\Python\Python312\site-packages\pymysql\cursors.py", line 322, in _query
    conn.query(q)
  File "C:\Users\69588\AppData\Roaming\Python\Python312\site-packages\pymysql\connections.py", line 563, in query
    self._affected_rows = self._read_query_result(unbuffered=unbuffered)
                          ^^^^^^^^^^^^^^^^^^^^^^^^^^^^^^^^^^^^^^^^^^^^^^
  File "C:\Users\69588\AppData\Roaming\Python\Python312\site-packages\pymysql\connections.py", line 825, in _read_query_result
    result.read()
  File "C:\Users\69588\AppData\Roaming\Python\Python312\site-packages\pymysql\connections.py", line 1199, in read
    first_packet = self.connection._read_packet()
                   ^^^^^^^^^^^^^^^^^^^^^^^^^^^^^^
  File "C:\Users\69588\AppData\Roaming\Python\Python312\site-packages\pymysql\connections.py", line 775, in _read_packet
    packet.raise_for_error()
  File "C:\Users\69588\AppData\Roaming\Python\Python312\site-packages\pymysql\protocol.py", line 219, in raise_for_error
    err.raise_mysql_exception(self._data)
  File "C:\Users\69588\AppData\Roaming\Python\Python312\site-packages\pymysql\err.py", line 150, in raise_mysql_exception
    raise errorclass(errno, errval)
sqlalchemy.exc.OperationalError: (pymysql.err.OperationalError) (1054, "Unknown column 'users.is_deleted' in 'field list'")
[SQL: SELECT users.username AS users_username, users.name AS users_name, users.email AS users_email, users.phone AS users_phone, users.avatar_url AS users_avatar_url, users.password_hash AS users_password_hash, users.gender AS users_gender, users.dept_id AS users_dept_id, users.position AS users_position, users.status AS users_status, users.is_deleted AS users_is_deleted, users.is_super_admin AS users_is_super_admin, users.must_change_password AS users_must_change_password, users.login_fail_count AS users_login_fail_count, users.last_login_at AS users_last_login_at, users.last_login_ip AS users_last_login_ip, users.id AS users_id, users.created_by AS users_created_by, users.created_at AS users_created_at, users.updated_at AS users_updated_at 
FROM users 
WHERE users.id = %(pk_1)s]
[parameters: {'pk_1': 8}]
(Background on this error at: https://sqlalche.me/e/20/e3q8)
2026-09-23 13:56:48,708 ERROR [6eb94c7ab32e] app.main: unhandled error: (pymysql.err.OperationalError) (1054, "Unknown column 'users.is_deleted' in 'field list'")
[SQL: SELECT users.username AS users_username, users.name AS users_name, users.email AS users_email, users.phone AS users_phone, users.avatar_url AS users_avatar_url, users.password_hash AS users_password_hash, users.gender AS users_gender, users.dept_id AS users_dept_id, users.position AS users_position, users.status AS users_status, users.is_deleted AS users_is_deleted, users.is_super_admin AS users_is_super_admin, users.must_change_password AS users_must_change_password, users.login_fail_count AS users_login_fail_count, users.last_login_at AS users_last_login_at, users.last_login_ip AS users_last_login_ip, users.id AS users_id, users.created_by AS users_created_by, users.created_at AS users_created_at, users.updated_at AS users_updated_at 
FROM users 
WHERE users.id = %(pk_1)s]
[parameters: {'pk_1': 8}]
(Background on this error at: https://sqlalche.me/e/20/e3q8)
Traceback (most recent call last):
  File "C:\Users\69588\.conda\envs\whdb3\Lib\site-packages\sqlalchemy\engine\base.py", line 1969, in _exec_single_context
    self.dialect.do_execute(
  File "C:\Users\69588\.conda\envs\whdb3\Lib\site-packages\sqlalchemy\engine\default.py", line 952, in do_execute
    cursor.execute(statement, parameters)
  File "C:\Users\69588\AppData\Roaming\Python\Python312\site-packages\pymysql\cursors.py", line 153, in execute
    result = self._query(query)
             ^^^^^^^^^^^^^^^^^^
  File "C:\Users\69588\AppData\Roaming\Python\Python312\site-packages\pymysql\cursors.py", line 322, in _query
    conn.query(q)
  File "C:\Users\69588\AppData\Roaming\Python\Python312\site-packages\pymysql\connections.py", line 563, in query
    self._affected_rows = self._read_query_result(unbuffered=unbuffered)
                          ^^^^^^^^^^^^^^^^^^^^^^^^^^^^^^^^^^^^^^^^^^^^^^
  File "C:\Users\69588\AppData\Roaming\Python\Python312\site-packages\pymysql\connections.py", line 825, in _read_query_result
    result.read()
  File "C:\Users\69588\AppData\Roaming\Python\Python312\site-packages\pymysql\connections.py", line 1199, in read
    first_packet = self.connection._read_packet()
                   ^^^^^^^^^^^^^^^^^^^^^^^^^^^^^^
  File "C:\Users\69588\AppData\Roaming\Python\Python312\site-packages\pymysql\connections.py", line 775, in _read_packet
    packet.raise_for_error()
  File "C:\Users\69588\AppData\Roaming\Python\Python312\site-packages\pymysql\protocol.py", line 219, in raise_for_error
    err.raise_mysql_exception(self._data)
  File "C:\Users\69588\AppData\Roaming\Python\Python312\site-packages\pymysql\err.py", line 150, in raise_mysql_exception
    raise errorclass(errno, errval)
pymysql.err.OperationalError: (1054, "Unknown column 'users.is_deleted' in 'field list'")

The above exception was the direct cause of the following exception:

Traceback (most recent call last):
  File "C:\Users\69588\AppData\Roaming\Python\Python312\site-packages\starlette\middleware\errors.py", line 164, in __call__
    await self.app(scope, receive, _send)
  File "C:\Users\69588\AppData\Roaming\Python\Python312\site-packages\starlette\middleware\base.py", line 191, in __call__
    with recv_stream, send_stream, collapse_excgroups():
                                   ^^^^^^^^^^^^^^^^^^^^
  File "C:\Users\69588\.conda\envs\whdb3\Lib\contextlib.py", line 158, in __exit__
    self.gen.throw(value)
  File "C:\Users\69588\AppData\Roaming\Python\Python312\site-packages\starlette\_utils.py", line 87, in collapse_excgroups
    raise exc
  File "C:\Users\69588\AppData\Roaming\Python\Python312\site-packages\starlette\middleware\base.py", line 193, in __call__
    response = await self.dispatch_func(request, call_next)
               ^^^^^^^^^^^^^^^^^^^^^^^^^^^^^^^^^^^^^^^^^^^^
  File "C:\mysite\whdb3\whdb3-api\app\core\logging.py", line 53, in dispatch
    response = await call_next(request)
               ^^^^^^^^^^^^^^^^^^^^^^^^
  File "C:\Users\69588\AppData\Roaming\Python\Python312\site-packages\starlette\middleware\base.py", line 168, in call_next
    raise app_exc from app_exc.__cause__ or app_exc.__context__
  File "C:\Users\69588\AppData\Roaming\Python\Python312\site-packages\starlette\middleware\base.py", line 144, in coro
    await self.app(scope, receive_or_disconnect, send_no_error)
  File "C:\Users\69588\AppData\Roaming\Python\Python312\site-packages\starlette\middleware\exceptions.py", line 63, in __call__
    await wrap_app_handling_exceptions(self.app, conn)(scope, receive, send)
  File "C:\Users\69588\AppData\Roaming\Python\Python312\site-packages\starlette\_exception_handler.py", line 53, in wrapped_app
    raise exc
  File "C:\Users\69588\AppData\Roaming\Python\Python312\site-packages\starlette\_exception_handler.py", line 42, in wrapped_app
    await app(scope, receive, sender)
  File "C:\Users\69588\AppData\Roaming\Python\Python312\site-packages\fastapi\middleware\asyncexitstack.py", line 18, in __call__
    await self.app(scope, receive, send)
  File "C:\Users\69588\AppData\Roaming\Python\Python312\site-packages\starlette\routing.py", line 660, in __call__
    await self.middleware_stack(scope, receive, send)
  File "C:\Users\69588\AppData\Roaming\Python\Python312\site-packages\starlette\routing.py", line 680, in app
    await route.handle(scope, receive, send)
  File "C:\Users\69588\AppData\Roaming\Python\Python312\site-packages\starlette\routing.py", line 276, in handle
    await self.app(scope, receive, send)
  File "C:\Users\69588\AppData\Roaming\Python\Python312\site-packages\fastapi\routing.py", line 134, in app
    await wrap_app_handling_exceptions(app, request)(scope, receive, send)
  File "C:\Users\69588\AppData\Roaming\Python\Python312\site-packages\starlette\_exception_handler.py", line 53, in wrapped_app
    raise exc
  File "C:\Users\69588\AppData\Roaming\Python\Python312\site-packages\starlette\_exception_handler.py", line 42, in wrapped_app
    await app(scope, receive, sender)
  File "C:\Users\69588\AppData\Roaming\Python\Python312\site-packages\fastapi\routing.py", line 120, in app
    response = await f(request)
               ^^^^^^^^^^^^^^^^
  File "C:\Users\69588\AppData\Roaming\Python\Python312\site-packages\fastapi\routing.py", line 457, in app
    solved_result = await solve_dependencies(
                    ^^^^^^^^^^^^^^^^^^^^^^^^^
  File "C:\Users\69588\AppData\Roaming\Python\Python312\site-packages\fastapi\dependencies\utils.py", line 649, in solve_dependencies
    solved_result = await solve_dependencies(
                    ^^^^^^^^^^^^^^^^^^^^^^^^^
  File "C:\Users\69588\AppData\Roaming\Python\Python312\site-packages\fastapi\dependencies\utils.py", line 680, in solve_dependencies
    solved = await run_in_threadpool(call, **solved_result.values)
             ^^^^^^^^^^^^^^^^^^^^^^^^^^^^^^^^^^^^^^^^^^^^^^^^^^^^^
  File "C:\Users\69588\AppData\Roaming\Python\Python312\site-packages\starlette\concurrency.py", line 32, in run_in_threadpool
    return await anyio.to_thread.run_sync(func)
           ^^^^^^^^^^^^^^^^^^^^^^^^^^^^^^^^^^^^
  File "C:\Users\69588\AppData\Roaming\Python\Python312\site-packages\anyio\to_thread.py", line 63, in run_sync
    return await get_async_backend().run_sync_in_worker_thread(
           ^^^^^^^^^^^^^^^^^^^^^^^^^^^^^^^^^^^^^^^^^^^^^^^^^^^^
  File "C:\Users\69588\AppData\Roaming\Python\Python312\site-packages\anyio\_backends\_asyncio.py", line 2502, in run_sync_in_worker_thread
    return await future
           ^^^^^^^^^^^^
  File "C:\Users\69588\AppData\Roaming\Python\Python312\site-packages\anyio\_backends\_asyncio.py", line 986, in run
    result = context.run(func, *args)
             ^^^^^^^^^^^^^^^^^^^^^^^^
  File "C:\mysite\whdb3\whdb3-api\app\core\deps.py", line 57, in get_current_user
    return context_service.load_auth_context(db, user_id)
           ^^^^^^^^^^^^^^^^^^^^^^^^^^^^^^^^^^^^^^^^^^^^^^
  File "C:\mysite\whdb3\whdb3-api\app\user\services\context_service.py", line 85, in load_auth_context
    user = db.get(User, user_id)
           ^^^^^^^^^^^^^^^^^^^^^
  File "C:\Users\69588\.conda\envs\whdb3\Lib\site-packages\sqlalchemy\orm\session.py", line 3702, in get
    return self._get_impl(
           ^^^^^^^^^^^^^^^
  File "C:\Users\69588\.conda\envs\whdb3\Lib\site-packages\sqlalchemy\orm\session.py", line 3881, in _get_impl
    return db_load_fn(
           ^^^^^^^^^^^
  File "C:\Users\69588\.conda\envs\whdb3\Lib\site-packages\sqlalchemy\orm\loading.py", line 695, in load_on_pk_identity
    session.execute(
  File "C:\Users\69588\.conda\envs\whdb3\Lib\site-packages\sqlalchemy\orm\session.py", line 2373, in execute
    return self._execute_internal(
           ^^^^^^^^^^^^^^^^^^^^^^^
  File "C:\Users\69588\.conda\envs\whdb3\Lib\site-packages\sqlalchemy\orm\session.py", line 2271, in _execute_internal
    result: Result[Any] = compile_state_cls.orm_execute_statement(
                          ^^^^^^^^^^^^^^^^^^^^^^^^^^^^^^^^^^^^^^^^
  File "C:\Users\69588\.conda\envs\whdb3\Lib\site-packages\sqlalchemy\orm\context.py", line 306, in orm_execute_statement
    result = conn.execute(
             ^^^^^^^^^^^^^
  File "C:\Users\69588\.conda\envs\whdb3\Lib\site-packages\sqlalchemy\engine\base.py", line 1421, in execute
    return meth(
           ^^^^^
  File "C:\Users\69588\.conda\envs\whdb3\Lib\site-packages\sqlalchemy\sql\elements.py", line 526, in _execute_on_connection
    return connection._execute_clauseelement(
           ^^^^^^^^^^^^^^^^^^^^^^^^^^^^^^^^^^
  File "C:\Users\69588\.conda\envs\whdb3\Lib\site-packages\sqlalchemy\engine\base.py", line 1643, in _execute_clauseelement
    ret = self._execute_context(
          ^^^^^^^^^^^^^^^^^^^^^^
  File "C:\Users\69588\.conda\envs\whdb3\Lib\site-packages\sqlalchemy\engine\base.py", line 1848, in _execute_context
    return self._exec_single_context(
           ^^^^^^^^^^^^^^^^^^^^^^^^^^
  File "C:\Users\69588\.conda\envs\whdb3\Lib\site-packages\sqlalchemy\engine\base.py", line 1988, in _exec_single_context
    self._handle_dbapi_exception(
  File "C:\Users\69588\.conda\envs\whdb3\Lib\site-packages\sqlalchemy\engine\base.py", line 2365, in _handle_dbapi_exception
    raise sqlalchemy_exception.with_traceback(exc_info[2]) from e
  File "C:\Users\69588\.conda\envs\whdb3\Lib\site-packages\sqlalchemy\engine\base.py", line 1969, in _exec_single_context
    self.dialect.do_execute(
  File "C:\Users\69588\.conda\envs\whdb3\Lib\site-packages\sqlalchemy\engine\default.py", line 952, in do_execute
    cursor.execute(statement, parameters)
  File "C:\Users\69588\AppData\Roaming\Python\Python312\site-packages\pymysql\cursors.py", line 153, in execute
    result = self._query(query)
             ^^^^^^^^^^^^^^^^^^
  File "C:\Users\69588\AppData\Roaming\Python\Python312\site-packages\pymysql\cursors.py", line 322, in _query
    conn.query(q)
  File "C:\Users\69588\AppData\Roaming\Python\Python312\site-packages\pymysql\connections.py", line 563, in query
    self._affected_rows = self._read_query_result(unbuffered=unbuffered)
                          ^^^^^^^^^^^^^^^^^^^^^^^^^^^^^^^^^^^^^^^^^^^^^^
  File "C:\Users\69588\AppData\Roaming\Python\Python312\site-packages\pymysql\connections.py", line 825, in _read_query_result
    result.read()
  File "C:\Users\69588\AppData\Roaming\Python\Python312\site-packages\pymysql\connections.py", line 1199, in read
    first_packet = self.connection._read_packet()
                   ^^^^^^^^^^^^^^^^^^^^^^^^^^^^^^
  File "C:\Users\69588\AppData\Roaming\Python\Python312\site-packages\pymysql\connections.py", line 775, in _read_packet
    packet.raise_for_error()
  File "C:\Users\69588\AppData\Roaming\Python\Python312\site-packages\pymysql\protocol.py", line 219, in raise_for_error
    err.raise_mysql_exception(self._data)
  File "C:\Users\69588\AppData\Roaming\Python\Python312\site-packages\pymysql\err.py", line 150, in raise_mysql_exception
    raise errorclass(errno, errval)
sqlalchemy.exc.OperationalError: (pymysql.err.OperationalError) (1054, "Unknown column 'users.is_deleted' in 'field list'")
[SQL: SELECT users.username AS users_username, users.name AS users_name, users.email AS users_email, users.phone AS users_phone, users.avatar_url AS users_avatar_url, users.password_hash AS users_password_hash, users.gender AS users_gender, users.dept_id AS users_dept_id, users.position AS users_position, users.status AS users_status, users.is_deleted AS users_is_deleted, users.is_super_admin AS users_is_super_admin, users.must_change_password AS users_must_change_password, users.login_fail_count AS users_login_fail_count, users.last_login_at AS users_last_login_at, users.last_login_ip AS users_last_login_ip, users.id AS users_id, users.created_by AS users_created_by, users.created_at AS users_created_at, users.updated_at AS users_updated_at 
FROM users 
WHERE users.id = %(pk_1)s]
[parameters: {'pk_1': 8}]
(Background on this error at: https://sqlalche.me/e/20/e3q8)
2026-09-23 13:56:48,713 ERROR [99b412367e40] app.main: unhandled error: (pymysql.err.OperationalError) (1054, "Unknown column 'users.is_deleted' in 'field list'")
[SQL: SELECT users.username AS users_username, users.name AS users_name, users.email AS users_email, users.phone AS users_phone, users.avatar_url AS users_avatar_url, users.password_hash AS users_password_hash, users.gender AS users_gender, users.dept_id AS users_dept_id, users.position AS users_position, users.status AS users_status, users.is_deleted AS users_is_deleted, users.is_super_admin AS users_is_super_admin, users.must_change_password AS users_must_change_password, users.login_fail_count AS users_login_fail_count, users.last_login_at AS users_last_login_at, users.last_login_ip AS users_last_login_ip, users.id AS users_id, users.created_by AS users_created_by, users.created_at AS users_created_at, users.updated_at AS users_updated_at 
FROM users 
WHERE users.id = %(pk_1)s]
[parameters: {'pk_1': 8}]
(Background on this error at: https://sqlalche.me/e/20/e3q8)
Traceback (most recent call last):
  File "C:\Users\69588\.conda\envs\whdb3\Lib\site-packages\sqlalchemy\engine\base.py", line 1969, in _exec_single_context
    self.dialect.do_execute(
  File "C:\Users\69588\.conda\envs\whdb3\Lib\site-packages\sqlalchemy\engine\default.py", line 952, in do_execute
    cursor.execute(statement, parameters)
  File "C:\Users\69588\AppData\Roaming\Python\Python312\site-packages\pymysql\cursors.py", line 153, in execute
    result = self._query(query)
             ^^^^^^^^^^^^^^^^^^
  File "C:\Users\69588\AppData\Roaming\Python\Python312\site-packages\pymysql\cursors.py", line 322, in _query
    conn.query(q)
  File "C:\Users\69588\AppData\Roaming\Python\Python312\site-packages\pymysql\connections.py", line 563, in query
    self._affected_rows = self._read_query_result(unbuffered=unbuffered)
                          ^^^^^^^^^^^^^^^^^^^^^^^^^^^^^^^^^^^^^^^^^^^^^^
  File "C:\Users\69588\AppData\Roaming\Python\Python312\site-packages\pymysql\connections.py", line 825, in _read_query_result
    result.read()
  File "C:\Users\69588\AppData\Roaming\Python\Python312\site-packages\pymysql\connections.py", line 1199, in read
    first_packet = self.connection._read_packet()
                   ^^^^^^^^^^^^^^^^^^^^^^^^^^^^^^
  File "C:\Users\69588\AppData\Roaming\Python\Python312\site-packages\pymysql\connections.py", line 775, in _read_packet
    packet.raise_for_error()
  File "C:\Users\69588\AppData\Roaming\Python\Python312\site-packages\pymysql\protocol.py", line 219, in raise_for_error
    err.raise_mysql_exception(self._data)
  File "C:\Users\69588\AppData\Roaming\Python\Python312\site-packages\pymysql\err.py", line 150, in raise_mysql_exception
    raise errorclass(errno, errval)
pymysql.err.OperationalError: (1054, "Unknown column 'users.is_deleted' in 'field list'")

The above exception was the direct cause of the following exception:

Traceback (most recent call last):
  File "C:\Users\69588\AppData\Roaming\Python\Python312\site-packages\starlette\middleware\errors.py", line 164, in __call__
    await self.app(scope, receive, _send)
  File "C:\Users\69588\AppData\Roaming\Python\Python312\site-packages\starlette\middleware\base.py", line 191, in __call__
    with recv_stream, send_stream, collapse_excgroups():
                                   ^^^^^^^^^^^^^^^^^^^^
  File "C:\Users\69588\.conda\envs\whdb3\Lib\contextlib.py", line 158, in __exit__
    self.gen.throw(value)
  File "C:\Users\69588\AppData\Roaming\Python\Python312\site-packages\starlette\_utils.py", line 87, in collapse_excgroups
    raise exc
  File "C:\Users\69588\AppData\Roaming\Python\Python312\site-packages\starlette\middleware\base.py", line 193, in __call__
    response = await self.dispatch_func(request, call_next)
               ^^^^^^^^^^^^^^^^^^^^^^^^^^^^^^^^^^^^^^^^^^^^
  File "C:\mysite\whdb3\whdb3-api\app\core\logging.py", line 53, in dispatch
    response = await call_next(request)
               ^^^^^^^^^^^^^^^^^^^^^^^^
  File "C:\Users\69588\AppData\Roaming\Python\Python312\site-packages\starlette\middleware\base.py", line 168, in call_next
    raise app_exc from app_exc.__cause__ or app_exc.__context__
  File "C:\Users\69588\AppData\Roaming\Python\Python312\site-packages\starlette\middleware\base.py", line 144, in coro
    await self.app(scope, receive_or_disconnect, send_no_error)
  File "C:\Users\69588\AppData\Roaming\Python\Python312\site-packages\starlette\middleware\exceptions.py", line 63, in __call__
    await wrap_app_handling_exceptions(self.app, conn)(scope, receive, send)
  File "C:\Users\69588\AppData\Roaming\Python\Python312\site-packages\starlette\_exception_handler.py", line 53, in wrapped_app
    raise exc
  File "C:\Users\69588\AppData\Roaming\Python\Python312\site-packages\starlette\_exception_handler.py", line 42, in wrapped_app
    await app(scope, receive, sender)
  File "C:\Users\69588\AppData\Roaming\Python\Python312\site-packages\fastapi\middleware\asyncexitstack.py", line 18, in __call__
    await self.app(scope, receive, send)
  File "C:\Users\69588\AppData\Roaming\Python\Python312\site-packages\starlette\routing.py", line 660, in __call__
    await self.middleware_stack(scope, receive, send)
  File "C:\Users\69588\AppData\Roaming\Python\Python312\site-packages\starlette\routing.py", line 680, in app
    await route.handle(scope, receive, send)
  File "C:\Users\69588\AppData\Roaming\Python\Python312\site-packages\starlette\routing.py", line 276, in handle
    await self.app(scope, receive, send)
  File "C:\Users\69588\AppData\Roaming\Python\Python312\site-packages\fastapi\routing.py", line 134, in app
    await wrap_app_handling_exceptions(app, request)(scope, receive, send)
  File "C:\Users\69588\AppData\Roaming\Python\Python312\site-packages\starlette\_exception_handler.py", line 53, in wrapped_app
    raise exc
  File "C:\Users\69588\AppData\Roaming\Python\Python312\site-packages\starlette\_exception_handler.py", line 42, in wrapped_app
    await app(scope, receive, sender)
  File "C:\Users\69588\AppData\Roaming\Python\Python312\site-packages\fastapi\routing.py", line 120, in app
    response = await f(request)
               ^^^^^^^^^^^^^^^^
  File "C:\Users\69588\AppData\Roaming\Python\Python312\site-packages\fastapi\routing.py", line 457, in app
    solved_result = await solve_dependencies(
                    ^^^^^^^^^^^^^^^^^^^^^^^^^
  File "C:\Users\69588\AppData\Roaming\Python\Python312\site-packages\fastapi\dependencies\utils.py", line 649, in solve_dependencies
    solved_result = await solve_dependencies(
                    ^^^^^^^^^^^^^^^^^^^^^^^^^
  File "C:\Users\69588\AppData\Roaming\Python\Python312\site-packages\fastapi\dependencies\utils.py", line 680, in solve_dependencies
    solved = await run_in_threadpool(call, **solved_result.values)
             ^^^^^^^^^^^^^^^^^^^^^^^^^^^^^^^^^^^^^^^^^^^^^^^^^^^^^
  File "C:\Users\69588\AppData\Roaming\Python\Python312\site-packages\starlette\concurrency.py", line 32, in run_in_threadpool
    return await anyio.to_thread.run_sync(func)
           ^^^^^^^^^^^^^^^^^^^^^^^^^^^^^^^^^^^^
  File "C:\Users\69588\AppData\Roaming\Python\Python312\site-packages\anyio\to_thread.py", line 63, in run_sync
    return await get_async_backend().run_sync_in_worker_thread(
           ^^^^^^^^^^^^^^^^^^^^^^^^^^^^^^^^^^^^^^^^^^^^^^^^^^^^
  File "C:\Users\69588\AppData\Roaming\Python\Python312\site-packages\anyio\_backends\_asyncio.py", line 2502, in run_sync_in_worker_thread
    return await future
           ^^^^^^^^^^^^
  File "C:\Users\69588\AppData\Roaming\Python\Python312\site-packages\anyio\_backends\_asyncio.py", line 986, in run
    result = context.run(func, *args)
             ^^^^^^^^^^^^^^^^^^^^^^^^
  File "C:\mysite\whdb3\whdb3-api\app\core\deps.py", line 57, in get_current_user
    return context_service.load_auth_context(db, user_id)
           ^^^^^^^^^^^^^^^^^^^^^^^^^^^^^^^^^^^^^^^^^^^^^^
  File "C:\mysite\whdb3\whdb3-api\app\user\services\context_service.py", line 85, in load_auth_context
    user = db.get(User, user_id)
           ^^^^^^^^^^^^^^^^^^^^^
  File "C:\Users\69588\.conda\envs\whdb3\Lib\site-packages\sqlalchemy\orm\session.py", line 3702, in get
    return self._get_impl(
           ^^^^^^^^^^^^^^^
  File "C:\Users\69588\.conda\envs\whdb3\Lib\site-packages\sqlalchemy\orm\session.py", line 3881, in _get_impl
    return db_load_fn(
           ^^^^^^^^^^^
  File "C:\Users\69588\.conda\envs\whdb3\Lib\site-packages\sqlalchemy\orm\loading.py", line 695, in load_on_pk_identity
    session.execute(
  File "C:\Users\69588\.conda\envs\whdb3\Lib\site-packages\sqlalchemy\orm\session.py", line 2373, in execute
    return self._execute_internal(
           ^^^^^^^^^^^^^^^^^^^^^^^
  File "C:\Users\69588\.conda\envs\whdb3\Lib\site-packages\sqlalchemy\orm\session.py", line 2271, in _execute_internal
    result: Result[Any] = compile_state_cls.orm_execute_statement(
                          ^^^^^^^^^^^^^^^^^^^^^^^^^^^^^^^^^^^^^^^^
  File "C:\Users\69588\.conda\envs\whdb3\Lib\site-packages\sqlalchemy\orm\context.py", line 306, in orm_execute_statement
    result = conn.execute(
             ^^^^^^^^^^^^^
  File "C:\Users\69588\.conda\envs\whdb3\Lib\site-packages\sqlalchemy\engine\base.py", line 1421, in execute
    return meth(
           ^^^^^
  File "C:\Users\69588\.conda\envs\whdb3\Lib\site-packages\sqlalchemy\sql\elements.py", line 526, in _execute_on_connection
    return connection._execute_clauseelement(
           ^^^^^^^^^^^^^^^^^^^^^^^^^^^^^^^^^^
  File "C:\Users\69588\.conda\envs\whdb3\Lib\site-packages\sqlalchemy\engine\base.py", line 1643, in _execute_clauseelement
    ret = self._execute_context(
          ^^^^^^^^^^^^^^^^^^^^^^
  File "C:\Users\69588\.conda\envs\whdb3\Lib\site-packages\sqlalchemy\engine\base.py", line 1848, in _execute_context
    return self._exec_single_context(
           ^^^^^^^^^^^^^^^^^^^^^^^^^^
  File "C:\Users\69588\.conda\envs\whdb3\Lib\site-packages\sqlalchemy\engine\base.py", line 1988, in _exec_single_context
    self._handle_dbapi_exception(
  File "C:\Users\69588\.conda\envs\whdb3\Lib\site-packages\sqlalchemy\engine\base.py", line 2365, in _handle_dbapi_exception
    raise sqlalchemy_exception.with_traceback(exc_info[2]) from e
  File "C:\Users\69588\.conda\envs\whdb3\Lib\site-packages\sqlalchemy\engine\base.py", line 1969, in _exec_single_context
    self.dialect.do_execute(
  File "C:\Users\69588\.conda\envs\whdb3\Lib\site-packages\sqlalchemy\engine\default.py", line 952, in do_execute
    cursor.execute(statement, parameters)
  File "C:\Users\69588\AppData\Roaming\Python\Python312\site-packages\pymysql\cursors.py", line 153, in execute
    result = self._query(query)
             ^^^^^^^^^^^^^^^^^^
  File "C:\Users\69588\AppData\Roaming\Python\Python312\site-packages\pymysql\cursors.py", line 322, in _query
    conn.query(q)
  File "C:\Users\69588\AppData\Roaming\Python\Python312\site-packages\pymysql\connections.py", line 563, in query
    self._affected_rows = self._read_query_result(unbuffered=unbuffered)
                          ^^^^^^^^^^^^^^^^^^^^^^^^^^^^^^^^^^^^^^^^^^^^^^
  File "C:\Users\69588\AppData\Roaming\Python\Python312\site-packages\pymysql\connections.py", line 825, in _read_query_result
    result.read()
  File "C:\Users\69588\AppData\Roaming\Python\Python312\site-packages\pymysql\connections.py", line 1199, in read
    first_packet = self.connection._read_packet()
                   ^^^^^^^^^^^^^^^^^^^^^^^^^^^^^^
  File "C:\Users\69588\AppData\Roaming\Python\Python312\site-packages\pymysql\connections.py", line 775, in _read_packet
    packet.raise_for_error()
  File "C:\Users\69588\AppData\Roaming\Python\Python312\site-packages\pymysql\protocol.py", line 219, in raise_for_error
    err.raise_mysql_exception(self._data)
  File "C:\Users\69588\AppData\Roaming\Python\Python312\site-packages\pymysql\err.py", line 150, in raise_mysql_exception
    raise errorclass(errno, errval)
sqlalchemy.exc.OperationalError: (pymysql.err.OperationalError) (1054, "Unknown column 'users.is_deleted' in 'field list'")
[SQL: SELECT users.username AS users_username, users.name AS users_name, users.email AS users_email, users.phone AS users_phone, users.avatar_url AS users_avatar_url, users.password_hash AS users_password_hash, users.gender AS users_gender, users.dept_id AS users_dept_id, users.position AS users_position, users.status AS users_status, users.is_deleted AS users_is_deleted, users.is_super_admin AS users_is_super_admin, users.must_change_password AS users_must_change_password, users.login_fail_count AS users_login_fail_count, users.last_login_at AS users_last_login_at, users.last_login_ip AS users_last_login_ip, users.id AS users_id, users.created_by AS users_created_by, users.created_at AS users_created_at, users.updated_at AS users_updated_at 
FROM users 
WHERE users.id = %(pk_1)s]
[parameters: {'pk_1': 8}]
(Background on this error at: https://sqlalche.me/e/20/e3q8)
2026-09-23 13:56:51,432 ERROR [fa5235f20db0] app.main: unhandled error: (pymysql.err.OperationalError) (1054, "Unknown column 'users.is_deleted' in 'field list'")
[SQL: SELECT users.username AS users_username, users.name AS users_name, users.email AS users_email, users.phone AS users_phone, users.avatar_url AS users_avatar_url, users.password_hash AS users_password_hash, users.gender AS users_gender, users.dept_id AS users_dept_id, users.position AS users_position, users.status AS users_status, users.is_deleted AS users_is_deleted, users.is_super_admin AS users_is_super_admin, users.must_change_password AS users_must_change_password, users.login_fail_count AS users_login_fail_count, users.last_login_at AS users_last_login_at, users.last_login_ip AS users_last_login_ip, users.id AS users_id, users.created_by AS users_created_by, users.created_at AS users_created_at, users.updated_at AS users_updated_at 
FROM users 
WHERE users.id = %(pk_1)s]
[parameters: {'pk_1': 8}]
(Background on this error at: https://sqlalche.me/e/20/e3q8)
Traceback (most recent call last):
  File "C:\Users\69588\.conda\envs\whdb3\Lib\site-packages\sqlalchemy\engine\base.py", line 1969, in _exec_single_context
    self.dialect.do_execute(
  File "C:\Users\69588\.conda\envs\whdb3\Lib\site-packages\sqlalchemy\engine\default.py", line 952, in do_execute
    cursor.execute(statement, parameters)
  File "C:\Users\69588\AppData\Roaming\Python\Python312\site-packages\pymysql\cursors.py", line 153, in execute
    result = self._query(query)
             ^^^^^^^^^^^^^^^^^^
  File "C:\Users\69588\AppData\Roaming\Python\Python312\site-packages\pymysql\cursors.py", line 322, in _query
    conn.query(q)
  File "C:\Users\69588\AppData\Roaming\Python\Python312\site-packages\pymysql\connections.py", line 563, in query
    self._affected_rows = self._read_query_result(unbuffered=unbuffered)
                          ^^^^^^^^^^^^^^^^^^^^^^^^^^^^^^^^^^^^^^^^^^^^^^
  File "C:\Users\69588\AppData\Roaming\Python\Python312\site-packages\pymysql\connections.py", line 825, in _read_query_result
    result.read()
  File "C:\Users\69588\AppData\Roaming\Python\Python312\site-packages\pymysql\connections.py", line 1199, in read
    first_packet = self.connection._read_packet()
                   ^^^^^^^^^^^^^^^^^^^^^^^^^^^^^^
  File "C:\Users\69588\AppData\Roaming\Python\Python312\site-packages\pymysql\connections.py", line 775, in _read_packet
    packet.raise_for_error()
  File "C:\Users\69588\AppData\Roaming\Python\Python312\site-packages\pymysql\protocol.py", line 219, in raise_for_error
    err.raise_mysql_exception(self._data)
  File "C:\Users\69588\AppData\Roaming\Python\Python312\site-packages\pymysql\err.py", line 150, in raise_mysql_exception
    raise errorclass(errno, errval)
pymysql.err.OperationalError: (1054, "Unknown column 'users.is_deleted' in 'field list'")

The above exception was the direct cause of the following exception:

Traceback (most recent call last):
  File "C:\Users\69588\AppData\Roaming\Python\Python312\site-packages\starlette\middleware\errors.py", line 164, in __call__
    await self.app(scope, receive, _send)
  File "C:\Users\69588\AppData\Roaming\Python\Python312\site-packages\starlette\middleware\base.py", line 191, in __call__
    with recv_stream, send_stream, collapse_excgroups():
                                   ^^^^^^^^^^^^^^^^^^^^
  File "C:\Users\69588\.conda\envs\whdb3\Lib\contextlib.py", line 158, in __exit__
    self.gen.throw(value)
  File "C:\Users\69588\AppData\Roaming\Python\Python312\site-packages\starlette\_utils.py", line 87, in collapse_excgroups
    raise exc
  File "C:\Users\69588\AppData\Roaming\Python\Python312\site-packages\starlette\middleware\base.py", line 193, in __call__
    response = await self.dispatch_func(request, call_next)
               ^^^^^^^^^^^^^^^^^^^^^^^^^^^^^^^^^^^^^^^^^^^^
  File "C:\mysite\whdb3\whdb3-api\app\core\logging.py", line 53, in dispatch
    response = await call_next(request)
               ^^^^^^^^^^^^^^^^^^^^^^^^
  File "C:\Users\69588\AppData\Roaming\Python\Python312\site-packages\starlette\middleware\base.py", line 168, in call_next
    raise app_exc from app_exc.__cause__ or app_exc.__context__
  File "C:\Users\69588\AppData\Roaming\Python\Python312\site-packages\starlette\middleware\base.py", line 144, in coro
    await self.app(scope, receive_or_disconnect, send_no_error)
  File "C:\Users\69588\AppData\Roaming\Python\Python312\site-packages\starlette\middleware\exceptions.py", line 63, in __call__
    await wrap_app_handling_exceptions(self.app, conn)(scope, receive, send)
  File "C:\Users\69588\AppData\Roaming\Python\Python312\site-packages\starlette\_exception_handler.py", line 53, in wrapped_app
    raise exc
  File "C:\Users\69588\AppData\Roaming\Python\Python312\site-packages\starlette\_exception_handler.py", line 42, in wrapped_app
    await app(scope, receive, sender)
  File "C:\Users\69588\AppData\Roaming\Python\Python312\site-packages\fastapi\middleware\asyncexitstack.py", line 18, in __call__
    await self.app(scope, receive, send)
  File "C:\Users\69588\AppData\Roaming\Python\Python312\site-packages\starlette\routing.py", line 660, in __call__
    await self.middleware_stack(scope, receive, send)
  File "C:\Users\69588\AppData\Roaming\Python\Python312\site-packages\starlette\routing.py", line 680, in app
    await route.handle(scope, receive, send)
  File "C:\Users\69588\AppData\Roaming\Python\Python312\site-packages\starlette\routing.py", line 276, in handle
    await self.app(scope, receive, send)
  File "C:\Users\69588\AppData\Roaming\Python\Python312\site-packages\fastapi\routing.py", line 134, in app
    await wrap_app_handling_exceptions(app, request)(scope, receive, send)
  File "C:\Users\69588\AppData\Roaming\Python\Python312\site-packages\starlette\_exception_handler.py", line 53, in wrapped_app
    raise exc
  File "C:\Users\69588\AppData\Roaming\Python\Python312\site-packages\starlette\_exception_handler.py", line 42, in wrapped_app
    await app(scope, receive, sender)
  File "C:\Users\69588\AppData\Roaming\Python\Python312\site-packages\fastapi\routing.py", line 120, in app
    response = await f(request)
               ^^^^^^^^^^^^^^^^
  File "C:\Users\69588\AppData\Roaming\Python\Python312\site-packages\fastapi\routing.py", line 457, in app
    solved_result = await solve_dependencies(
                    ^^^^^^^^^^^^^^^^^^^^^^^^^
  File "C:\Users\69588\AppData\Roaming\Python\Python312\site-packages\fastapi\dependencies\utils.py", line 649, in solve_dependencies
    solved_result = await solve_dependencies(
                    ^^^^^^^^^^^^^^^^^^^^^^^^^
  File "C:\Users\69588\AppData\Roaming\Python\Python312\site-packages\fastapi\dependencies\utils.py", line 680, in solve_dependencies
    solved = await run_in_threadpool(call, **solved_result.values)
             ^^^^^^^^^^^^^^^^^^^^^^^^^^^^^^^^^^^^^^^^^^^^^^^^^^^^^
  File "C:\Users\69588\AppData\Roaming\Python\Python312\site-packages\starlette\concurrency.py", line 32, in run_in_threadpool
    return await anyio.to_thread.run_sync(func)
           ^^^^^^^^^^^^^^^^^^^^^^^^^^^^^^^^^^^^
  File "C:\Users\69588\AppData\Roaming\Python\Python312\site-packages\anyio\to_thread.py", line 63, in run_sync
    return await get_async_backend().run_sync_in_worker_thread(
           ^^^^^^^^^^^^^^^^^^^^^^^^^^^^^^^^^^^^^^^^^^^^^^^^^^^^
  File "C:\Users\69588\AppData\Roaming\Python\Python312\site-packages\anyio\_backends\_asyncio.py", line 2502, in run_sync_in_worker_thread
    return await future
           ^^^^^^^^^^^^
  File "C:\Users\69588\AppData\Roaming\Python\Python312\site-packages\anyio\_backends\_asyncio.py", line 986, in run
    result = context.run(func, *args)
             ^^^^^^^^^^^^^^^^^^^^^^^^
  File "C:\mysite\whdb3\whdb3-api\app\core\deps.py", line 57, in get_current_user
    return context_service.load_auth_context(db, user_id)
           ^^^^^^^^^^^^^^^^^^^^^^^^^^^^^^^^^^^^^^^^^^^^^^
  File "C:\mysite\whdb3\whdb3-api\app\user\services\context_service.py", line 85, in load_auth_context
    user = db.get(User, user_id)
           ^^^^^^^^^^^^^^^^^^^^^
  File "C:\Users\69588\.conda\envs\whdb3\Lib\site-packages\sqlalchemy\orm\session.py", line 3702, in get
    return self._get_impl(
           ^^^^^^^^^^^^^^^
  File "C:\Users\69588\.conda\envs\whdb3\Lib\site-packages\sqlalchemy\orm\session.py", line 3881, in _get_impl
    return db_load_fn(
           ^^^^^^^^^^^
  File "C:\Users\69588\.conda\envs\whdb3\Lib\site-packages\sqlalchemy\orm\loading.py", line 695, in load_on_pk_identity
    session.execute(
  File "C:\Users\69588\.conda\envs\whdb3\Lib\site-packages\sqlalchemy\orm\session.py", line 2373, in execute
    return self._execute_internal(
           ^^^^^^^^^^^^^^^^^^^^^^^
  File "C:\Users\69588\.conda\envs\whdb3\Lib\site-packages\sqlalchemy\orm\session.py", line 2271, in _execute_internal
    result: Result[Any] = compile_state_cls.orm_execute_statement(
                          ^^^^^^^^^^^^^^^^^^^^^^^^^^^^^^^^^^^^^^^^
  File "C:\Users\69588\.conda\envs\whdb3\Lib\site-packages\sqlalchemy\orm\context.py", line 306, in orm_execute_statement
    result = conn.execute(
             ^^^^^^^^^^^^^
  File "C:\Users\69588\.conda\envs\whdb3\Lib\site-packages\sqlalchemy\engine\base.py", line 1421, in execute
    return meth(
           ^^^^^
  File "C:\Users\69588\.conda\envs\whdb3\Lib\site-packages\sqlalchemy\sql\elements.py", line 526, in _execute_on_connection
    return connection._execute_clauseelement(
           ^^^^^^^^^^^^^^^^^^^^^^^^^^^^^^^^^^
  File "C:\Users\69588\.conda\envs\whdb3\Lib\site-packages\sqlalchemy\engine\base.py", line 1643, in _execute_clauseelement
    ret = self._execute_context(
          ^^^^^^^^^^^^^^^^^^^^^^
  File "C:\Users\69588\.conda\envs\whdb3\Lib\site-packages\sqlalchemy\engine\base.py", line 1848, in _execute_context
    return self._exec_single_context(
           ^^^^^^^^^^^^^^^^^^^^^^^^^^
  File "C:\Users\69588\.conda\envs\whdb3\Lib\site-packages\sqlalchemy\engine\base.py", line 1988, in _exec_single_context
    self._handle_dbapi_exception(
  File "C:\Users\69588\.conda\envs\whdb3\Lib\site-packages\sqlalchemy\engine\base.py", line 2365, in _handle_dbapi_exception
    raise sqlalchemy_exception.with_traceback(exc_info[2]) from e
  File "C:\Users\69588\.conda\envs\whdb3\Lib\site-packages\sqlalchemy\engine\base.py", line 1969, in _exec_single_context
    self.dialect.do_execute(
  File "C:\Users\69588\.conda\envs\whdb3\Lib\site-packages\sqlalchemy\engine\default.py", line 952, in do_execute
    cursor.execute(statement, parameters)
  File "C:\Users\69588\AppData\Roaming\Python\Python312\site-packages\pymysql\cursors.py", line 153, in execute
    result = self._query(query)
             ^^^^^^^^^^^^^^^^^^
  File "C:\Users\69588\AppData\Roaming\Python\Python312\site-packages\pymysql\cursors.py", line 322, in _query
    conn.query(q)
  File "C:\Users\69588\AppData\Roaming\Python\Python312\site-packages\pymysql\connections.py", line 563, in query
    self._affected_rows = self._read_query_result(unbuffered=unbuffered)
                          ^^^^^^^^^^^^^^^^^^^^^^^^^^^^^^^^^^^^^^^^^^^^^^
  File "C:\Users\69588\AppData\Roaming\Python\Python312\site-packages\pymysql\connections.py", line 825, in _read_query_result
    result.read()
  File "C:\Users\69588\AppData\Roaming\Python\Python312\site-packages\pymysql\connections.py", line 1199, in read
    first_packet = self.connection._read_packet()
                   ^^^^^^^^^^^^^^^^^^^^^^^^^^^^^^
  File "C:\Users\69588\AppData\Roaming\Python\Python312\site-packages\pymysql\connections.py", line 775, in _read_packet
    packet.raise_for_error()
  File "C:\Users\69588\AppData\Roaming\Python\Python312\site-packages\pymysql\protocol.py", line 219, in raise_for_error
    err.raise_mysql_exception(self._data)
  File "C:\Users\69588\AppData\Roaming\Python\Python312\site-packages\pymysql\err.py", line 150, in raise_mysql_exception
    raise errorclass(errno, errval)
sqlalchemy.exc.OperationalError: (pymysql.err.OperationalError) (1054, "Unknown column 'users.is_deleted' in 'field list'")
[SQL: SELECT users.username AS users_username, users.name AS users_name, users.email AS users_email, users.phone AS users_phone, users.avatar_url AS users_avatar_url, users.password_hash AS users_password_hash, users.gender AS users_gender, users.dept_id AS users_dept_id, users.position AS users_position, users.status AS users_status, users.is_deleted AS users_is_deleted, users.is_super_admin AS users_is_super_admin, users.must_change_password AS users_must_change_password, users.login_fail_count AS users_login_fail_count, users.last_login_at AS users_last_login_at, users.last_login_ip AS users_last_login_ip, users.id AS users_id, users.created_by AS users_created_by, users.created_at AS users_created_at, users.updated_at AS users_updated_at 
FROM users 
WHERE users.id = %(pk_1)s]
[parameters: {'pk_1': 8}]
(Background on this error at: https://sqlalche.me/e/20/e3q8)
2026-09-23 13:56:51,443 ERROR [8ab0488332e3] app.main: unhandled error: (pymysql.err.OperationalError) (1054, "Unknown column 'users.is_deleted' in 'field list'")
[SQL: SELECT users.username AS users_username, users.name AS users_name, users.email AS users_email, users.phone AS users_phone, users.avatar_url AS users_avatar_url, users.password_hash AS users_password_hash, users.gender AS users_gender, users.dept_id AS users_dept_id, users.position AS users_position, users.status AS users_status, users.is_deleted AS users_is_deleted, users.is_super_admin AS users_is_super_admin, users.must_change_password AS users_must_change_password, users.login_fail_count AS users_login_fail_count, users.last_login_at AS users_last_login_at, users.last_login_ip AS users_last_login_ip, users.id AS users_id, users.created_by AS users_created_by, users.created_at AS users_created_at, users.updated_at AS users_updated_at 
FROM users 
WHERE users.id = %(pk_1)s]
[parameters: {'pk_1': 8}]
(Background on this error at: https://sqlalche.me/e/20/e3q8)
Traceback (most recent call last):
  File "C:\Users\69588\.conda\envs\whdb3\Lib\site-packages\sqlalchemy\engine\base.py", line 1969, in _exec_single_context
    self.dialect.do_execute(
  File "C:\Users\69588\.conda\envs\whdb3\Lib\site-packages\sqlalchemy\engine\default.py", line 952, in do_execute
    cursor.execute(statement, parameters)
  File "C:\Users\69588\AppData\Roaming\Python\Python312\site-packages\pymysql\cursors.py", line 153, in execute
    result = self._query(query)
             ^^^^^^^^^^^^^^^^^^
  File "C:\Users\69588\AppData\Roaming\Python\Python312\site-packages\pymysql\cursors.py", line 322, in _query
    conn.query(q)
  File "C:\Users\69588\AppData\Roaming\Python\Python312\site-packages\pymysql\connections.py", line 563, in query
    self._affected_rows = self._read_query_result(unbuffered=unbuffered)
                          ^^^^^^^^^^^^^^^^^^^^^^^^^^^^^^^^^^^^^^^^^^^^^^
  File "C:\Users\69588\AppData\Roaming\Python\Python312\site-packages\pymysql\connections.py", line 825, in _read_query_result
    result.read()
  File "C:\Users\69588\AppData\Roaming\Python\Python312\site-packages\pymysql\connections.py", line 1199, in read
    first_packet = self.connection._read_packet()
                   ^^^^^^^^^^^^^^^^^^^^^^^^^^^^^^
  File "C:\Users\69588\AppData\Roaming\Python\Python312\site-packages\pymysql\connections.py", line 775, in _read_packet
    packet.raise_for_error()
  File "C:\Users\69588\AppData\Roaming\Python\Python312\site-packages\pymysql\protocol.py", line 219, in raise_for_error
    err.raise_mysql_exception(self._data)
  File "C:\Users\69588\AppData\Roaming\Python\Python312\site-packages\pymysql\err.py", line 150, in raise_mysql_exception
    raise errorclass(errno, errval)
pymysql.err.OperationalError: (1054, "Unknown column 'users.is_deleted' in 'field list'")

The above exception was the direct cause of the following exception:

Traceback (most recent call last):
  File "C:\Users\69588\AppData\Roaming\Python\Python312\site-packages\starlette\middleware\errors.py", line 164, in __call__
    await self.app(scope, receive, _send)
  File "C:\Users\69588\AppData\Roaming\Python\Python312\site-packages\starlette\middleware\base.py", line 191, in __call__
    with recv_stream, send_stream, collapse_excgroups():
                                   ^^^^^^^^^^^^^^^^^^^^
  File "C:\Users\69588\.conda\envs\whdb3\Lib\contextlib.py", line 158, in __exit__
    self.gen.throw(value)
  File "C:\Users\69588\AppData\Roaming\Python\Python312\site-packages\starlette\_utils.py", line 87, in collapse_excgroups
    raise exc
  File "C:\Users\69588\AppData\Roaming\Python\Python312\site-packages\starlette\middleware\base.py", line 193, in __call__
    response = await self.dispatch_func(request, call_next)
               ^^^^^^^^^^^^^^^^^^^^^^^^^^^^^^^^^^^^^^^^^^^^
  File "C:\mysite\whdb3\whdb3-api\app\core\logging.py", line 53, in dispatch
    response = await call_next(request)
               ^^^^^^^^^^^^^^^^^^^^^^^^
  File "C:\Users\69588\AppData\Roaming\Python\Python312\site-packages\starlette\middleware\base.py", line 168, in call_next
    raise app_exc from app_exc.__cause__ or app_exc.__context__
  File "C:\Users\69588\AppData\Roaming\Python\Python312\site-packages\starlette\middleware\base.py", line 144, in coro
    await self.app(scope, receive_or_disconnect, send_no_error)
  File "C:\Users\69588\AppData\Roaming\Python\Python312\site-packages\starlette\middleware\exceptions.py", line 63, in __call__
    await wrap_app_handling_exceptions(self.app, conn)(scope, receive, send)
  File "C:\Users\69588\AppData\Roaming\Python\Python312\site-packages\starlette\_exception_handler.py", line 53, in wrapped_app
    raise exc
  File "C:\Users\69588\AppData\Roaming\Python\Python312\site-packages\starlette\_exception_handler.py", line 42, in wrapped_app
    await app(scope, receive, sender)
  File "C:\Users\69588\AppData\Roaming\Python\Python312\site-packages\fastapi\middleware\asyncexitstack.py", line 18, in __call__
    await self.app(scope, receive, send)
  File "C:\Users\69588\AppData\Roaming\Python\Python312\site-packages\starlette\routing.py", line 660, in __call__
    await self.middleware_stack(scope, receive, send)
  File "C:\Users\69588\AppData\Roaming\Python\Python312\site-packages\starlette\routing.py", line 680, in app
    await route.handle(scope, receive, send)
  File "C:\Users\69588\AppData\Roaming\Python\Python312\site-packages\starlette\routing.py", line 276, in handle
    await self.app(scope, receive, send)
  File "C:\Users\69588\AppData\Roaming\Python\Python312\site-packages\fastapi\routing.py", line 134, in app
    await wrap_app_handling_exceptions(app, request)(scope, receive, send)
  File "C:\Users\69588\AppData\Roaming\Python\Python312\site-packages\starlette\_exception_handler.py", line 53, in wrapped_app
    raise exc
  File "C:\Users\69588\AppData\Roaming\Python\Python312\site-packages\starlette\_exception_handler.py", line 42, in wrapped_app
    await app(scope, receive, sender)
  File "C:\Users\69588\AppData\Roaming\Python\Python312\site-packages\fastapi\routing.py", line 120, in app
    response = await f(request)
               ^^^^^^^^^^^^^^^^
  File "C:\Users\69588\AppData\Roaming\Python\Python312\site-packages\fastapi\routing.py", line 457, in app
    solved_result = await solve_dependencies(
                    ^^^^^^^^^^^^^^^^^^^^^^^^^
  File "C:\Users\69588\AppData\Roaming\Python\Python312\site-packages\fastapi\dependencies\utils.py", line 649, in solve_dependencies
    solved_result = await solve_dependencies(
                    ^^^^^^^^^^^^^^^^^^^^^^^^^
  File "C:\Users\69588\AppData\Roaming\Python\Python312\site-packages\fastapi\dependencies\utils.py", line 680, in solve_dependencies
    solved = await run_in_threadpool(call, **solved_result.values)
             ^^^^^^^^^^^^^^^^^^^^^^^^^^^^^^^^^^^^^^^^^^^^^^^^^^^^^
  File "C:\Users\69588\AppData\Roaming\Python\Python312\site-packages\starlette\concurrency.py", line 32, in run_in_threadpool
    return await anyio.to_thread.run_sync(func)
           ^^^^^^^^^^^^^^^^^^^^^^^^^^^^^^^^^^^^
  File "C:\Users\69588\AppData\Roaming\Python\Python312\site-packages\anyio\to_thread.py", line 63, in run_sync
    return await get_async_backend().run_sync_in_worker_thread(
           ^^^^^^^^^^^^^^^^^^^^^^^^^^^^^^^^^^^^^^^^^^^^^^^^^^^^
  File "C:\Users\69588\AppData\Roaming\Python\Python312\site-packages\anyio\_backends\_asyncio.py", line 2502, in run_sync_in_worker_thread
    return await future
           ^^^^^^^^^^^^
  File "C:\Users\69588\AppData\Roaming\Python\Python312\site-packages\anyio\_backends\_asyncio.py", line 986, in run
    result = context.run(func, *args)
             ^^^^^^^^^^^^^^^^^^^^^^^^
  File "C:\mysite\whdb3\whdb3-api\app\core\deps.py", line 57, in get_current_user
    return context_service.load_auth_context(db, user_id)
           ^^^^^^^^^^^^^^^^^^^^^^^^^^^^^^^^^^^^^^^^^^^^^^
  File "C:\mysite\whdb3\whdb3-api\app\user\services\context_service.py", line 85, in load_auth_context
    user = db.get(User, user_id)
           ^^^^^^^^^^^^^^^^^^^^^
  File "C:\Users\69588\.conda\envs\whdb3\Lib\site-packages\sqlalchemy\orm\session.py", line 3702, in get
    return self._get_impl(
           ^^^^^^^^^^^^^^^
  File "C:\Users\69588\.conda\envs\whdb3\Lib\site-packages\sqlalchemy\orm\session.py", line 3881, in _get_impl
    return db_load_fn(
           ^^^^^^^^^^^
  File "C:\Users\69588\.conda\envs\whdb3\Lib\site-packages\sqlalchemy\orm\loading.py", line 695, in load_on_pk_identity
    session.execute(
  File "C:\Users\69588\.conda\envs\whdb3\Lib\site-packages\sqlalchemy\orm\session.py", line 2373, in execute
    return self._execute_internal(
           ^^^^^^^^^^^^^^^^^^^^^^^
  File "C:\Users\69588\.conda\envs\whdb3\Lib\site-packages\sqlalchemy\orm\session.py", line 2271, in _execute_internal
    result: Result[Any] = compile_state_cls.orm_execute_statement(
                          ^^^^^^^^^^^^^^^^^^^^^^^^^^^^^^^^^^^^^^^^
  File "C:\Users\69588\.conda\envs\whdb3\Lib\site-packages\sqlalchemy\orm\context.py", line 306, in orm_execute_statement
    result = conn.execute(
             ^^^^^^^^^^^^^
  File "C:\Users\69588\.conda\envs\whdb3\Lib\site-packages\sqlalchemy\engine\base.py", line 1421, in execute
    return meth(
           ^^^^^
  File "C:\Users\69588\.conda\envs\whdb3\Lib\site-packages\sqlalchemy\sql\elements.py", line 526, in _execute_on_connection
    return connection._execute_clauseelement(
           ^^^^^^^^^^^^^^^^^^^^^^^^^^^^^^^^^^
  File "C:\Users\69588\.conda\envs\whdb3\Lib\site-packages\sqlalchemy\engine\base.py", line 1643, in _execute_clauseelement
    ret = self._execute_context(
          ^^^^^^^^^^^^^^^^^^^^^^
  File "C:\Users\69588\.conda\envs\whdb3\Lib\site-packages\sqlalchemy\engine\base.py", line 1848, in _execute_context
    return self._exec_single_context(
           ^^^^^^^^^^^^^^^^^^^^^^^^^^
  File "C:\Users\69588\.conda\envs\whdb3\Lib\site-packages\sqlalchemy\engine\base.py", line 1988, in _exec_single_context
    self._handle_dbapi_exception(
  File "C:\Users\69588\.conda\envs\whdb3\Lib\site-packages\sqlalchemy\engine\base.py", line 2365, in _handle_dbapi_exception
    raise sqlalchemy_exception.with_traceback(exc_info[2]) from e
  File "C:\Users\69588\.conda\envs\whdb3\Lib\site-packages\sqlalchemy\engine\base.py", line 1969, in _exec_single_context
    self.dialect.do_execute(
  File "C:\Users\69588\.conda\envs\whdb3\Lib\site-packages\sqlalchemy\engine\default.py", line 952, in do_execute
    cursor.execute(statement, parameters)
  File "C:\Users\69588\AppData\Roaming\Python\Python312\site-packages\pymysql\cursors.py", line 153, in execute
    result = self._query(query)
             ^^^^^^^^^^^^^^^^^^
  File "C:\Users\69588\AppData\Roaming\Python\Python312\site-packages\pymysql\cursors.py", line 322, in _query
    conn.query(q)
  File "C:\Users\69588\AppData\Roaming\Python\Python312\site-packages\pymysql\connections.py", line 563, in query
    self._affected_rows = self._read_query_result(unbuffered=unbuffered)
                          ^^^^^^^^^^^^^^^^^^^^^^^^^^^^^^^^^^^^^^^^^^^^^^
  File "C:\Users\69588\AppData\Roaming\Python\Python312\site-packages\pymysql\connections.py", line 825, in _read_query_result
    result.read()
  File "C:\Users\69588\AppData\Roaming\Python\Python312\site-packages\pymysql\connections.py", line 1199, in read
    first_packet = self.connection._read_packet()
                   ^^^^^^^^^^^^^^^^^^^^^^^^^^^^^^
  File "C:\Users\69588\AppData\Roaming\Python\Python312\site-packages\pymysql\connections.py", line 775, in _read_packet
    packet.raise_for_error()
  File "C:\Users\69588\AppData\Roaming\Python\Python312\site-packages\pymysql\protocol.py", line 219, in raise_for_error
    err.raise_mysql_exception(self._data)
  File "C:\Users\69588\AppData\Roaming\Python\Python312\site-packages\pymysql\err.py", line 150, in raise_mysql_exception
    raise errorclass(errno, errval)
sqlalchemy.exc.OperationalError: (pymysql.err.OperationalError) (1054, "Unknown column 'users.is_deleted' in 'field list'")
[SQL: SELECT users.username AS users_username, users.name AS users_name, users.email AS users_email, users.phone AS users_phone, users.avatar_url AS users_avatar_url, users.password_hash AS users_password_hash, users.gender AS users_gender, users.dept_id AS users_dept_id, users.position AS users_position, users.status AS users_status, users.is_deleted AS users_is_deleted, users.is_super_admin AS users_is_super_admin, users.must_change_password AS users_must_change_password, users.login_fail_count AS users_login_fail_count, users.last_login_at AS users_last_login_at, users.last_login_ip AS users_last_login_ip, users.id AS users_id, users.created_by AS users_created_by, users.created_at AS users_created_at, users.updated_at AS users_updated_at 
FROM users 
WHERE users.id = %(pk_1)s]
[parameters: {'pk_1': 8}]
(Background on this error at: https://sqlalche.me/e/20/e3q8)
2026-09-23 13:56:51,448 ERROR [beef69b0672c] app.main: unhandled error: (pymysql.err.OperationalError) (1054, "Unknown column 'users.is_deleted' in 'field list'")
[SQL: SELECT users.username AS users_username, users.name AS users_name, users.email AS users_email, users.phone AS users_phone, users.avatar_url AS users_avatar_url, users.password_hash AS users_password_hash, users.gender AS users_gender, users.dept_id AS users_dept_id, users.position AS users_position, users.status AS users_status, users.is_deleted AS users_is_deleted, users.is_super_admin AS users_is_super_admin, users.must_change_password AS users_must_change_password, users.login_fail_count AS users_login_fail_count, users.last_login_at AS users_last_login_at, users.last_login_ip AS users_last_login_ip, users.id AS users_id, users.created_by AS users_created_by, users.created_at AS users_created_at, users.updated_at AS users_updated_at 
FROM users 
WHERE users.id = %(pk_1)s]
[parameters: {'pk_1': 8}]
(Background on this error at: https://sqlalche.me/e/20/e3q8)
Traceback (most recent call last):
  File "C:\Users\69588\.conda\envs\whdb3\Lib\site-packages\sqlalchemy\engine\base.py", line 1969, in _exec_single_context
    self.dialect.do_execute(
  File "C:\Users\69588\.conda\envs\whdb3\Lib\site-packages\sqlalchemy\engine\default.py", line 952, in do_execute
    cursor.execute(statement, parameters)
  File "C:\Users\69588\AppData\Roaming\Python\Python312\site-packages\pymysql\cursors.py", line 153, in execute
    result = self._query(query)
             ^^^^^^^^^^^^^^^^^^
  File "C:\Users\69588\AppData\Roaming\Python\Python312\site-packages\pymysql\cursors.py", line 322, in _query
    conn.query(q)
  File "C:\Users\69588\AppData\Roaming\Python\Python312\site-packages\pymysql\connections.py", line 563, in query
    self._affected_rows = self._read_query_result(unbuffered=unbuffered)
                          ^^^^^^^^^^^^^^^^^^^^^^^^^^^^^^^^^^^^^^^^^^^^^^
  File "C:\Users\69588\AppData\Roaming\Python\Python312\site-packages\pymysql\connections.py", line 825, in _read_query_result
    result.read()
  File "C:\Users\69588\AppData\Roaming\Python\Python312\site-packages\pymysql\connections.py", line 1199, in read
    first_packet = self.connection._read_packet()
                   ^^^^^^^^^^^^^^^^^^^^^^^^^^^^^^
  File "C:\Users\69588\AppData\Roaming\Python\Python312\site-packages\pymysql\connections.py", line 775, in _read_packet
    packet.raise_for_error()
  File "C:\Users\69588\AppData\Roaming\Python\Python312\site-packages\pymysql\protocol.py", line 219, in raise_for_error
    err.raise_mysql_exception(self._data)
  File "C:\Users\69588\AppData\Roaming\Python\Python312\site-packages\pymysql\err.py", line 150, in raise_mysql_exception
    raise errorclass(errno, errval)
pymysql.err.OperationalError: (1054, "Unknown column 'users.is_deleted' in 'field list'")

The above exception was the direct cause of the following exception:

Traceback (most recent call last):
  File "C:\Users\69588\AppData\Roaming\Python\Python312\site-packages\starlette\middleware\errors.py", line 164, in __call__
    await self.app(scope, receive, _send)
  File "C:\Users\69588\AppData\Roaming\Python\Python312\site-packages\starlette\middleware\base.py", line 191, in __call__
    with recv_stream, send_stream, collapse_excgroups():
                                   ^^^^^^^^^^^^^^^^^^^^
  File "C:\Users\69588\.conda\envs\whdb3\Lib\contextlib.py", line 158, in __exit__
    self.gen.throw(value)
  File "C:\Users\69588\AppData\Roaming\Python\Python312\site-packages\starlette\_utils.py", line 87, in collapse_excgroups
    raise exc
  File "C:\Users\69588\AppData\Roaming\Python\Python312\site-packages\starlette\middleware\base.py", line 193, in __call__
    response = await self.dispatch_func(request, call_next)
               ^^^^^^^^^^^^^^^^^^^^^^^^^^^^^^^^^^^^^^^^^^^^
  File "C:\mysite\whdb3\whdb3-api\app\core\logging.py", line 53, in dispatch
    response = await call_next(request)
               ^^^^^^^^^^^^^^^^^^^^^^^^
  File "C:\Users\69588\AppData\Roaming\Python\Python312\site-packages\starlette\middleware\base.py", line 168, in call_next
    raise app_exc from app_exc.__cause__ or app_exc.__context__
  File "C:\Users\69588\AppData\Roaming\Python\Python312\site-packages\starlette\middleware\base.py", line 144, in coro
    await self.app(scope, receive_or_disconnect, send_no_error)
  File "C:\Users\69588\AppData\Roaming\Python\Python312\site-packages\starlette\middleware\exceptions.py", line 63, in __call__
    await wrap_app_handling_exceptions(self.app, conn)(scope, receive, send)
  File "C:\Users\69588\AppData\Roaming\Python\Python312\site-packages\starlette\_exception_handler.py", line 53, in wrapped_app
    raise exc
  File "C:\Users\69588\AppData\Roaming\Python\Python312\site-packages\starlette\_exception_handler.py", line 42, in wrapped_app
    await app(scope, receive, sender)
  File "C:\Users\69588\AppData\Roaming\Python\Python312\site-packages\fastapi\middleware\asyncexitstack.py", line 18, in __call__
    await self.app(scope, receive, send)
  File "C:\Users\69588\AppData\Roaming\Python\Python312\site-packages\starlette\routing.py", line 660, in __call__
    await self.middleware_stack(scope, receive, send)
  File "C:\Users\69588\AppData\Roaming\Python\Python312\site-packages\starlette\routing.py", line 680, in app
    await route.handle(scope, receive, send)
  File "C:\Users\69588\AppData\Roaming\Python\Python312\site-packages\starlette\routing.py", line 276, in handle
    await self.app(scope, receive, send)
  File "C:\Users\69588\AppData\Roaming\Python\Python312\site-packages\fastapi\routing.py", line 134, in app
    await wrap_app_handling_exceptions(app, request)(scope, receive, send)
  File "C:\Users\69588\AppData\Roaming\Python\Python312\site-packages\starlette\_exception_handler.py", line 53, in wrapped_app
    raise exc
  File "C:\Users\69588\AppData\Roaming\Python\Python312\site-packages\starlette\_exception_handler.py", line 42, in wrapped_app
    await app(scope, receive, sender)
  File "C:\Users\69588\AppData\Roaming\Python\Python312\site-packages\fastapi\routing.py", line 120, in app
    response = await f(request)
               ^^^^^^^^^^^^^^^^
  File "C:\Users\69588\AppData\Roaming\Python\Python312\site-packages\fastapi\routing.py", line 457, in app
    solved_result = await solve_dependencies(
                    ^^^^^^^^^^^^^^^^^^^^^^^^^
  File "C:\Users\69588\AppData\Roaming\Python\Python312\site-packages\fastapi\dependencies\utils.py", line 649, in solve_dependencies
    solved_result = await solve_dependencies(
                    ^^^^^^^^^^^^^^^^^^^^^^^^^
  File "C:\Users\69588\AppData\Roaming\Python\Python312\site-packages\fastapi\dependencies\utils.py", line 680, in solve_dependencies
    solved = await run_in_threadpool(call, **solved_result.values)
             ^^^^^^^^^^^^^^^^^^^^^^^^^^^^^^^^^^^^^^^^^^^^^^^^^^^^^
  File "C:\Users\69588\AppData\Roaming\Python\Python312\site-packages\starlette\concurrency.py", line 32, in run_in_threadpool
    return await anyio.to_thread.run_sync(func)
           ^^^^^^^^^^^^^^^^^^^^^^^^^^^^^^^^^^^^
  File "C:\Users\69588\AppData\Roaming\Python\Python312\site-packages\anyio\to_thread.py", line 63, in run_sync
    return await get_async_backend().run_sync_in_worker_thread(
           ^^^^^^^^^^^^^^^^^^^^^^^^^^^^^^^^^^^^^^^^^^^^^^^^^^^^
  File "C:\Users\69588\AppData\Roaming\Python\Python312\site-packages\anyio\_backends\_asyncio.py", line 2502, in run_sync_in_worker_thread
    return await future
           ^^^^^^^^^^^^
  File "C:\Users\69588\AppData\Roaming\Python\Python312\site-packages\anyio\_backends\_asyncio.py", line 986, in run
    result = context.run(func, *args)
             ^^^^^^^^^^^^^^^^^^^^^^^^
  File "C:\mysite\whdb3\whdb3-api\app\core\deps.py", line 57, in get_current_user
    return context_service.load_auth_context(db, user_id)
           ^^^^^^^^^^^^^^^^^^^^^^^^^^^^^^^^^^^^^^^^^^^^^^
  File "C:\mysite\whdb3\whdb3-api\app\user\services\context_service.py", line 85, in load_auth_context
    user = db.get(User, user_id)
           ^^^^^^^^^^^^^^^^^^^^^
  File "C:\Users\69588\.conda\envs\whdb3\Lib\site-packages\sqlalchemy\orm\session.py", line 3702, in get
    return self._get_impl(
           ^^^^^^^^^^^^^^^
  File "C:\Users\69588\.conda\envs\whdb3\Lib\site-packages\sqlalchemy\orm\session.py", line 3881, in _get_impl
    return db_load_fn(
           ^^^^^^^^^^^
  File "C:\Users\69588\.conda\envs\whdb3\Lib\site-packages\sqlalchemy\orm\loading.py", line 695, in load_on_pk_identity
    session.execute(
  File "C:\Users\69588\.conda\envs\whdb3\Lib\site-packages\sqlalchemy\orm\session.py", line 2373, in execute
    return self._execute_internal(
           ^^^^^^^^^^^^^^^^^^^^^^^
  File "C:\Users\69588\.conda\envs\whdb3\Lib\site-packages\sqlalchemy\orm\session.py", line 2271, in _execute_internal
    result: Result[Any] = compile_state_cls.orm_execute_statement(
                          ^^^^^^^^^^^^^^^^^^^^^^^^^^^^^^^^^^^^^^^^
  File "C:\Users\69588\.conda\envs\whdb3\Lib\site-packages\sqlalchemy\orm\context.py", line 306, in orm_execute_statement
    result = conn.execute(
             ^^^^^^^^^^^^^
  File "C:\Users\69588\.conda\envs\whdb3\Lib\site-packages\sqlalchemy\engine\base.py", line 1421, in execute
    return meth(
           ^^^^^
  File "C:\Users\69588\.conda\envs\whdb3\Lib\site-packages\sqlalchemy\sql\elements.py", line 526, in _execute_on_connection
    return connection._execute_clauseelement(
           ^^^^^^^^^^^^^^^^^^^^^^^^^^^^^^^^^^
  File "C:\Users\69588\.conda\envs\whdb3\Lib\site-packages\sqlalchemy\engine\base.py", line 1643, in _execute_clauseelement
    ret = self._execute_context(
          ^^^^^^^^^^^^^^^^^^^^^^
  File "C:\Users\69588\.conda\envs\whdb3\Lib\site-packages\sqlalchemy\engine\base.py", line 1848, in _execute_context
    return self._exec_single_context(
           ^^^^^^^^^^^^^^^^^^^^^^^^^^
  File "C:\Users\69588\.conda\envs\whdb3\Lib\site-packages\sqlalchemy\engine\base.py", line 1988, in _exec_single_context
    self._handle_dbapi_exception(
  File "C:\Users\69588\.conda\envs\whdb3\Lib\site-packages\sqlalchemy\engine\base.py", line 2365, in _handle_dbapi_exception
    raise sqlalchemy_exception.with_traceback(exc_info[2]) from e
  File "C:\Users\69588\.conda\envs\whdb3\Lib\site-packages\sqlalchemy\engine\base.py", line 1969, in _exec_single_context
    self.dialect.do_execute(
  File "C:\Users\69588\.conda\envs\whdb3\Lib\site-packages\sqlalchemy\engine\default.py", line 952, in do_execute
    cursor.execute(statement, parameters)
  File "C:\Users\69588\AppData\Roaming\Python\Python312\site-packages\pymysql\cursors.py", line 153, in execute
    result = self._query(query)
             ^^^^^^^^^^^^^^^^^^
  File "C:\Users\69588\AppData\Roaming\Python\Python312\site-packages\pymysql\cursors.py", line 322, in _query
    conn.query(q)
  File "C:\Users\69588\AppData\Roaming\Python\Python312\site-packages\pymysql\connections.py", line 563, in query
    self._affected_rows = self._read_query_result(unbuffered=unbuffered)
                          ^^^^^^^^^^^^^^^^^^^^^^^^^^^^^^^^^^^^^^^^^^^^^^
  File "C:\Users\69588\AppData\Roaming\Python\Python312\site-packages\pymysql\connections.py", line 825, in _read_query_result
    result.read()
  File "C:\Users\69588\AppData\Roaming\Python\Python312\site-packages\pymysql\connections.py", line 1199, in read
    first_packet = self.connection._read_packet()
                   ^^^^^^^^^^^^^^^^^^^^^^^^^^^^^^
  File "C:\Users\69588\AppData\Roaming\Python\Python312\site-packages\pymysql\connections.py", line 775, in _read_packet
    packet.raise_for_error()
  File "C:\Users\69588\AppData\Roaming\Python\Python312\site-packages\pymysql\protocol.py", line 219, in raise_for_error
    err.raise_mysql_exception(self._data)
  File "C:\Users\69588\AppData\Roaming\Python\Python312\site-packages\pymysql\err.py", line 150, in raise_mysql_exception
    raise errorclass(errno, errval)
sqlalchemy.exc.OperationalError: (pymysql.err.OperationalError) (1054, "Unknown column 'users.is_deleted' in 'field list'")
[SQL: SELECT users.username AS users_username, users.name AS users_name, users.email AS users_email, users.phone AS users_phone, users.avatar_url AS users_avatar_url, users.password_hash AS users_password_hash, users.gender AS users_gender, users.dept_id AS users_dept_id, users.position AS users_position, users.status AS users_status, users.is_deleted AS users_is_deleted, users.is_super_admin AS users_is_super_admin, users.must_change_password AS users_must_change_password, users.login_fail_count AS users_login_fail_count, users.last_login_at AS users_last_login_at, users.last_login_ip AS users_last_login_ip, users.id AS users_id, users.created_by AS users_created_by, users.created_at AS users_created_at, users.updated_at AS users_updated_at 
FROM users 
WHERE users.id = %(pk_1)s]
[parameters: {'pk_1': 8}]
(Background on this error at: https://sqlalche.me/e/20/e3q8)
2026-09-23 13:56:51,455 ERROR [52a55b844fad] app.main: unhandled error: (pymysql.err.OperationalError) (1054, "Unknown column 'users.is_deleted' in 'field list'")
[SQL: SELECT users.username AS users_username, users.name AS users_name, users.email AS users_email, users.phone AS users_phone, users.avatar_url AS users_avatar_url, users.password_hash AS users_password_hash, users.gender AS users_gender, users.dept_id AS users_dept_id, users.position AS users_position, users.status AS users_status, users.is_deleted AS users_is_deleted, users.is_super_admin AS users_is_super_admin, users.must_change_password AS users_must_change_password, users.login_fail_count AS users_login_fail_count, users.last_login_at AS users_last_login_at, users.last_login_ip AS users_last_login_ip, users.id AS users_id, users.created_by AS users_created_by, users.created_at AS users_created_at, users.updated_at AS users_updated_at 
FROM users 
WHERE users.id = %(pk_1)s]
[parameters: {'pk_1': 8}]
(Background on this error at: https://sqlalche.me/e/20/e3q8)
Traceback (most recent call last):
  File "C:\Users\69588\.conda\envs\whdb3\Lib\site-packages\sqlalchemy\engine\base.py", line 1969, in _exec_single_context
    self.dialect.do_execute(
  File "C:\Users\69588\.conda\envs\whdb3\Lib\site-packages\sqlalchemy\engine\default.py", line 952, in do_execute
    cursor.execute(statement, parameters)
  File "C:\Users\69588\AppData\Roaming\Python\Python312\site-packages\pymysql\cursors.py", line 153, in execute
    result = self._query(query)
             ^^^^^^^^^^^^^^^^^^
  File "C:\Users\69588\AppData\Roaming\Python\Python312\site-packages\pymysql\cursors.py", line 322, in _query
    conn.query(q)
  File "C:\Users\69588\AppData\Roaming\Python\Python312\site-packages\pymysql\connections.py", line 563, in query
    self._affected_rows = self._read_query_result(unbuffered=unbuffered)
                          ^^^^^^^^^^^^^^^^^^^^^^^^^^^^^^^^^^^^^^^^^^^^^^
  File "C:\Users\69588\AppData\Roaming\Python\Python312\site-packages\pymysql\connections.py", line 825, in _read_query_result
    result.read()
  File "C:\Users\69588\AppData\Roaming\Python\Python312\site-packages\pymysql\connections.py", line 1199, in read
    first_packet = self.connection._read_packet()
                   ^^^^^^^^^^^^^^^^^^^^^^^^^^^^^^
  File "C:\Users\69588\AppData\Roaming\Python\Python312\site-packages\pymysql\connections.py", line 775, in _read_packet
    packet.raise_for_error()
  File "C:\Users\69588\AppData\Roaming\Python\Python312\site-packages\pymysql\protocol.py", line 219, in raise_for_error
    err.raise_mysql_exception(self._data)
  File "C:\Users\69588\AppData\Roaming\Python\Python312\site-packages\pymysql\err.py", line 150, in raise_mysql_exception
    raise errorclass(errno, errval)
pymysql.err.OperationalError: (1054, "Unknown column 'users.is_deleted' in 'field list'")

The above exception was the direct cause of the following exception:

Traceback (most recent call last):
  File "C:\Users\69588\AppData\Roaming\Python\Python312\site-packages\starlette\middleware\errors.py", line 164, in __call__
    await self.app(scope, receive, _send)
  File "C:\Users\69588\AppData\Roaming\Python\Python312\site-packages\starlette\middleware\base.py", line 191, in __call__
    with recv_stream, send_stream, collapse_excgroups():
                                   ^^^^^^^^^^^^^^^^^^^^
  File "C:\Users\69588\.conda\envs\whdb3\Lib\contextlib.py", line 158, in __exit__
    self.gen.throw(value)
  File "C:\Users\69588\AppData\Roaming\Python\Python312\site-packages\starlette\_utils.py", line 87, in collapse_excgroups
    raise exc
  File "C:\Users\69588\AppData\Roaming\Python\Python312\site-packages\starlette\middleware\base.py", line 193, in __call__
    response = await self.dispatch_func(request, call_next)
               ^^^^^^^^^^^^^^^^^^^^^^^^^^^^^^^^^^^^^^^^^^^^
  File "C:\mysite\whdb3\whdb3-api\app\core\logging.py", line 53, in dispatch
    response = await call_next(request)
               ^^^^^^^^^^^^^^^^^^^^^^^^
  File "C:\Users\69588\AppData\Roaming\Python\Python312\site-packages\starlette\middleware\base.py", line 168, in call_next
    raise app_exc from app_exc.__cause__ or app_exc.__context__
  File "C:\Users\69588\AppData\Roaming\Python\Python312\site-packages\starlette\middleware\base.py", line 144, in coro
    await self.app(scope, receive_or_disconnect, send_no_error)
  File "C:\Users\69588\AppData\Roaming\Python\Python312\site-packages\starlette\middleware\exceptions.py", line 63, in __call__
    await wrap_app_handling_exceptions(self.app, conn)(scope, receive, send)
  File "C:\Users\69588\AppData\Roaming\Python\Python312\site-packages\starlette\_exception_handler.py", line 53, in wrapped_app
    raise exc
  File "C:\Users\69588\AppData\Roaming\Python\Python312\site-packages\starlette\_exception_handler.py", line 42, in wrapped_app
    await app(scope, receive, sender)
  File "C:\Users\69588\AppData\Roaming\Python\Python312\site-packages\fastapi\middleware\asyncexitstack.py", line 18, in __call__
    await self.app(scope, receive, send)
  File "C:\Users\69588\AppData\Roaming\Python\Python312\site-packages\starlette\routing.py", line 660, in __call__
    await self.middleware_stack(scope, receive, send)
  File "C:\Users\69588\AppData\Roaming\Python\Python312\site-packages\starlette\routing.py", line 680, in app
    await route.handle(scope, receive, send)
  File "C:\Users\69588\AppData\Roaming\Python\Python312\site-packages\starlette\routing.py", line 276, in handle
    await self.app(scope, receive, send)
  File "C:\Users\69588\AppData\Roaming\Python\Python312\site-packages\fastapi\routing.py", line 134, in app
    await wrap_app_handling_exceptions(app, request)(scope, receive, send)
  File "C:\Users\69588\AppData\Roaming\Python\Python312\site-packages\starlette\_exception_handler.py", line 53, in wrapped_app
    raise exc
  File "C:\Users\69588\AppData\Roaming\Python\Python312\site-packages\starlette\_exception_handler.py", line 42, in wrapped_app
    await app(scope, receive, sender)
  File "C:\Users\69588\AppData\Roaming\Python\Python312\site-packages\fastapi\routing.py", line 120, in app
    response = await f(request)
               ^^^^^^^^^^^^^^^^
  File "C:\Users\69588\AppData\Roaming\Python\Python312\site-packages\fastapi\routing.py", line 457, in app
    solved_result = await solve_dependencies(
                    ^^^^^^^^^^^^^^^^^^^^^^^^^
  File "C:\Users\69588\AppData\Roaming\Python\Python312\site-packages\fastapi\dependencies\utils.py", line 649, in solve_dependencies
    solved_result = await solve_dependencies(
                    ^^^^^^^^^^^^^^^^^^^^^^^^^
  File "C:\Users\69588\AppData\Roaming\Python\Python312\site-packages\fastapi\dependencies\utils.py", line 680, in solve_dependencies
    solved = await run_in_threadpool(call, **solved_result.values)
             ^^^^^^^^^^^^^^^^^^^^^^^^^^^^^^^^^^^^^^^^^^^^^^^^^^^^^
  File "C:\Users\69588\AppData\Roaming\Python\Python312\site-packages\starlette\concurrency.py", line 32, in run_in_threadpool
    return await anyio.to_thread.run_sync(func)
           ^^^^^^^^^^^^^^^^^^^^^^^^^^^^^^^^^^^^
  File "C:\Users\69588\AppData\Roaming\Python\Python312\site-packages\anyio\to_thread.py", line 63, in run_sync
    return await get_async_backend().run_sync_in_worker_thread(
           ^^^^^^^^^^^^^^^^^^^^^^^^^^^^^^^^^^^^^^^^^^^^^^^^^^^^
  File "C:\Users\69588\AppData\Roaming\Python\Python312\site-packages\anyio\_backends\_asyncio.py", line 2502, in run_sync_in_worker_thread
    return await future
           ^^^^^^^^^^^^
  File "C:\Users\69588\AppData\Roaming\Python\Python312\site-packages\anyio\_backends\_asyncio.py", line 986, in run
    result = context.run(func, *args)
             ^^^^^^^^^^^^^^^^^^^^^^^^
  File "C:\mysite\whdb3\whdb3-api\app\core\deps.py", line 57, in get_current_user
    return context_service.load_auth_context(db, user_id)
           ^^^^^^^^^^^^^^^^^^^^^^^^^^^^^^^^^^^^^^^^^^^^^^
  File "C:\mysite\whdb3\whdb3-api\app\user\services\context_service.py", line 85, in load_auth_context
    user = db.get(User, user_id)
           ^^^^^^^^^^^^^^^^^^^^^
  File "C:\Users\69588\.conda\envs\whdb3\Lib\site-packages\sqlalchemy\orm\session.py", line 3702, in get
    return self._get_impl(
           ^^^^^^^^^^^^^^^
  File "C:\Users\69588\.conda\envs\whdb3\Lib\site-packages\sqlalchemy\orm\session.py", line 3881, in _get_impl
    return db_load_fn(
           ^^^^^^^^^^^
  File "C:\Users\69588\.conda\envs\whdb3\Lib\site-packages\sqlalchemy\orm\loading.py", line 695, in load_on_pk_identity
    session.execute(
  File "C:\Users\69588\.conda\envs\whdb3\Lib\site-packages\sqlalchemy\orm\session.py", line 2373, in execute
    return self._execute_internal(
           ^^^^^^^^^^^^^^^^^^^^^^^
  File "C:\Users\69588\.conda\envs\whdb3\Lib\site-packages\sqlalchemy\orm\session.py", line 2271, in _execute_internal
    result: Result[Any] = compile_state_cls.orm_execute_statement(
                          ^^^^^^^^^^^^^^^^^^^^^^^^^^^^^^^^^^^^^^^^
  File "C:\Users\69588\.conda\envs\whdb3\Lib\site-packages\sqlalchemy\orm\context.py", line 306, in orm_execute_statement
    result = conn.execute(
             ^^^^^^^^^^^^^
  File "C:\Users\69588\.conda\envs\whdb3\Lib\site-packages\sqlalchemy\engine\base.py", line 1421, in execute
    return meth(
           ^^^^^
  File "C:\Users\69588\.conda\envs\whdb3\Lib\site-packages\sqlalchemy\sql\elements.py", line 526, in _execute_on_connection
    return connection._execute_clauseelement(
           ^^^^^^^^^^^^^^^^^^^^^^^^^^^^^^^^^^
  File "C:\Users\69588\.conda\envs\whdb3\Lib\site-packages\sqlalchemy\engine\base.py", line 1643, in _execute_clauseelement
    ret = self._execute_context(
          ^^^^^^^^^^^^^^^^^^^^^^
  File "C:\Users\69588\.conda\envs\whdb3\Lib\site-packages\sqlalchemy\engine\base.py", line 1848, in _execute_context
    return self._exec_single_context(
           ^^^^^^^^^^^^^^^^^^^^^^^^^^
  File "C:\Users\69588\.conda\envs\whdb3\Lib\site-packages\sqlalchemy\engine\base.py", line 1988, in _exec_single_context
    self._handle_dbapi_exception(
  File "C:\Users\69588\.conda\envs\whdb3\Lib\site-packages\sqlalchemy\engine\base.py", line 2365, in _handle_dbapi_exception
    raise sqlalchemy_exception.with_traceback(exc_info[2]) from e
  File "C:\Users\69588\.conda\envs\whdb3\Lib\site-packages\sqlalchemy\engine\base.py", line 1969, in _exec_single_context
    self.dialect.do_execute(
  File "C:\Users\69588\.conda\envs\whdb3\Lib\site-packages\sqlalchemy\engine\default.py", line 952, in do_execute
    cursor.execute(statement, parameters)
  File "C:\Users\69588\AppData\Roaming\Python\Python312\site-packages\pymysql\cursors.py", line 153, in execute
    result = self._query(query)
             ^^^^^^^^^^^^^^^^^^
  File "C:\Users\69588\AppData\Roaming\Python\Python312\site-packages\pymysql\cursors.py", line 322, in _query
    conn.query(q)
  File "C:\Users\69588\AppData\Roaming\Python\Python312\site-packages\pymysql\connections.py", line 563, in query
    self._affected_rows = self._read_query_result(unbuffered=unbuffered)
                          ^^^^^^^^^^^^^^^^^^^^^^^^^^^^^^^^^^^^^^^^^^^^^^
  File "C:\Users\69588\AppData\Roaming\Python\Python312\site-packages\pymysql\connections.py", line 825, in _read_query_result
    result.read()
  File "C:\Users\69588\AppData\Roaming\Python\Python312\site-packages\pymysql\connections.py", line 1199, in read
    first_packet = self.connection._read_packet()
                   ^^^^^^^^^^^^^^^^^^^^^^^^^^^^^^
  File "C:\Users\69588\AppData\Roaming\Python\Python312\site-packages\pymysql\connections.py", line 775, in _read_packet
    packet.raise_for_error()
  File "C:\Users\69588\AppData\Roaming\Python\Python312\site-packages\pymysql\protocol.py", line 219, in raise_for_error
    err.raise_mysql_exception(self._data)
  File "C:\Users\69588\AppData\Roaming\Python\Python312\site-packages\pymysql\err.py", line 150, in raise_mysql_exception
    raise errorclass(errno, errval)
sqlalchemy.exc.OperationalError: (pymysql.err.OperationalError) (1054, "Unknown column 'users.is_deleted' in 'field list'")
[SQL: SELECT users.username AS users_username, users.name AS users_name, users.email AS users_email, users.phone AS users_phone, users.avatar_url AS users_avatar_url, users.password_hash AS users_password_hash, users.gender AS users_gender, users.dept_id AS users_dept_id, users.position AS users_position, users.status AS users_status, users.is_deleted AS users_is_deleted, users.is_super_admin AS users_is_super_admin, users.must_change_password AS users_must_change_password, users.login_fail_count AS users_login_fail_count, users.last_login_at AS users_last_login_at, users.last_login_ip AS users_last_login_ip, users.id AS users_id, users.created_by AS users_created_by, users.created_at AS users_created_at, users.updated_at AS users_updated_at 
FROM users 
WHERE users.id = %(pk_1)s]
[parameters: {'pk_1': 8}]
(Background on this error at: https://sqlalche.me/e/20/e3q8)
2026-09-23 13:56:51,461 ERROR [5e2b95a3ae9a] app.main: unhandled error: (pymysql.err.OperationalError) (1054, "Unknown column 'users.is_deleted' in 'field list'")
[SQL: SELECT users.username AS users_username, users.name AS users_name, users.email AS users_email, users.phone AS users_phone, users.avatar_url AS users_avatar_url, users.password_hash AS users_password_hash, users.gender AS users_gender, users.dept_id AS users_dept_id, users.position AS users_position, users.status AS users_status, users.is_deleted AS users_is_deleted, users.is_super_admin AS users_is_super_admin, users.must_change_password AS users_must_change_password, users.login_fail_count AS users_login_fail_count, users.last_login_at AS users_last_login_at, users.last_login_ip AS users_last_login_ip, users.id AS users_id, users.created_by AS users_created_by, users.created_at AS users_created_at, users.updated_at AS users_updated_at 
FROM users 
WHERE users.id = %(pk_1)s]
[parameters: {'pk_1': 8}]
(Background on this error at: https://sqlalche.me/e/20/e3q8)
Traceback (most recent call last):
  File "C:\Users\69588\.conda\envs\whdb3\Lib\site-packages\sqlalchemy\engine\base.py", line 1969, in _exec_single_context
    self.dialect.do_execute(
  File "C:\Users\69588\.conda\envs\whdb3\Lib\site-packages\sqlalchemy\engine\default.py", line 952, in do_execute
    cursor.execute(statement, parameters)
  File "C:\Users\69588\AppData\Roaming\Python\Python312\site-packages\pymysql\cursors.py", line 153, in execute
    result = self._query(query)
             ^^^^^^^^^^^^^^^^^^
  File "C:\Users\69588\AppData\Roaming\Python\Python312\site-packages\pymysql\cursors.py", line 322, in _query
    conn.query(q)
  File "C:\Users\69588\AppData\Roaming\Python\Python312\site-packages\pymysql\connections.py", line 563, in query
    self._affected_rows = self._read_query_result(unbuffered=unbuffered)
                          ^^^^^^^^^^^^^^^^^^^^^^^^^^^^^^^^^^^^^^^^^^^^^^
  File "C:\Users\69588\AppData\Roaming\Python\Python312\site-packages\pymysql\connections.py", line 825, in _read_query_result
    result.read()
  File "C:\Users\69588\AppData\Roaming\Python\Python312\site-packages\pymysql\connections.py", line 1199, in read
    first_packet = self.connection._read_packet()
                   ^^^^^^^^^^^^^^^^^^^^^^^^^^^^^^
  File "C:\Users\69588\AppData\Roaming\Python\Python312\site-packages\pymysql\connections.py", line 775, in _read_packet
    packet.raise_for_error()
  File "C:\Users\69588\AppData\Roaming\Python\Python312\site-packages\pymysql\protocol.py", line 219, in raise_for_error
    err.raise_mysql_exception(self._data)
  File "C:\Users\69588\AppData\Roaming\Python\Python312\site-packages\pymysql\err.py", line 150, in raise_mysql_exception
    raise errorclass(errno, errval)
pymysql.err.OperationalError: (1054, "Unknown column 'users.is_deleted' in 'field list'")

The above exception was the direct cause of the following exception:

Traceback (most recent call last):
  File "C:\Users\69588\AppData\Roaming\Python\Python312\site-packages\starlette\middleware\errors.py", line 164, in __call__
    await self.app(scope, receive, _send)
  File "C:\Users\69588\AppData\Roaming\Python\Python312\site-packages\starlette\middleware\base.py", line 191, in __call__
    with recv_stream, send_stream, collapse_excgroups():
                                   ^^^^^^^^^^^^^^^^^^^^
  File "C:\Users\69588\.conda\envs\whdb3\Lib\contextlib.py", line 158, in __exit__
    self.gen.throw(value)
  File "C:\Users\69588\AppData\Roaming\Python\Python312\site-packages\starlette\_utils.py", line 87, in collapse_excgroups
    raise exc
  File "C:\Users\69588\AppData\Roaming\Python\Python312\site-packages\starlette\middleware\base.py", line 193, in __call__
    response = await self.dispatch_func(request, call_next)
               ^^^^^^^^^^^^^^^^^^^^^^^^^^^^^^^^^^^^^^^^^^^^
  File "C:\mysite\whdb3\whdb3-api\app\core\logging.py", line 53, in dispatch
    response = await call_next(request)
               ^^^^^^^^^^^^^^^^^^^^^^^^
  File "C:\Users\69588\AppData\Roaming\Python\Python312\site-packages\starlette\middleware\base.py", line 168, in call_next
    raise app_exc from app_exc.__cause__ or app_exc.__context__
  File "C:\Users\69588\AppData\Roaming\Python\Python312\site-packages\starlette\middleware\base.py", line 144, in coro
    await self.app(scope, receive_or_disconnect, send_no_error)
  File "C:\Users\69588\AppData\Roaming\Python\Python312\site-packages\starlette\middleware\exceptions.py", line 63, in __call__
    await wrap_app_handling_exceptions(self.app, conn)(scope, receive, send)
  File "C:\Users\69588\AppData\Roaming\Python\Python312\site-packages\starlette\_exception_handler.py", line 53, in wrapped_app
    raise exc
  File "C:\Users\69588\AppData\Roaming\Python\Python312\site-packages\starlette\_exception_handler.py", line 42, in wrapped_app
    await app(scope, receive, sender)
  File "C:\Users\69588\AppData\Roaming\Python\Python312\site-packages\fastapi\middleware\asyncexitstack.py", line 18, in __call__
    await self.app(scope, receive, send)
  File "C:\Users\69588\AppData\Roaming\Python\Python312\site-packages\starlette\routing.py", line 660, in __call__
    await self.middleware_stack(scope, receive, send)
  File "C:\Users\69588\AppData\Roaming\Python\Python312\site-packages\starlette\routing.py", line 680, in app
    await route.handle(scope, receive, send)
  File "C:\Users\69588\AppData\Roaming\Python\Python312\site-packages\starlette\routing.py", line 276, in handle
    await self.app(scope, receive, send)
  File "C:\Users\69588\AppData\Roaming\Python\Python312\site-packages\fastapi\routing.py", line 134, in app
    await wrap_app_handling_exceptions(app, request)(scope, receive, send)
  File "C:\Users\69588\AppData\Roaming\Python\Python312\site-packages\starlette\_exception_handler.py", line 53, in wrapped_app
    raise exc
  File "C:\Users\69588\AppData\Roaming\Python\Python312\site-packages\starlette\_exception_handler.py", line 42, in wrapped_app
    await app(scope, receive, sender)
  File "C:\Users\69588\AppData\Roaming\Python\Python312\site-packages\fastapi\routing.py", line 120, in app
    response = await f(request)
               ^^^^^^^^^^^^^^^^
  File "C:\Users\69588\AppData\Roaming\Python\Python312\site-packages\fastapi\routing.py", line 457, in app
    solved_result = await solve_dependencies(
                    ^^^^^^^^^^^^^^^^^^^^^^^^^
  File "C:\Users\69588\AppData\Roaming\Python\Python312\site-packages\fastapi\dependencies\utils.py", line 649, in solve_dependencies
    solved_result = await solve_dependencies(
                    ^^^^^^^^^^^^^^^^^^^^^^^^^
  File "C:\Users\69588\AppData\Roaming\Python\Python312\site-packages\fastapi\dependencies\utils.py", line 680, in solve_dependencies
    solved = await run_in_threadpool(call, **solved_result.values)
             ^^^^^^^^^^^^^^^^^^^^^^^^^^^^^^^^^^^^^^^^^^^^^^^^^^^^^
  File "C:\Users\69588\AppData\Roaming\Python\Python312\site-packages\starlette\concurrency.py", line 32, in run_in_threadpool
    return await anyio.to_thread.run_sync(func)
           ^^^^^^^^^^^^^^^^^^^^^^^^^^^^^^^^^^^^
  File "C:\Users\69588\AppData\Roaming\Python\Python312\site-packages\anyio\to_thread.py", line 63, in run_sync
    return await get_async_backend().run_sync_in_worker_thread(
           ^^^^^^^^^^^^^^^^^^^^^^^^^^^^^^^^^^^^^^^^^^^^^^^^^^^^
  File "C:\Users\69588\AppData\Roaming\Python\Python312\site-packages\anyio\_backends\_asyncio.py", line 2502, in run_sync_in_worker_thread
    return await future
           ^^^^^^^^^^^^
  File "C:\Users\69588\AppData\Roaming\Python\Python312\site-packages\anyio\_backends\_asyncio.py", line 986, in run
    result = context.run(func, *args)
             ^^^^^^^^^^^^^^^^^^^^^^^^
  File "C:\mysite\whdb3\whdb3-api\app\core\deps.py", line 57, in get_current_user
    return context_service.load_auth_context(db, user_id)
           ^^^^^^^^^^^^^^^^^^^^^^^^^^^^^^^^^^^^^^^^^^^^^^
  File "C:\mysite\whdb3\whdb3-api\app\user\services\context_service.py", line 85, in load_auth_context
    user = db.get(User, user_id)
           ^^^^^^^^^^^^^^^^^^^^^
  File "C:\Users\69588\.conda\envs\whdb3\Lib\site-packages\sqlalchemy\orm\session.py", line 3702, in get
    return self._get_impl(
           ^^^^^^^^^^^^^^^
  File "C:\Users\69588\.conda\envs\whdb3\Lib\site-packages\sqlalchemy\orm\session.py", line 3881, in _get_impl
    return db_load_fn(
           ^^^^^^^^^^^
  File "C:\Users\69588\.conda\envs\whdb3\Lib\site-packages\sqlalchemy\orm\loading.py", line 695, in load_on_pk_identity
    session.execute(
  File "C:\Users\69588\.conda\envs\whdb3\Lib\site-packages\sqlalchemy\orm\session.py", line 2373, in execute
    return self._execute_internal(
           ^^^^^^^^^^^^^^^^^^^^^^^
  File "C:\Users\69588\.conda\envs\whdb3\Lib\site-packages\sqlalchemy\orm\session.py", line 2271, in _execute_internal
    result: Result[Any] = compile_state_cls.orm_execute_statement(
                          ^^^^^^^^^^^^^^^^^^^^^^^^^^^^^^^^^^^^^^^^
  File "C:\Users\69588\.conda\envs\whdb3\Lib\site-packages\sqlalchemy\orm\context.py", line 306, in orm_execute_statement
    result = conn.execute(
             ^^^^^^^^^^^^^
  File "C:\Users\69588\.conda\envs\whdb3\Lib\site-packages\sqlalchemy\engine\base.py", line 1421, in execute
    return meth(
           ^^^^^
  File "C:\Users\69588\.conda\envs\whdb3\Lib\site-packages\sqlalchemy\sql\elements.py", line 526, in _execute_on_connection
    return connection._execute_clauseelement(
           ^^^^^^^^^^^^^^^^^^^^^^^^^^^^^^^^^^
  File "C:\Users\69588\.conda\envs\whdb3\Lib\site-packages\sqlalchemy\engine\base.py", line 1643, in _execute_clauseelement
    ret = self._execute_context(
          ^^^^^^^^^^^^^^^^^^^^^^
  File "C:\Users\69588\.conda\envs\whdb3\Lib\site-packages\sqlalchemy\engine\base.py", line 1848, in _execute_context
    return self._exec_single_context(
           ^^^^^^^^^^^^^^^^^^^^^^^^^^
  File "C:\Users\69588\.conda\envs\whdb3\Lib\site-packages\sqlalchemy\engine\base.py", line 1988, in _exec_single_context
    self._handle_dbapi_exception(
  File "C:\Users\69588\.conda\envs\whdb3\Lib\site-packages\sqlalchemy\engine\base.py", line 2365, in _handle_dbapi_exception
    raise sqlalchemy_exception.with_traceback(exc_info[2]) from e
  File "C:\Users\69588\.conda\envs\whdb3\Lib\site-packages\sqlalchemy\engine\base.py", line 1969, in _exec_single_context
    self.dialect.do_execute(
  File "C:\Users\69588\.conda\envs\whdb3\Lib\site-packages\sqlalchemy\engine\default.py", line 952, in do_execute
    cursor.execute(statement, parameters)
  File "C:\Users\69588\AppData\Roaming\Python\Python312\site-packages\pymysql\cursors.py", line 153, in execute
    result = self._query(query)
             ^^^^^^^^^^^^^^^^^^
  File "C:\Users\69588\AppData\Roaming\Python\Python312\site-packages\pymysql\cursors.py", line 322, in _query
    conn.query(q)
  File "C:\Users\69588\AppData\Roaming\Python\Python312\site-packages\pymysql\connections.py", line 563, in query
    self._affected_rows = self._read_query_result(unbuffered=unbuffered)
                          ^^^^^^^^^^^^^^^^^^^^^^^^^^^^^^^^^^^^^^^^^^^^^^
  File "C:\Users\69588\AppData\Roaming\Python\Python312\site-packages\pymysql\connections.py", line 825, in _read_query_result
    result.read()
  File "C:\Users\69588\AppData\Roaming\Python\Python312\site-packages\pymysql\connections.py", line 1199, in read
    first_packet = self.connection._read_packet()
                   ^^^^^^^^^^^^^^^^^^^^^^^^^^^^^^
  File "C:\Users\69588\AppData\Roaming\Python\Python312\site-packages\pymysql\connections.py", line 775, in _read_packet
    packet.raise_for_error()
  File "C:\Users\69588\AppData\Roaming\Python\Python312\site-packages\pymysql\protocol.py", line 219, in raise_for_error
    err.raise_mysql_exception(self._data)
  File "C:\Users\69588\AppData\Roaming\Python\Python312\site-packages\pymysql\err.py", line 150, in raise_mysql_exception
    raise errorclass(errno, errval)
sqlalchemy.exc.OperationalError: (pymysql.err.OperationalError) (1054, "Unknown column 'users.is_deleted' in 'field list'")
[SQL: SELECT users.username AS users_username, users.name AS users_name, users.email AS users_email, users.phone AS users_phone, users.avatar_url AS users_avatar_url, users.password_hash AS users_password_hash, users.gender AS users_gender, users.dept_id AS users_dept_id, users.position AS users_position, users.status AS users_status, users.is_deleted AS users_is_deleted, users.is_super_admin AS users_is_super_admin, users.must_change_password AS users_must_change_password, users.login_fail_count AS users_login_fail_count, users.last_login_at AS users_last_login_at, users.last_login_ip AS users_last_login_ip, users.id AS users_id, users.created_by AS users_created_by, users.created_at AS users_created_at, users.updated_at AS users_updated_at 
FROM users 
WHERE users.id = %(pk_1)s]
[parameters: {'pk_1': 8}]
(Background on this error at: https://sqlalche.me/e/20/e3q8)
2026-09-23 15:52:56,350 ERROR [2b2f741d94f8] app.main: unhandled error: (pymysql.err.OperationalError) (1054, "Unknown column 'users.is_deleted' in 'field list'")
[SQL: SELECT users.username AS users_username, users.name AS users_name, users.email AS users_email, users.phone AS users_phone, users.avatar_url AS users_avatar_url, users.password_hash AS users_password_hash, users.gender AS users_gender, users.dept_id AS users_dept_id, users.position AS users_position, users.status AS users_status, users.is_deleted AS users_is_deleted, users.is_super_admin AS users_is_super_admin, users.must_change_password AS users_must_change_password, users.login_fail_count AS users_login_fail_count, users.last_login_at AS users_last_login_at, users.last_login_ip AS users_last_login_ip, users.id AS users_id, users.created_by AS users_created_by, users.created_at AS users_created_at, users.updated_at AS users_updated_at 
FROM users 
WHERE users.id = %(pk_1)s]
[parameters: {'pk_1': 8}]
(Background on this error at: https://sqlalche.me/e/20/e3q8)
Traceback (most recent call last):
  File "C:\Users\69588\.conda\envs\whdb3\Lib\site-packages\sqlalchemy\engine\base.py", line 1969, in _exec_single_context
    self.dialect.do_execute(
  File "C:\Users\69588\.conda\envs\whdb3\Lib\site-packages\sqlalchemy\engine\default.py", line 952, in do_execute
    cursor.execute(statement, parameters)
  File "C:\Users\69588\AppData\Roaming\Python\Python312\site-packages\pymysql\cursors.py", line 153, in execute
    result = self._query(query)
             ^^^^^^^^^^^^^^^^^^
  File "C:\Users\69588\AppData\Roaming\Python\Python312\site-packages\pymysql\cursors.py", line 322, in _query
    conn.query(q)
  File "C:\Users\69588\AppData\Roaming\Python\Python312\site-packages\pymysql\connections.py", line 563, in query
    self._affected_rows = self._read_query_result(unbuffered=unbuffered)
                          ^^^^^^^^^^^^^^^^^^^^^^^^^^^^^^^^^^^^^^^^^^^^^^
  File "C:\Users\69588\AppData\Roaming\Python\Python312\site-packages\pymysql\connections.py", line 825, in _read_query_result
    result.read()
  File "C:\Users\69588\AppData\Roaming\Python\Python312\site-packages\pymysql\connections.py", line 1199, in read
    first_packet = self.connection._read_packet()
                   ^^^^^^^^^^^^^^^^^^^^^^^^^^^^^^
  File "C:\Users\69588\AppData\Roaming\Python\Python312\site-packages\pymysql\connections.py", line 775, in _read_packet
    packet.raise_for_error()
  File "C:\Users\69588\AppData\Roaming\Python\Python312\site-packages\pymysql\protocol.py", line 219, in raise_for_error
    err.raise_mysql_exception(self._data)
  File "C:\Users\69588\AppData\Roaming\Python\Python312\site-packages\pymysql\err.py", line 150, in raise_mysql_exception
    raise errorclass(errno, errval)
pymysql.err.OperationalError: (1054, "Unknown column 'users.is_deleted' in 'field list'")

The above exception was the direct cause of the following exception:

Traceback (most recent call last):
  File "C:\Users\69588\AppData\Roaming\Python\Python312\site-packages\starlette\middleware\errors.py", line 164, in __call__
    await self.app(scope, receive, _send)
  File "C:\Users\69588\AppData\Roaming\Python\Python312\site-packages\starlette\middleware\base.py", line 191, in __call__
    with recv_stream, send_stream, collapse_excgroups():
                                   ^^^^^^^^^^^^^^^^^^^^
  File "C:\Users\69588\.conda\envs\whdb3\Lib\contextlib.py", line 158, in __exit__
    self.gen.throw(value)
  File "C:\Users\69588\AppData\Roaming\Python\Python312\site-packages\starlette\_utils.py", line 87, in collapse_excgroups
    raise exc
  File "C:\Users\69588\AppData\Roaming\Python\Python312\site-packages\starlette\middleware\base.py", line 193, in __call__
    response = await self.dispatch_func(request, call_next)
               ^^^^^^^^^^^^^^^^^^^^^^^^^^^^^^^^^^^^^^^^^^^^
  File "C:\mysite\whdb3\whdb3-api\app\core\logging.py", line 53, in dispatch
    response = await call_next(request)
               ^^^^^^^^^^^^^^^^^^^^^^^^
  File "C:\Users\69588\AppData\Roaming\Python\Python312\site-packages\starlette\middleware\base.py", line 168, in call_next
    raise app_exc from app_exc.__cause__ or app_exc.__context__
  File "C:\Users\69588\AppData\Roaming\Python\Python312\site-packages\starlette\middleware\base.py", line 144, in coro
    await self.app(scope, receive_or_disconnect, send_no_error)
  File "C:\Users\69588\AppData\Roaming\Python\Python312\site-packages\starlette\middleware\exceptions.py", line 63, in __call__
    await wrap_app_handling_exceptions(self.app, conn)(scope, receive, send)
  File "C:\Users\69588\AppData\Roaming\Python\Python312\site-packages\starlette\_exception_handler.py", line 53, in wrapped_app
    raise exc
  File "C:\Users\69588\AppData\Roaming\Python\Python312\site-packages\starlette\_exception_handler.py", line 42, in wrapped_app
    await app(scope, receive, sender)
  File "C:\Users\69588\AppData\Roaming\Python\Python312\site-packages\fastapi\middleware\asyncexitstack.py", line 18, in __call__
    await self.app(scope, receive, send)
  File "C:\Users\69588\AppData\Roaming\Python\Python312\site-packages\starlette\routing.py", line 660, in __call__
    await self.middleware_stack(scope, receive, send)
  File "C:\Users\69588\AppData\Roaming\Python\Python312\site-packages\starlette\routing.py", line 680, in app
    await route.handle(scope, receive, send)
  File "C:\Users\69588\AppData\Roaming\Python\Python312\site-packages\starlette\routing.py", line 276, in handle
    await self.app(scope, receive, send)
  File "C:\Users\69588\AppData\Roaming\Python\Python312\site-packages\fastapi\routing.py", line 134, in app
    await wrap_app_handling_exceptions(app, request)(scope, receive, send)
  File "C:\Users\69588\AppData\Roaming\Python\Python312\site-packages\starlette\_exception_handler.py", line 53, in wrapped_app
    raise exc
  File "C:\Users\69588\AppData\Roaming\Python\Python312\site-packages\starlette\_exception_handler.py", line 42, in wrapped_app
    await app(scope, receive, sender)
  File "C:\Users\69588\AppData\Roaming\Python\Python312\site-packages\fastapi\routing.py", line 120, in app
    response = await f(request)
               ^^^^^^^^^^^^^^^^
  File "C:\Users\69588\AppData\Roaming\Python\Python312\site-packages\fastapi\routing.py", line 457, in app
    solved_result = await solve_dependencies(
                    ^^^^^^^^^^^^^^^^^^^^^^^^^
  File "C:\Users\69588\AppData\Roaming\Python\Python312\site-packages\fastapi\dependencies\utils.py", line 649, in solve_dependencies
    solved_result = await solve_dependencies(
                    ^^^^^^^^^^^^^^^^^^^^^^^^^
  File "C:\Users\69588\AppData\Roaming\Python\Python312\site-packages\fastapi\dependencies\utils.py", line 680, in solve_dependencies
    solved = await run_in_threadpool(call, **solved_result.values)
             ^^^^^^^^^^^^^^^^^^^^^^^^^^^^^^^^^^^^^^^^^^^^^^^^^^^^^
  File "C:\Users\69588\AppData\Roaming\Python\Python312\site-packages\starlette\concurrency.py", line 32, in run_in_threadpool
    return await anyio.to_thread.run_sync(func)
           ^^^^^^^^^^^^^^^^^^^^^^^^^^^^^^^^^^^^
  File "C:\Users\69588\AppData\Roaming\Python\Python312\site-packages\anyio\to_thread.py", line 63, in run_sync
    return await get_async_backend().run_sync_in_worker_thread(
           ^^^^^^^^^^^^^^^^^^^^^^^^^^^^^^^^^^^^^^^^^^^^^^^^^^^^
  File "C:\Users\69588\AppData\Roaming\Python\Python312\site-packages\anyio\_backends\_asyncio.py", line 2502, in run_sync_in_worker_thread
    return await future
           ^^^^^^^^^^^^
  File "C:\Users\69588\AppData\Roaming\Python\Python312\site-packages\anyio\_backends\_asyncio.py", line 986, in run
    result = context.run(func, *args)
             ^^^^^^^^^^^^^^^^^^^^^^^^
  File "C:\mysite\whdb3\whdb3-api\app\core\deps.py", line 57, in get_current_user
    return context_service.load_auth_context(db, user_id)
           ^^^^^^^^^^^^^^^^^^^^^^^^^^^^^^^^^^^^^^^^^^^^^^
  File "C:\mysite\whdb3\whdb3-api\app\user\services\context_service.py", line 85, in load_auth_context
    user = db.get(User, user_id)
           ^^^^^^^^^^^^^^^^^^^^^
  File "C:\Users\69588\.conda\envs\whdb3\Lib\site-packages\sqlalchemy\orm\session.py", line 3702, in get
    return self._get_impl(
           ^^^^^^^^^^^^^^^
  File "C:\Users\69588\.conda\envs\whdb3\Lib\site-packages\sqlalchemy\orm\session.py", line 3881, in _get_impl
    return db_load_fn(
           ^^^^^^^^^^^
  File "C:\Users\69588\.conda\envs\whdb3\Lib\site-packages\sqlalchemy\orm\loading.py", line 695, in load_on_pk_identity
    session.execute(
  File "C:\Users\69588\.conda\envs\whdb3\Lib\site-packages\sqlalchemy\orm\session.py", line 2373, in execute
    return self._execute_internal(
           ^^^^^^^^^^^^^^^^^^^^^^^
  File "C:\Users\69588\.conda\envs\whdb3\Lib\site-packages\sqlalchemy\orm\session.py", line 2271, in _execute_internal
    result: Result[Any] = compile_state_cls.orm_execute_statement(
                          ^^^^^^^^^^^^^^^^^^^^^^^^^^^^^^^^^^^^^^^^
  File "C:\Users\69588\.conda\envs\whdb3\Lib\site-packages\sqlalchemy\orm\context.py", line 306, in orm_execute_statement
    result = conn.execute(
             ^^^^^^^^^^^^^
  File "C:\Users\69588\.conda\envs\whdb3\Lib\site-packages\sqlalchemy\engine\base.py", line 1421, in execute
    return meth(
           ^^^^^
  File "C:\Users\69588\.conda\envs\whdb3\Lib\site-packages\sqlalchemy\sql\elements.py", line 526, in _execute_on_connection
    return connection._execute_clauseelement(
           ^^^^^^^^^^^^^^^^^^^^^^^^^^^^^^^^^^
  File "C:\Users\69588\.conda\envs\whdb3\Lib\site-packages\sqlalchemy\engine\base.py", line 1643, in _execute_clauseelement
    ret = self._execute_context(
          ^^^^^^^^^^^^^^^^^^^^^^
  File "C:\Users\69588\.conda\envs\whdb3\Lib\site-packages\sqlalchemy\engine\base.py", line 1848, in _execute_context
    return self._exec_single_context(
           ^^^^^^^^^^^^^^^^^^^^^^^^^^
  File "C:\Users\69588\.conda\envs\whdb3\Lib\site-packages\sqlalchemy\engine\base.py", line 1988, in _exec_single_context
    self._handle_dbapi_exception(
  File "C:\Users\69588\.conda\envs\whdb3\Lib\site-packages\sqlalchemy\engine\base.py", line 2365, in _handle_dbapi_exception
    raise sqlalchemy_exception.with_traceback(exc_info[2]) from e
  File "C:\Users\69588\.conda\envs\whdb3\Lib\site-packages\sqlalchemy\engine\base.py", line 1969, in _exec_single_context
    self.dialect.do_execute(
  File "C:\Users\69588\.conda\envs\whdb3\Lib\site-packages\sqlalchemy\engine\default.py", line 952, in do_execute
    cursor.execute(statement, parameters)
  File "C:\Users\69588\AppData\Roaming\Python\Python312\site-packages\pymysql\cursors.py", line 153, in execute
    result = self._query(query)
             ^^^^^^^^^^^^^^^^^^
  File "C:\Users\69588\AppData\Roaming\Python\Python312\site-packages\pymysql\cursors.py", line 322, in _query
    conn.query(q)
  File "C:\Users\69588\AppData\Roaming\Python\Python312\site-packages\pymysql\connections.py", line 563, in query
    self._affected_rows = self._read_query_result(unbuffered=unbuffered)
                          ^^^^^^^^^^^^^^^^^^^^^^^^^^^^^^^^^^^^^^^^^^^^^^
  File "C:\Users\69588\AppData\Roaming\Python\Python312\site-packages\pymysql\connections.py", line 825, in _read_query_result
    result.read()
  File "C:\Users\69588\AppData\Roaming\Python\Python312\site-packages\pymysql\connections.py", line 1199, in read
    first_packet = self.connection._read_packet()
                   ^^^^^^^^^^^^^^^^^^^^^^^^^^^^^^
  File "C:\Users\69588\AppData\Roaming\Python\Python312\site-packages\pymysql\connections.py", line 775, in _read_packet
    packet.raise_for_error()
  File "C:\Users\69588\AppData\Roaming\Python\Python312\site-packages\pymysql\protocol.py", line 219, in raise_for_error
    err.raise_mysql_exception(self._data)
  File "C:\Users\69588\AppData\Roaming\Python\Python312\site-packages\pymysql\err.py", line 150, in raise_mysql_exception
    raise errorclass(errno, errval)
sqlalchemy.exc.OperationalError: (pymysql.err.OperationalError) (1054, "Unknown column 'users.is_deleted' in 'field list'")
[SQL: SELECT users.username AS users_username, users.name AS users_name, users.email AS users_email, users.phone AS users_phone, users.avatar_url AS users_avatar_url, users.password_hash AS users_password_hash, users.gender AS users_gender, users.dept_id AS users_dept_id, users.position AS users_position, users.status AS users_status, users.is_deleted AS users_is_deleted, users.is_super_admin AS users_is_super_admin, users.must_change_password AS users_must_change_password, users.login_fail_count AS users_login_fail_count, users.last_login_at AS users_last_login_at, users.last_login_ip AS users_last_login_ip, users.id AS users_id, users.created_by AS users_created_by, users.created_at AS users_created_at, users.updated_at AS users_updated_at 
FROM users 
WHERE users.id = %(pk_1)s]
[parameters: {'pk_1': 8}]
(Background on this error at: https://sqlalche.me/e/20/e3q8)
2026-09-23 15:52:56,372 ERROR [04087610c29c] app.main: unhandled error: (pymysql.err.OperationalError) (1054, "Unknown column 'users.is_deleted' in 'field list'")
[SQL: SELECT users.username AS users_username, users.name AS users_name, users.email AS users_email, users.phone AS users_phone, users.avatar_url AS users_avatar_url, users.password_hash AS users_password_hash, users.gender AS users_gender, users.dept_id AS users_dept_id, users.position AS users_position, users.status AS users_status, users.is_deleted AS users_is_deleted, users.is_super_admin AS users_is_super_admin, users.must_change_password AS users_must_change_password, users.login_fail_count AS users_login_fail_count, users.last_login_at AS users_last_login_at, users.last_login_ip AS users_last_login_ip, users.id AS users_id, users.created_by AS users_created_by, users.created_at AS users_created_at, users.updated_at AS users_updated_at 
FROM users 
WHERE users.id = %(pk_1)s]
[parameters: {'pk_1': 8}]
(Background on this error at: https://sqlalche.me/e/20/e3q8)
Traceback (most recent call last):
  File "C:\Users\69588\.conda\envs\whdb3\Lib\site-packages\sqlalchemy\engine\base.py", line 1969, in _exec_single_context
    self.dialect.do_execute(
  File "C:\Users\69588\.conda\envs\whdb3\Lib\site-packages\sqlalchemy\engine\default.py", line 952, in do_execute
    cursor.execute(statement, parameters)
  File "C:\Users\69588\AppData\Roaming\Python\Python312\site-packages\pymysql\cursors.py", line 153, in execute
    result = self._query(query)
             ^^^^^^^^^^^^^^^^^^
  File "C:\Users\69588\AppData\Roaming\Python\Python312\site-packages\pymysql\cursors.py", line 322, in _query
    conn.query(q)
  File "C:\Users\69588\AppData\Roaming\Python\Python312\site-packages\pymysql\connections.py", line 563, in query
    self._affected_rows = self._read_query_result(unbuffered=unbuffered)
                          ^^^^^^^^^^^^^^^^^^^^^^^^^^^^^^^^^^^^^^^^^^^^^^
  File "C:\Users\69588\AppData\Roaming\Python\Python312\site-packages\pymysql\connections.py", line 825, in _read_query_result
    result.read()
  File "C:\Users\69588\AppData\Roaming\Python\Python312\site-packages\pymysql\connections.py", line 1199, in read
    first_packet = self.connection._read_packet()
                   ^^^^^^^^^^^^^^^^^^^^^^^^^^^^^^
  File "C:\Users\69588\AppData\Roaming\Python\Python312\site-packages\pymysql\connections.py", line 775, in _read_packet
    packet.raise_for_error()
  File "C:\Users\69588\AppData\Roaming\Python\Python312\site-packages\pymysql\protocol.py", line 219, in raise_for_error
    err.raise_mysql_exception(self._data)
  File "C:\Users\69588\AppData\Roaming\Python\Python312\site-packages\pymysql\err.py", line 150, in raise_mysql_exception
    raise errorclass(errno, errval)
pymysql.err.OperationalError: (1054, "Unknown column 'users.is_deleted' in 'field list'")

The above exception was the direct cause of the following exception:

Traceback (most recent call last):
  File "C:\Users\69588\AppData\Roaming\Python\Python312\site-packages\starlette\middleware\errors.py", line 164, in __call__
    await self.app(scope, receive, _send)
  File "C:\Users\69588\AppData\Roaming\Python\Python312\site-packages\starlette\middleware\base.py", line 191, in __call__
    with recv_stream, send_stream, collapse_excgroups():
                                   ^^^^^^^^^^^^^^^^^^^^
  File "C:\Users\69588\.conda\envs\whdb3\Lib\contextlib.py", line 158, in __exit__
    self.gen.throw(value)
  File "C:\Users\69588\AppData\Roaming\Python\Python312\site-packages\starlette\_utils.py", line 87, in collapse_excgroups
    raise exc
  File "C:\Users\69588\AppData\Roaming\Python\Python312\site-packages\starlette\middleware\base.py", line 193, in __call__
    response = await self.dispatch_func(request, call_next)
               ^^^^^^^^^^^^^^^^^^^^^^^^^^^^^^^^^^^^^^^^^^^^
  File "C:\mysite\whdb3\whdb3-api\app\core\logging.py", line 53, in dispatch
    response = await call_next(request)
               ^^^^^^^^^^^^^^^^^^^^^^^^
  File "C:\Users\69588\AppData\Roaming\Python\Python312\site-packages\starlette\middleware\base.py", line 168, in call_next
    raise app_exc from app_exc.__cause__ or app_exc.__context__
  File "C:\Users\69588\AppData\Roaming\Python\Python312\site-packages\starlette\middleware\base.py", line 144, in coro
    await self.app(scope, receive_or_disconnect, send_no_error)
  File "C:\Users\69588\AppData\Roaming\Python\Python312\site-packages\starlette\middleware\exceptions.py", line 63, in __call__
    await wrap_app_handling_exceptions(self.app, conn)(scope, receive, send)
  File "C:\Users\69588\AppData\Roaming\Python\Python312\site-packages\starlette\_exception_handler.py", line 53, in wrapped_app
    raise exc
  File "C:\Users\69588\AppData\Roaming\Python\Python312\site-packages\starlette\_exception_handler.py", line 42, in wrapped_app
    await app(scope, receive, sender)
  File "C:\Users\69588\AppData\Roaming\Python\Python312\site-packages\fastapi\middleware\asyncexitstack.py", line 18, in __call__
    await self.app(scope, receive, send)
  File "C:\Users\69588\AppData\Roaming\Python\Python312\site-packages\starlette\routing.py", line 660, in __call__
    await self.middleware_stack(scope, receive, send)
  File "C:\Users\69588\AppData\Roaming\Python\Python312\site-packages\starlette\routing.py", line 680, in app
    await route.handle(scope, receive, send)
  File "C:\Users\69588\AppData\Roaming\Python\Python312\site-packages\starlette\routing.py", line 276, in handle
    await self.app(scope, receive, send)
  File "C:\Users\69588\AppData\Roaming\Python\Python312\site-packages\fastapi\routing.py", line 134, in app
    await wrap_app_handling_exceptions(app, request)(scope, receive, send)
  File "C:\Users\69588\AppData\Roaming\Python\Python312\site-packages\starlette\_exception_handler.py", line 53, in wrapped_app
    raise exc
  File "C:\Users\69588\AppData\Roaming\Python\Python312\site-packages\starlette\_exception_handler.py", line 42, in wrapped_app
    await app(scope, receive, sender)
  File "C:\Users\69588\AppData\Roaming\Python\Python312\site-packages\fastapi\routing.py", line 120, in app
    response = await f(request)
               ^^^^^^^^^^^^^^^^
  File "C:\Users\69588\AppData\Roaming\Python\Python312\site-packages\fastapi\routing.py", line 457, in app
    solved_result = await solve_dependencies(
                    ^^^^^^^^^^^^^^^^^^^^^^^^^
  File "C:\Users\69588\AppData\Roaming\Python\Python312\site-packages\fastapi\dependencies\utils.py", line 649, in solve_dependencies
    solved_result = await solve_dependencies(
                    ^^^^^^^^^^^^^^^^^^^^^^^^^
  File "C:\Users\69588\AppData\Roaming\Python\Python312\site-packages\fastapi\dependencies\utils.py", line 680, in solve_dependencies
    solved = await run_in_threadpool(call, **solved_result.values)
             ^^^^^^^^^^^^^^^^^^^^^^^^^^^^^^^^^^^^^^^^^^^^^^^^^^^^^
  File "C:\Users\69588\AppData\Roaming\Python\Python312\site-packages\starlette\concurrency.py", line 32, in run_in_threadpool
    return await anyio.to_thread.run_sync(func)
           ^^^^^^^^^^^^^^^^^^^^^^^^^^^^^^^^^^^^
  File "C:\Users\69588\AppData\Roaming\Python\Python312\site-packages\anyio\to_thread.py", line 63, in run_sync
    return await get_async_backend().run_sync_in_worker_thread(
           ^^^^^^^^^^^^^^^^^^^^^^^^^^^^^^^^^^^^^^^^^^^^^^^^^^^^
  File "C:\Users\69588\AppData\Roaming\Python\Python312\site-packages\anyio\_backends\_asyncio.py", line 2502, in run_sync_in_worker_thread
    return await future
           ^^^^^^^^^^^^
  File "C:\Users\69588\AppData\Roaming\Python\Python312\site-packages\anyio\_backends\_asyncio.py", line 986, in run
    result = context.run(func, *args)
             ^^^^^^^^^^^^^^^^^^^^^^^^
  File "C:\mysite\whdb3\whdb3-api\app\core\deps.py", line 57, in get_current_user
    return context_service.load_auth_context(db, user_id)
           ^^^^^^^^^^^^^^^^^^^^^^^^^^^^^^^^^^^^^^^^^^^^^^
  File "C:\mysite\whdb3\whdb3-api\app\user\services\context_service.py", line 85, in load_auth_context
    user = db.get(User, user_id)
           ^^^^^^^^^^^^^^^^^^^^^
  File "C:\Users\69588\.conda\envs\whdb3\Lib\site-packages\sqlalchemy\orm\session.py", line 3702, in get
    return self._get_impl(
           ^^^^^^^^^^^^^^^
  File "C:\Users\69588\.conda\envs\whdb3\Lib\site-packages\sqlalchemy\orm\session.py", line 3881, in _get_impl
    return db_load_fn(
           ^^^^^^^^^^^
  File "C:\Users\69588\.conda\envs\whdb3\Lib\site-packages\sqlalchemy\orm\loading.py", line 695, in load_on_pk_identity
    session.execute(
  File "C:\Users\69588\.conda\envs\whdb3\Lib\site-packages\sqlalchemy\orm\session.py", line 2373, in execute
    return self._execute_internal(
           ^^^^^^^^^^^^^^^^^^^^^^^
  File "C:\Users\69588\.conda\envs\whdb3\Lib\site-packages\sqlalchemy\orm\session.py", line 2271, in _execute_internal
    result: Result[Any] = compile_state_cls.orm_execute_statement(
                          ^^^^^^^^^^^^^^^^^^^^^^^^^^^^^^^^^^^^^^^^
  File "C:\Users\69588\.conda\envs\whdb3\Lib\site-packages\sqlalchemy\orm\context.py", line 306, in orm_execute_statement
    result = conn.execute(
             ^^^^^^^^^^^^^
  File "C:\Users\69588\.conda\envs\whdb3\Lib\site-packages\sqlalchemy\engine\base.py", line 1421, in execute
    return meth(
           ^^^^^
  File "C:\Users\69588\.conda\envs\whdb3\Lib\site-packages\sqlalchemy\sql\elements.py", line 526, in _execute_on_connection
    return connection._execute_clauseelement(
           ^^^^^^^^^^^^^^^^^^^^^^^^^^^^^^^^^^
  File "C:\Users\69588\.conda\envs\whdb3\Lib\site-packages\sqlalchemy\engine\base.py", line 1643, in _execute_clauseelement
    ret = self._execute_context(
          ^^^^^^^^^^^^^^^^^^^^^^
  File "C:\Users\69588\.conda\envs\whdb3\Lib\site-packages\sqlalchemy\engine\base.py", line 1848, in _execute_context
    return self._exec_single_context(
           ^^^^^^^^^^^^^^^^^^^^^^^^^^
  File "C:\Users\69588\.conda\envs\whdb3\Lib\site-packages\sqlalchemy\engine\base.py", line 1988, in _exec_single_context
    self._handle_dbapi_exception(
  File "C:\Users\69588\.conda\envs\whdb3\Lib\site-packages\sqlalchemy\engine\base.py", line 2365, in _handle_dbapi_exception
    raise sqlalchemy_exception.with_traceback(exc_info[2]) from e
  File "C:\Users\69588\.conda\envs\whdb3\Lib\site-packages\sqlalchemy\engine\base.py", line 1969, in _exec_single_context
    self.dialect.do_execute(
  File "C:\Users\69588\.conda\envs\whdb3\Lib\site-packages\sqlalchemy\engine\default.py", line 952, in do_execute
    cursor.execute(statement, parameters)
  File "C:\Users\69588\AppData\Roaming\Python\Python312\site-packages\pymysql\cursors.py", line 153, in execute
    result = self._query(query)
             ^^^^^^^^^^^^^^^^^^
  File "C:\Users\69588\AppData\Roaming\Python\Python312\site-packages\pymysql\cursors.py", line 322, in _query
    conn.query(q)
  File "C:\Users\69588\AppData\Roaming\Python\Python312\site-packages\pymysql\connections.py", line 563, in query
    self._affected_rows = self._read_query_result(unbuffered=unbuffered)
                          ^^^^^^^^^^^^^^^^^^^^^^^^^^^^^^^^^^^^^^^^^^^^^^
  File "C:\Users\69588\AppData\Roaming\Python\Python312\site-packages\pymysql\connections.py", line 825, in _read_query_result
    result.read()
  File "C:\Users\69588\AppData\Roaming\Python\Python312\site-packages\pymysql\connections.py", line 1199, in read
    first_packet = self.connection._read_packet()
                   ^^^^^^^^^^^^^^^^^^^^^^^^^^^^^^
  File "C:\Users\69588\AppData\Roaming\Python\Python312\site-packages\pymysql\connections.py", line 775, in _read_packet
    packet.raise_for_error()
  File "C:\Users\69588\AppData\Roaming\Python\Python312\site-packages\pymysql\protocol.py", line 219, in raise_for_error
    err.raise_mysql_exception(self._data)
  File "C:\Users\69588\AppData\Roaming\Python\Python312\site-packages\pymysql\err.py", line 150, in raise_mysql_exception
    raise errorclass(errno, errval)
sqlalchemy.exc.OperationalError: (pymysql.err.OperationalError) (1054, "Unknown column 'users.is_deleted' in 'field list'")
[SQL: SELECT users.username AS users_username, users.name AS users_name, users.email AS users_email, users.phone AS users_phone, users.avatar_url AS users_avatar_url, users.password_hash AS users_password_hash, users.gender AS users_gender, users.dept_id AS users_dept_id, users.position AS users_position, users.status AS users_status, users.is_deleted AS users_is_deleted, users.is_super_admin AS users_is_super_admin, users.must_change_password AS users_must_change_password, users.login_fail_count AS users_login_fail_count, users.last_login_at AS users_last_login_at, users.last_login_ip AS users_last_login_ip, users.id AS users_id, users.created_by AS users_created_by, users.created_at AS users_created_at, users.updated_at AS users_updated_at 
FROM users 
WHERE users.id = %(pk_1)s]
[parameters: {'pk_1': 8}]
(Background on this error at: https://sqlalche.me/e/20/e3q8)
2026-09-23 15:52:56,377 ERROR [09a2fd1dc688] app.main: unhandled error: (pymysql.err.OperationalError) (1054, "Unknown column 'users.is_deleted' in 'field list'")
[SQL: SELECT users.username AS users_username, users.name AS users_name, users.email AS users_email, users.phone AS users_phone, users.avatar_url AS users_avatar_url, users.password_hash AS users_password_hash, users.gender AS users_gender, users.dept_id AS users_dept_id, users.position AS users_position, users.status AS users_status, users.is_deleted AS users_is_deleted, users.is_super_admin AS users_is_super_admin, users.must_change_password AS users_must_change_password, users.login_fail_count AS users_login_fail_count, users.last_login_at AS users_last_login_at, users.last_login_ip AS users_last_login_ip, users.id AS users_id, users.created_by AS users_created_by, users.created_at AS users_created_at, users.updated_at AS users_updated_at 
FROM users 
WHERE users.id = %(pk_1)s]
[parameters: {'pk_1': 8}]
(Background on this error at: https://sqlalche.me/e/20/e3q8)
Traceback (most recent call last):
  File "C:\Users\69588\.conda\envs\whdb3\Lib\site-packages\sqlalchemy\engine\base.py", line 1969, in _exec_single_context
    self.dialect.do_execute(
  File "C:\Users\69588\.conda\envs\whdb3\Lib\site-packages\sqlalchemy\engine\default.py", line 952, in do_execute
    cursor.execute(statement, parameters)
  File "C:\Users\69588\AppData\Roaming\Python\Python312\site-packages\pymysql\cursors.py", line 153, in execute
    result = self._query(query)
             ^^^^^^^^^^^^^^^^^^
  File "C:\Users\69588\AppData\Roaming\Python\Python312\site-packages\pymysql\cursors.py", line 322, in _query
    conn.query(q)
  File "C:\Users\69588\AppData\Roaming\Python\Python312\site-packages\pymysql\connections.py", line 563, in query
    self._affected_rows = self._read_query_result(unbuffered=unbuffered)
                          ^^^^^^^^^^^^^^^^^^^^^^^^^^^^^^^^^^^^^^^^^^^^^^
  File "C:\Users\69588\AppData\Roaming\Python\Python312\site-packages\pymysql\connections.py", line 825, in _read_query_result
    result.read()
  File "C:\Users\69588\AppData\Roaming\Python\Python312\site-packages\pymysql\connections.py", line 1199, in read
    first_packet = self.connection._read_packet()
                   ^^^^^^^^^^^^^^^^^^^^^^^^^^^^^^
  File "C:\Users\69588\AppData\Roaming\Python\Python312\site-packages\pymysql\connections.py", line 775, in _read_packet
    packet.raise_for_error()
  File "C:\Users\69588\AppData\Roaming\Python\Python312\site-packages\pymysql\protocol.py", line 219, in raise_for_error
    err.raise_mysql_exception(self._data)
  File "C:\Users\69588\AppData\Roaming\Python\Python312\site-packages\pymysql\err.py", line 150, in raise_mysql_exception
    raise errorclass(errno, errval)
pymysql.err.OperationalError: (1054, "Unknown column 'users.is_deleted' in 'field list'")

The above exception was the direct cause of the following exception:

Traceback (most recent call last):
  File "C:\Users\69588\AppData\Roaming\Python\Python312\site-packages\starlette\middleware\errors.py", line 164, in __call__
    await self.app(scope, receive, _send)
  File "C:\Users\69588\AppData\Roaming\Python\Python312\site-packages\starlette\middleware\base.py", line 191, in __call__
    with recv_stream, send_stream, collapse_excgroups():
                                   ^^^^^^^^^^^^^^^^^^^^
  File "C:\Users\69588\.conda\envs\whdb3\Lib\contextlib.py", line 158, in __exit__
    self.gen.throw(value)
  File "C:\Users\69588\AppData\Roaming\Python\Python312\site-packages\starlette\_utils.py", line 87, in collapse_excgroups
    raise exc
  File "C:\Users\69588\AppData\Roaming\Python\Python312\site-packages\starlette\middleware\base.py", line 193, in __call__
    response = await self.dispatch_func(request, call_next)
               ^^^^^^^^^^^^^^^^^^^^^^^^^^^^^^^^^^^^^^^^^^^^
  File "C:\mysite\whdb3\whdb3-api\app\core\logging.py", line 53, in dispatch
    response = await call_next(request)
               ^^^^^^^^^^^^^^^^^^^^^^^^
  File "C:\Users\69588\AppData\Roaming\Python\Python312\site-packages\starlette\middleware\base.py", line 168, in call_next
    raise app_exc from app_exc.__cause__ or app_exc.__context__
  File "C:\Users\69588\AppData\Roaming\Python\Python312\site-packages\starlette\middleware\base.py", line 144, in coro
    await self.app(scope, receive_or_disconnect, send_no_error)
  File "C:\Users\69588\AppData\Roaming\Python\Python312\site-packages\starlette\middleware\exceptions.py", line 63, in __call__
    await wrap_app_handling_exceptions(self.app, conn)(scope, receive, send)
  File "C:\Users\69588\AppData\Roaming\Python\Python312\site-packages\starlette\_exception_handler.py", line 53, in wrapped_app
    raise exc
  File "C:\Users\69588\AppData\Roaming\Python\Python312\site-packages\starlette\_exception_handler.py", line 42, in wrapped_app
    await app(scope, receive, sender)
  File "C:\Users\69588\AppData\Roaming\Python\Python312\site-packages\fastapi\middleware\asyncexitstack.py", line 18, in __call__
    await self.app(scope, receive, send)
  File "C:\Users\69588\AppData\Roaming\Python\Python312\site-packages\starlette\routing.py", line 660, in __call__
    await self.middleware_stack(scope, receive, send)
  File "C:\Users\69588\AppData\Roaming\Python\Python312\site-packages\starlette\routing.py", line 680, in app
    await route.handle(scope, receive, send)
  File "C:\Users\69588\AppData\Roaming\Python\Python312\site-packages\starlette\routing.py", line 276, in handle
    await self.app(scope, receive, send)
  File "C:\Users\69588\AppData\Roaming\Python\Python312\site-packages\fastapi\routing.py", line 134, in app
    await wrap_app_handling_exceptions(app, request)(scope, receive, send)
  File "C:\Users\69588\AppData\Roaming\Python\Python312\site-packages\starlette\_exception_handler.py", line 53, in wrapped_app
    raise exc
  File "C:\Users\69588\AppData\Roaming\Python\Python312\site-packages\starlette\_exception_handler.py", line 42, in wrapped_app
    await app(scope, receive, sender)
  File "C:\Users\69588\AppData\Roaming\Python\Python312\site-packages\fastapi\routing.py", line 120, in app
    response = await f(request)
               ^^^^^^^^^^^^^^^^
  File "C:\Users\69588\AppData\Roaming\Python\Python312\site-packages\fastapi\routing.py", line 457, in app
    solved_result = await solve_dependencies(
                    ^^^^^^^^^^^^^^^^^^^^^^^^^
  File "C:\Users\69588\AppData\Roaming\Python\Python312\site-packages\fastapi\dependencies\utils.py", line 649, in solve_dependencies
    solved_result = await solve_dependencies(
                    ^^^^^^^^^^^^^^^^^^^^^^^^^
  File "C:\Users\69588\AppData\Roaming\Python\Python312\site-packages\fastapi\dependencies\utils.py", line 680, in solve_dependencies
    solved = await run_in_threadpool(call, **solved_result.values)
             ^^^^^^^^^^^^^^^^^^^^^^^^^^^^^^^^^^^^^^^^^^^^^^^^^^^^^
  File "C:\Users\69588\AppData\Roaming\Python\Python312\site-packages\starlette\concurrency.py", line 32, in run_in_threadpool
    return await anyio.to_thread.run_sync(func)
           ^^^^^^^^^^^^^^^^^^^^^^^^^^^^^^^^^^^^
  File "C:\Users\69588\AppData\Roaming\Python\Python312\site-packages\anyio\to_thread.py", line 63, in run_sync
    return await get_async_backend().run_sync_in_worker_thread(
           ^^^^^^^^^^^^^^^^^^^^^^^^^^^^^^^^^^^^^^^^^^^^^^^^^^^^
  File "C:\Users\69588\AppData\Roaming\Python\Python312\site-packages\anyio\_backends\_asyncio.py", line 2502, in run_sync_in_worker_thread
    return await future
           ^^^^^^^^^^^^
  File "C:\Users\69588\AppData\Roaming\Python\Python312\site-packages\anyio\_backends\_asyncio.py", line 986, in run
    result = context.run(func, *args)
             ^^^^^^^^^^^^^^^^^^^^^^^^
  File "C:\mysite\whdb3\whdb3-api\app\core\deps.py", line 57, in get_current_user
    return context_service.load_auth_context(db, user_id)
           ^^^^^^^^^^^^^^^^^^^^^^^^^^^^^^^^^^^^^^^^^^^^^^
  File "C:\mysite\whdb3\whdb3-api\app\user\services\context_service.py", line 85, in load_auth_context
    user = db.get(User, user_id)
           ^^^^^^^^^^^^^^^^^^^^^
  File "C:\Users\69588\.conda\envs\whdb3\Lib\site-packages\sqlalchemy\orm\session.py", line 3702, in get
    return self._get_impl(
           ^^^^^^^^^^^^^^^
  File "C:\Users\69588\.conda\envs\whdb3\Lib\site-packages\sqlalchemy\orm\session.py", line 3881, in _get_impl
    return db_load_fn(
           ^^^^^^^^^^^
  File "C:\Users\69588\.conda\envs\whdb3\Lib\site-packages\sqlalchemy\orm\loading.py", line 695, in load_on_pk_identity
    session.execute(
  File "C:\Users\69588\.conda\envs\whdb3\Lib\site-packages\sqlalchemy\orm\session.py", line 2373, in execute
    return self._execute_internal(
           ^^^^^^^^^^^^^^^^^^^^^^^
  File "C:\Users\69588\.conda\envs\whdb3\Lib\site-packages\sqlalchemy\orm\session.py", line 2271, in _execute_internal
    result: Result[Any] = compile_state_cls.orm_execute_statement(
                          ^^^^^^^^^^^^^^^^^^^^^^^^^^^^^^^^^^^^^^^^
  File "C:\Users\69588\.conda\envs\whdb3\Lib\site-packages\sqlalchemy\orm\context.py", line 306, in orm_execute_statement
    result = conn.execute(
             ^^^^^^^^^^^^^
  File "C:\Users\69588\.conda\envs\whdb3\Lib\site-packages\sqlalchemy\engine\base.py", line 1421, in execute
    return meth(
           ^^^^^
  File "C:\Users\69588\.conda\envs\whdb3\Lib\site-packages\sqlalchemy\sql\elements.py", line 526, in _execute_on_connection
    return connection._execute_clauseelement(
           ^^^^^^^^^^^^^^^^^^^^^^^^^^^^^^^^^^
  File "C:\Users\69588\.conda\envs\whdb3\Lib\site-packages\sqlalchemy\engine\base.py", line 1643, in _execute_clauseelement
    ret = self._execute_context(
          ^^^^^^^^^^^^^^^^^^^^^^
  File "C:\Users\69588\.conda\envs\whdb3\Lib\site-packages\sqlalchemy\engine\base.py", line 1848, in _execute_context
    return self._exec_single_context(
           ^^^^^^^^^^^^^^^^^^^^^^^^^^
  File "C:\Users\69588\.conda\envs\whdb3\Lib\site-packages\sqlalchemy\engine\base.py", line 1988, in _exec_single_context
    self._handle_dbapi_exception(
  File "C:\Users\69588\.conda\envs\whdb3\Lib\site-packages\sqlalchemy\engine\base.py", line 2365, in _handle_dbapi_exception
    raise sqlalchemy_exception.with_traceback(exc_info[2]) from e
  File "C:\Users\69588\.conda\envs\whdb3\Lib\site-packages\sqlalchemy\engine\base.py", line 1969, in _exec_single_context
    self.dialect.do_execute(
  File "C:\Users\69588\.conda\envs\whdb3\Lib\site-packages\sqlalchemy\engine\default.py", line 952, in do_execute
    cursor.execute(statement, parameters)
  File "C:\Users\69588\AppData\Roaming\Python\Python312\site-packages\pymysql\cursors.py", line 153, in execute
    result = self._query(query)
             ^^^^^^^^^^^^^^^^^^
  File "C:\Users\69588\AppData\Roaming\Python\Python312\site-packages\pymysql\cursors.py", line 322, in _query
    conn.query(q)
  File "C:\Users\69588\AppData\Roaming\Python\Python312\site-packages\pymysql\connections.py", line 563, in query
    self._affected_rows = self._read_query_result(unbuffered=unbuffered)
                          ^^^^^^^^^^^^^^^^^^^^^^^^^^^^^^^^^^^^^^^^^^^^^^
  File "C:\Users\69588\AppData\Roaming\Python\Python312\site-packages\pymysql\connections.py", line 825, in _read_query_result
    result.read()
  File "C:\Users\69588\AppData\Roaming\Python\Python312\site-packages\pymysql\connections.py", line 1199, in read
    first_packet = self.connection._read_packet()
                   ^^^^^^^^^^^^^^^^^^^^^^^^^^^^^^
  File "C:\Users\69588\AppData\Roaming\Python\Python312\site-packages\pymysql\connections.py", line 775, in _read_packet
    packet.raise_for_error()
  File "C:\Users\69588\AppData\Roaming\Python\Python312\site-packages\pymysql\protocol.py", line 219, in raise_for_error
    err.raise_mysql_exception(self._data)
  File "C:\Users\69588\AppData\Roaming\Python\Python312\site-packages\pymysql\err.py", line 150, in raise_mysql_exception
    raise errorclass(errno, errval)
sqlalchemy.exc.OperationalError: (pymysql.err.OperationalError) (1054, "Unknown column 'users.is_deleted' in 'field list'")
[SQL: SELECT users.username AS users_username, users.name AS users_name, users.email AS users_email, users.phone AS users_phone, users.avatar_url AS users_avatar_url, users.password_hash AS users_password_hash, users.gender AS users_gender, users.dept_id AS users_dept_id, users.position AS users_position, users.status AS users_status, users.is_deleted AS users_is_deleted, users.is_super_admin AS users_is_super_admin, users.must_change_password AS users_must_change_password, users.login_fail_count AS users_login_fail_count, users.last_login_at AS users_last_login_at, users.last_login_ip AS users_last_login_ip, users.id AS users_id, users.created_by AS users_created_by, users.created_at AS users_created_at, users.updated_at AS users_updated_at 
FROM users 
WHERE users.id = %(pk_1)s]
[parameters: {'pk_1': 8}]
(Background on this error at: https://sqlalche.me/e/20/e3q8)
2026-09-23 15:52:56,382 ERROR [56f79752d03e] app.main: unhandled error: (pymysql.err.OperationalError) (1054, "Unknown column 'users.is_deleted' in 'field list'")
[SQL: SELECT users.username AS users_username, users.name AS users_name, users.email AS users_email, users.phone AS users_phone, users.avatar_url AS users_avatar_url, users.password_hash AS users_password_hash, users.gender AS users_gender, users.dept_id AS users_dept_id, users.position AS users_position, users.status AS users_status, users.is_deleted AS users_is_deleted, users.is_super_admin AS users_is_super_admin, users.must_change_password AS users_must_change_password, users.login_fail_count AS users_login_fail_count, users.last_login_at AS users_last_login_at, users.last_login_ip AS users_last_login_ip, users.id AS users_id, users.created_by AS users_created_by, users.created_at AS users_created_at, users.updated_at AS users_updated_at 
FROM users 
WHERE users.id = %(pk_1)s]
[parameters: {'pk_1': 8}]
(Background on this error at: https://sqlalche.me/e/20/e3q8)
Traceback (most recent call last):
  File "C:\Users\69588\.conda\envs\whdb3\Lib\site-packages\sqlalchemy\engine\base.py", line 1969, in _exec_single_context
    self.dialect.do_execute(
  File "C:\Users\69588\.conda\envs\whdb3\Lib\site-packages\sqlalchemy\engine\default.py", line 952, in do_execute
    cursor.execute(statement, parameters)
  File "C:\Users\69588\AppData\Roaming\Python\Python312\site-packages\pymysql\cursors.py", line 153, in execute
    result = self._query(query)
             ^^^^^^^^^^^^^^^^^^
  File "C:\Users\69588\AppData\Roaming\Python\Python312\site-packages\pymysql\cursors.py", line 322, in _query
    conn.query(q)
  File "C:\Users\69588\AppData\Roaming\Python\Python312\site-packages\pymysql\connections.py", line 563, in query
    self._affected_rows = self._read_query_result(unbuffered=unbuffered)
                          ^^^^^^^^^^^^^^^^^^^^^^^^^^^^^^^^^^^^^^^^^^^^^^
  File "C:\Users\69588\AppData\Roaming\Python\Python312\site-packages\pymysql\connections.py", line 825, in _read_query_result
    result.read()
  File "C:\Users\69588\AppData\Roaming\Python\Python312\site-packages\pymysql\connections.py", line 1199, in read
    first_packet = self.connection._read_packet()
                   ^^^^^^^^^^^^^^^^^^^^^^^^^^^^^^
  File "C:\Users\69588\AppData\Roaming\Python\Python312\site-packages\pymysql\connections.py", line 775, in _read_packet
    packet.raise_for_error()
  File "C:\Users\69588\AppData\Roaming\Python\Python312\site-packages\pymysql\protocol.py", line 219, in raise_for_error
    err.raise_mysql_exception(self._data)
  File "C:\Users\69588\AppData\Roaming\Python\Python312\site-packages\pymysql\err.py", line 150, in raise_mysql_exception
    raise errorclass(errno, errval)
pymysql.err.OperationalError: (1054, "Unknown column 'users.is_deleted' in 'field list'")

The above exception was the direct cause of the following exception:

Traceback (most recent call last):
  File "C:\Users\69588\AppData\Roaming\Python\Python312\site-packages\starlette\middleware\errors.py", line 164, in __call__
    await self.app(scope, receive, _send)
  File "C:\Users\69588\AppData\Roaming\Python\Python312\site-packages\starlette\middleware\base.py", line 191, in __call__
    with recv_stream, send_stream, collapse_excgroups():
                                   ^^^^^^^^^^^^^^^^^^^^
  File "C:\Users\69588\.conda\envs\whdb3\Lib\contextlib.py", line 158, in __exit__
    self.gen.throw(value)
  File "C:\Users\69588\AppData\Roaming\Python\Python312\site-packages\starlette\_utils.py", line 87, in collapse_excgroups
    raise exc
  File "C:\Users\69588\AppData\Roaming\Python\Python312\site-packages\starlette\middleware\base.py", line 193, in __call__
    response = await self.dispatch_func(request, call_next)
               ^^^^^^^^^^^^^^^^^^^^^^^^^^^^^^^^^^^^^^^^^^^^
  File "C:\mysite\whdb3\whdb3-api\app\core\logging.py", line 53, in dispatch
    response = await call_next(request)
               ^^^^^^^^^^^^^^^^^^^^^^^^
  File "C:\Users\69588\AppData\Roaming\Python\Python312\site-packages\starlette\middleware\base.py", line 168, in call_next
    raise app_exc from app_exc.__cause__ or app_exc.__context__
  File "C:\Users\69588\AppData\Roaming\Python\Python312\site-packages\starlette\middleware\base.py", line 144, in coro
    await self.app(scope, receive_or_disconnect, send_no_error)
  File "C:\Users\69588\AppData\Roaming\Python\Python312\site-packages\starlette\middleware\exceptions.py", line 63, in __call__
    await wrap_app_handling_exceptions(self.app, conn)(scope, receive, send)
  File "C:\Users\69588\AppData\Roaming\Python\Python312\site-packages\starlette\_exception_handler.py", line 53, in wrapped_app
    raise exc
  File "C:\Users\69588\AppData\Roaming\Python\Python312\site-packages\starlette\_exception_handler.py", line 42, in wrapped_app
    await app(scope, receive, sender)
  File "C:\Users\69588\AppData\Roaming\Python\Python312\site-packages\fastapi\middleware\asyncexitstack.py", line 18, in __call__
    await self.app(scope, receive, send)
  File "C:\Users\69588\AppData\Roaming\Python\Python312\site-packages\starlette\routing.py", line 660, in __call__
    await self.middleware_stack(scope, receive, send)
  File "C:\Users\69588\AppData\Roaming\Python\Python312\site-packages\starlette\routing.py", line 680, in app
    await route.handle(scope, receive, send)
  File "C:\Users\69588\AppData\Roaming\Python\Python312\site-packages\starlette\routing.py", line 276, in handle
    await self.app(scope, receive, send)
  File "C:\Users\69588\AppData\Roaming\Python\Python312\site-packages\fastapi\routing.py", line 134, in app
    await wrap_app_handling_exceptions(app, request)(scope, receive, send)
  File "C:\Users\69588\AppData\Roaming\Python\Python312\site-packages\starlette\_exception_handler.py", line 53, in wrapped_app
    raise exc
  File "C:\Users\69588\AppData\Roaming\Python\Python312\site-packages\starlette\_exception_handler.py", line 42, in wrapped_app
    await app(scope, receive, sender)
  File "C:\Users\69588\AppData\Roaming\Python\Python312\site-packages\fastapi\routing.py", line 120, in app
    response = await f(request)
               ^^^^^^^^^^^^^^^^
  File "C:\Users\69588\AppData\Roaming\Python\Python312\site-packages\fastapi\routing.py", line 457, in app
    solved_result = await solve_dependencies(
                    ^^^^^^^^^^^^^^^^^^^^^^^^^
  File "C:\Users\69588\AppData\Roaming\Python\Python312\site-packages\fastapi\dependencies\utils.py", line 649, in solve_dependencies
    solved_result = await solve_dependencies(
                    ^^^^^^^^^^^^^^^^^^^^^^^^^
  File "C:\Users\69588\AppData\Roaming\Python\Python312\site-packages\fastapi\dependencies\utils.py", line 680, in solve_dependencies
    solved = await run_in_threadpool(call, **solved_result.values)
             ^^^^^^^^^^^^^^^^^^^^^^^^^^^^^^^^^^^^^^^^^^^^^^^^^^^^^
  File "C:\Users\69588\AppData\Roaming\Python\Python312\site-packages\starlette\concurrency.py", line 32, in run_in_threadpool
    return await anyio.to_thread.run_sync(func)
           ^^^^^^^^^^^^^^^^^^^^^^^^^^^^^^^^^^^^
  File "C:\Users\69588\AppData\Roaming\Python\Python312\site-packages\anyio\to_thread.py", line 63, in run_sync
    return await get_async_backend().run_sync_in_worker_thread(
           ^^^^^^^^^^^^^^^^^^^^^^^^^^^^^^^^^^^^^^^^^^^^^^^^^^^^
  File "C:\Users\69588\AppData\Roaming\Python\Python312\site-packages\anyio\_backends\_asyncio.py", line 2502, in run_sync_in_worker_thread
    return await future
           ^^^^^^^^^^^^
  File "C:\Users\69588\AppData\Roaming\Python\Python312\site-packages\anyio\_backends\_asyncio.py", line 986, in run
    result = context.run(func, *args)
             ^^^^^^^^^^^^^^^^^^^^^^^^
  File "C:\mysite\whdb3\whdb3-api\app\core\deps.py", line 57, in get_current_user
    return context_service.load_auth_context(db, user_id)
           ^^^^^^^^^^^^^^^^^^^^^^^^^^^^^^^^^^^^^^^^^^^^^^
  File "C:\mysite\whdb3\whdb3-api\app\user\services\context_service.py", line 85, in load_auth_context
    user = db.get(User, user_id)
           ^^^^^^^^^^^^^^^^^^^^^
  File "C:\Users\69588\.conda\envs\whdb3\Lib\site-packages\sqlalchemy\orm\session.py", line 3702, in get
    return self._get_impl(
           ^^^^^^^^^^^^^^^
  File "C:\Users\69588\.conda\envs\whdb3\Lib\site-packages\sqlalchemy\orm\session.py", line 3881, in _get_impl
    return db_load_fn(
           ^^^^^^^^^^^
  File "C:\Users\69588\.conda\envs\whdb3\Lib\site-packages\sqlalchemy\orm\loading.py", line 695, in load_on_pk_identity
    session.execute(
  File "C:\Users\69588\.conda\envs\whdb3\Lib\site-packages\sqlalchemy\orm\session.py", line 2373, in execute
    return self._execute_internal(
           ^^^^^^^^^^^^^^^^^^^^^^^
  File "C:\Users\69588\.conda\envs\whdb3\Lib\site-packages\sqlalchemy\orm\session.py", line 2271, in _execute_internal
    result: Result[Any] = compile_state_cls.orm_execute_statement(
                          ^^^^^^^^^^^^^^^^^^^^^^^^^^^^^^^^^^^^^^^^
  File "C:\Users\69588\.conda\envs\whdb3\Lib\site-packages\sqlalchemy\orm\context.py", line 306, in orm_execute_statement
    result = conn.execute(
             ^^^^^^^^^^^^^
  File "C:\Users\69588\.conda\envs\whdb3\Lib\site-packages\sqlalchemy\engine\base.py", line 1421, in execute
    return meth(
           ^^^^^
  File "C:\Users\69588\.conda\envs\whdb3\Lib\site-packages\sqlalchemy\sql\elements.py", line 526, in _execute_on_connection
    return connection._execute_clauseelement(
           ^^^^^^^^^^^^^^^^^^^^^^^^^^^^^^^^^^
  File "C:\Users\69588\.conda\envs\whdb3\Lib\site-packages\sqlalchemy\engine\base.py", line 1643, in _execute_clauseelement
    ret = self._execute_context(
          ^^^^^^^^^^^^^^^^^^^^^^
  File "C:\Users\69588\.conda\envs\whdb3\Lib\site-packages\sqlalchemy\engine\base.py", line 1848, in _execute_context
    return self._exec_single_context(
           ^^^^^^^^^^^^^^^^^^^^^^^^^^
  File "C:\Users\69588\.conda\envs\whdb3\Lib\site-packages\sqlalchemy\engine\base.py", line 1988, in _exec_single_context
    self._handle_dbapi_exception(
  File "C:\Users\69588\.conda\envs\whdb3\Lib\site-packages\sqlalchemy\engine\base.py", line 2365, in _handle_dbapi_exception
    raise sqlalchemy_exception.with_traceback(exc_info[2]) from e
  File "C:\Users\69588\.conda\envs\whdb3\Lib\site-packages\sqlalchemy\engine\base.py", line 1969, in _exec_single_context
    self.dialect.do_execute(
  File "C:\Users\69588\.conda\envs\whdb3\Lib\site-packages\sqlalchemy\engine\default.py", line 952, in do_execute
    cursor.execute(statement, parameters)
  File "C:\Users\69588\AppData\Roaming\Python\Python312\site-packages\pymysql\cursors.py", line 153, in execute
    result = self._query(query)
             ^^^^^^^^^^^^^^^^^^
  File "C:\Users\69588\AppData\Roaming\Python\Python312\site-packages\pymysql\cursors.py", line 322, in _query
    conn.query(q)
  File "C:\Users\69588\AppData\Roaming\Python\Python312\site-packages\pymysql\connections.py", line 563, in query
    self._affected_rows = self._read_query_result(unbuffered=unbuffered)
                          ^^^^^^^^^^^^^^^^^^^^^^^^^^^^^^^^^^^^^^^^^^^^^^
  File "C:\Users\69588\AppData\Roaming\Python\Python312\site-packages\pymysql\connections.py", line 825, in _read_query_result
    result.read()
  File "C:\Users\69588\AppData\Roaming\Python\Python312\site-packages\pymysql\connections.py", line 1199, in read
    first_packet = self.connection._read_packet()
                   ^^^^^^^^^^^^^^^^^^^^^^^^^^^^^^
  File "C:\Users\69588\AppData\Roaming\Python\Python312\site-packages\pymysql\connections.py", line 775, in _read_packet
    packet.raise_for_error()
  File "C:\Users\69588\AppData\Roaming\Python\Python312\site-packages\pymysql\protocol.py", line 219, in raise_for_error
    err.raise_mysql_exception(self._data)
  File "C:\Users\69588\AppData\Roaming\Python\Python312\site-packages\pymysql\err.py", line 150, in raise_mysql_exception
    raise errorclass(errno, errval)
sqlalchemy.exc.OperationalError: (pymysql.err.OperationalError) (1054, "Unknown column 'users.is_deleted' in 'field list'")
[SQL: SELECT users.username AS users_username, users.name AS users_name, users.email AS users_email, users.phone AS users_phone, users.avatar_url AS users_avatar_url, users.password_hash AS users_password_hash, users.gender AS users_gender, users.dept_id AS users_dept_id, users.position AS users_position, users.status AS users_status, users.is_deleted AS users_is_deleted, users.is_super_admin AS users_is_super_admin, users.must_change_password AS users_must_change_password, users.login_fail_count AS users_login_fail_count, users.last_login_at AS users_last_login_at, users.last_login_ip AS users_last_login_ip, users.id AS users_id, users.created_by AS users_created_by, users.created_at AS users_created_at, users.updated_at AS users_updated_at 
FROM users 
WHERE users.id = %(pk_1)s]
[parameters: {'pk_1': 8}]
(Background on this error at: https://sqlalche.me/e/20/e3q8)
2026-09-23 15:52:56,387 ERROR [696e88ddd9b8] app.main: unhandled error: (pymysql.err.OperationalError) (1054, "Unknown column 'users.is_deleted' in 'field list'")
[SQL: SELECT users.username AS users_username, users.name AS users_name, users.email AS users_email, users.phone AS users_phone, users.avatar_url AS users_avatar_url, users.password_hash AS users_password_hash, users.gender AS users_gender, users.dept_id AS users_dept_id, users.position AS users_position, users.status AS users_status, users.is_deleted AS users_is_deleted, users.is_super_admin AS users_is_super_admin, users.must_change_password AS users_must_change_password, users.login_fail_count AS users_login_fail_count, users.last_login_at AS users_last_login_at, users.last_login_ip AS users_last_login_ip, users.id AS users_id, users.created_by AS users_created_by, users.created_at AS users_created_at, users.updated_at AS users_updated_at 
FROM users 
WHERE users.id = %(pk_1)s]
[parameters: {'pk_1': 8}]
(Background on this error at: https://sqlalche.me/e/20/e3q8)
Traceback (most recent call last):
  File "C:\Users\69588\.conda\envs\whdb3\Lib\site-packages\sqlalchemy\engine\base.py", line 1969, in _exec_single_context
    self.dialect.do_execute(
  File "C:\Users\69588\.conda\envs\whdb3\Lib\site-packages\sqlalchemy\engine\default.py", line 952, in do_execute
    cursor.execute(statement, parameters)
  File "C:\Users\69588\AppData\Roaming\Python\Python312\site-packages\pymysql\cursors.py", line 153, in execute
    result = self._query(query)
             ^^^^^^^^^^^^^^^^^^
  File "C:\Users\69588\AppData\Roaming\Python\Python312\site-packages\pymysql\cursors.py", line 322, in _query
    conn.query(q)
  File "C:\Users\69588\AppData\Roaming\Python\Python312\site-packages\pymysql\connections.py", line 563, in query
    self._affected_rows = self._read_query_result(unbuffered=unbuffered)
                          ^^^^^^^^^^^^^^^^^^^^^^^^^^^^^^^^^^^^^^^^^^^^^^
  File "C:\Users\69588\AppData\Roaming\Python\Python312\site-packages\pymysql\connections.py", line 825, in _read_query_result
    result.read()
  File "C:\Users\69588\AppData\Roaming\Python\Python312\site-packages\pymysql\connections.py", line 1199, in read
    first_packet = self.connection._read_packet()
                   ^^^^^^^^^^^^^^^^^^^^^^^^^^^^^^
  File "C:\Users\69588\AppData\Roaming\Python\Python312\site-packages\pymysql\connections.py", line 775, in _read_packet
    packet.raise_for_error()
  File "C:\Users\69588\AppData\Roaming\Python\Python312\site-packages\pymysql\protocol.py", line 219, in raise_for_error
    err.raise_mysql_exception(self._data)
  File "C:\Users\69588\AppData\Roaming\Python\Python312\site-packages\pymysql\err.py", line 150, in raise_mysql_exception
    raise errorclass(errno, errval)
pymysql.err.OperationalError: (1054, "Unknown column 'users.is_deleted' in 'field list'")

The above exception was the direct cause of the following exception:

Traceback (most recent call last):
  File "C:\Users\69588\AppData\Roaming\Python\Python312\site-packages\starlette\middleware\errors.py", line 164, in __call__
    await self.app(scope, receive, _send)
  File "C:\Users\69588\AppData\Roaming\Python\Python312\site-packages\starlette\middleware\base.py", line 191, in __call__
    with recv_stream, send_stream, collapse_excgroups():
                                   ^^^^^^^^^^^^^^^^^^^^
  File "C:\Users\69588\.conda\envs\whdb3\Lib\contextlib.py", line 158, in __exit__
    self.gen.throw(value)
  File "C:\Users\69588\AppData\Roaming\Python\Python312\site-packages\starlette\_utils.py", line 87, in collapse_excgroups
    raise exc
  File "C:\Users\69588\AppData\Roaming\Python\Python312\site-packages\starlette\middleware\base.py", line 193, in __call__
    response = await self.dispatch_func(request, call_next)
               ^^^^^^^^^^^^^^^^^^^^^^^^^^^^^^^^^^^^^^^^^^^^
  File "C:\mysite\whdb3\whdb3-api\app\core\logging.py", line 53, in dispatch
    response = await call_next(request)
               ^^^^^^^^^^^^^^^^^^^^^^^^
  File "C:\Users\69588\AppData\Roaming\Python\Python312\site-packages\starlette\middleware\base.py", line 168, in call_next
    raise app_exc from app_exc.__cause__ or app_exc.__context__
  File "C:\Users\69588\AppData\Roaming\Python\Python312\site-packages\starlette\middleware\base.py", line 144, in coro
    await self.app(scope, receive_or_disconnect, send_no_error)
  File "C:\Users\69588\AppData\Roaming\Python\Python312\site-packages\starlette\middleware\exceptions.py", line 63, in __call__
    await wrap_app_handling_exceptions(self.app, conn)(scope, receive, send)
  File "C:\Users\69588\AppData\Roaming\Python\Python312\site-packages\starlette\_exception_handler.py", line 53, in wrapped_app
    raise exc
  File "C:\Users\69588\AppData\Roaming\Python\Python312\site-packages\starlette\_exception_handler.py", line 42, in wrapped_app
    await app(scope, receive, sender)
  File "C:\Users\69588\AppData\Roaming\Python\Python312\site-packages\fastapi\middleware\asyncexitstack.py", line 18, in __call__
    await self.app(scope, receive, send)
  File "C:\Users\69588\AppData\Roaming\Python\Python312\site-packages\starlette\routing.py", line 660, in __call__
    await self.middleware_stack(scope, receive, send)
  File "C:\Users\69588\AppData\Roaming\Python\Python312\site-packages\starlette\routing.py", line 680, in app
    await route.handle(scope, receive, send)
  File "C:\Users\69588\AppData\Roaming\Python\Python312\site-packages\starlette\routing.py", line 276, in handle
    await self.app(scope, receive, send)
  File "C:\Users\69588\AppData\Roaming\Python\Python312\site-packages\fastapi\routing.py", line 134, in app
    await wrap_app_handling_exceptions(app, request)(scope, receive, send)
  File "C:\Users\69588\AppData\Roaming\Python\Python312\site-packages\starlette\_exception_handler.py", line 53, in wrapped_app
    raise exc
  File "C:\Users\69588\AppData\Roaming\Python\Python312\site-packages\starlette\_exception_handler.py", line 42, in wrapped_app
    await app(scope, receive, sender)
  File "C:\Users\69588\AppData\Roaming\Python\Python312\site-packages\fastapi\routing.py", line 120, in app
    response = await f(request)
               ^^^^^^^^^^^^^^^^
  File "C:\Users\69588\AppData\Roaming\Python\Python312\site-packages\fastapi\routing.py", line 457, in app
    solved_result = await solve_dependencies(
                    ^^^^^^^^^^^^^^^^^^^^^^^^^
  File "C:\Users\69588\AppData\Roaming\Python\Python312\site-packages\fastapi\dependencies\utils.py", line 649, in solve_dependencies
    solved_result = await solve_dependencies(
                    ^^^^^^^^^^^^^^^^^^^^^^^^^
  File "C:\Users\69588\AppData\Roaming\Python\Python312\site-packages\fastapi\dependencies\utils.py", line 680, in solve_dependencies
    solved = await run_in_threadpool(call, **solved_result.values)
             ^^^^^^^^^^^^^^^^^^^^^^^^^^^^^^^^^^^^^^^^^^^^^^^^^^^^^
  File "C:\Users\69588\AppData\Roaming\Python\Python312\site-packages\starlette\concurrency.py", line 32, in run_in_threadpool
    return await anyio.to_thread.run_sync(func)
           ^^^^^^^^^^^^^^^^^^^^^^^^^^^^^^^^^^^^
  File "C:\Users\69588\AppData\Roaming\Python\Python312\site-packages\anyio\to_thread.py", line 63, in run_sync
    return await get_async_backend().run_sync_in_worker_thread(
           ^^^^^^^^^^^^^^^^^^^^^^^^^^^^^^^^^^^^^^^^^^^^^^^^^^^^
  File "C:\Users\69588\AppData\Roaming\Python\Python312\site-packages\anyio\_backends\_asyncio.py", line 2502, in run_sync_in_worker_thread
    return await future
           ^^^^^^^^^^^^
  File "C:\Users\69588\AppData\Roaming\Python\Python312\site-packages\anyio\_backends\_asyncio.py", line 986, in run
    result = context.run(func, *args)
             ^^^^^^^^^^^^^^^^^^^^^^^^
  File "C:\mysite\whdb3\whdb3-api\app\core\deps.py", line 57, in get_current_user
    return context_service.load_auth_context(db, user_id)
           ^^^^^^^^^^^^^^^^^^^^^^^^^^^^^^^^^^^^^^^^^^^^^^
  File "C:\mysite\whdb3\whdb3-api\app\user\services\context_service.py", line 85, in load_auth_context
    user = db.get(User, user_id)
           ^^^^^^^^^^^^^^^^^^^^^
  File "C:\Users\69588\.conda\envs\whdb3\Lib\site-packages\sqlalchemy\orm\session.py", line 3702, in get
    return self._get_impl(
           ^^^^^^^^^^^^^^^
  File "C:\Users\69588\.conda\envs\whdb3\Lib\site-packages\sqlalchemy\orm\session.py", line 3881, in _get_impl
    return db_load_fn(
           ^^^^^^^^^^^
  File "C:\Users\69588\.conda\envs\whdb3\Lib\site-packages\sqlalchemy\orm\loading.py", line 695, in load_on_pk_identity
    session.execute(
  File "C:\Users\69588\.conda\envs\whdb3\Lib\site-packages\sqlalchemy\orm\session.py", line 2373, in execute
    return self._execute_internal(
           ^^^^^^^^^^^^^^^^^^^^^^^
  File "C:\Users\69588\.conda\envs\whdb3\Lib\site-packages\sqlalchemy\orm\session.py", line 2271, in _execute_internal
    result: Result[Any] = compile_state_cls.orm_execute_statement(
                          ^^^^^^^^^^^^^^^^^^^^^^^^^^^^^^^^^^^^^^^^
  File "C:\Users\69588\.conda\envs\whdb3\Lib\site-packages\sqlalchemy\orm\context.py", line 306, in orm_execute_statement
    result = conn.execute(
             ^^^^^^^^^^^^^
  File "C:\Users\69588\.conda\envs\whdb3\Lib\site-packages\sqlalchemy\engine\base.py", line 1421, in execute
    return meth(
           ^^^^^
  File "C:\Users\69588\.conda\envs\whdb3\Lib\site-packages\sqlalchemy\sql\elements.py", line 526, in _execute_on_connection
    return connection._execute_clauseelement(
           ^^^^^^^^^^^^^^^^^^^^^^^^^^^^^^^^^^
  File "C:\Users\69588\.conda\envs\whdb3\Lib\site-packages\sqlalchemy\engine\base.py", line 1643, in _execute_clauseelement
    ret = self._execute_context(
          ^^^^^^^^^^^^^^^^^^^^^^
  File "C:\Users\69588\.conda\envs\whdb3\Lib\site-packages\sqlalchemy\engine\base.py", line 1848, in _execute_context
    return self._exec_single_context(
           ^^^^^^^^^^^^^^^^^^^^^^^^^^
  File "C:\Users\69588\.conda\envs\whdb3\Lib\site-packages\sqlalchemy\engine\base.py", line 1988, in _exec_single_context
    self._handle_dbapi_exception(
  File "C:\Users\69588\.conda\envs\whdb3\Lib\site-packages\sqlalchemy\engine\base.py", line 2365, in _handle_dbapi_exception
    raise sqlalchemy_exception.with_traceback(exc_info[2]) from e
  File "C:\Users\69588\.conda\envs\whdb3\Lib\site-packages\sqlalchemy\engine\base.py", line 1969, in _exec_single_context
    self.dialect.do_execute(
  File "C:\Users\69588\.conda\envs\whdb3\Lib\site-packages\sqlalchemy\engine\default.py", line 952, in do_execute
    cursor.execute(statement, parameters)
  File "C:\Users\69588\AppData\Roaming\Python\Python312\site-packages\pymysql\cursors.py", line 153, in execute
    result = self._query(query)
             ^^^^^^^^^^^^^^^^^^
  File "C:\Users\69588\AppData\Roaming\Python\Python312\site-packages\pymysql\cursors.py", line 322, in _query
    conn.query(q)
  File "C:\Users\69588\AppData\Roaming\Python\Python312\site-packages\pymysql\connections.py", line 563, in query
    self._affected_rows = self._read_query_result(unbuffered=unbuffered)
                          ^^^^^^^^^^^^^^^^^^^^^^^^^^^^^^^^^^^^^^^^^^^^^^
  File "C:\Users\69588\AppData\Roaming\Python\Python312\site-packages\pymysql\connections.py", line 825, in _read_query_result
    result.read()
  File "C:\Users\69588\AppData\Roaming\Python\Python312\site-packages\pymysql\connections.py", line 1199, in read
    first_packet = self.connection._read_packet()
                   ^^^^^^^^^^^^^^^^^^^^^^^^^^^^^^
  File "C:\Users\69588\AppData\Roaming\Python\Python312\site-packages\pymysql\connections.py", line 775, in _read_packet
    packet.raise_for_error()
  File "C:\Users\69588\AppData\Roaming\Python\Python312\site-packages\pymysql\protocol.py", line 219, in raise_for_error
    err.raise_mysql_exception(self._data)
  File "C:\Users\69588\AppData\Roaming\Python\Python312\site-packages\pymysql\err.py", line 150, in raise_mysql_exception
    raise errorclass(errno, errval)
sqlalchemy.exc.OperationalError: (pymysql.err.OperationalError) (1054, "Unknown column 'users.is_deleted' in 'field list'")
[SQL: SELECT users.username AS users_username, users.name AS users_name, users.email AS users_email, users.phone AS users_phone, users.avatar_url AS users_avatar_url, users.password_hash AS users_password_hash, users.gender AS users_gender, users.dept_id AS users_dept_id, users.position AS users_position, users.status AS users_status, users.is_deleted AS users_is_deleted, users.is_super_admin AS users_is_super_admin, users.must_change_password AS users_must_change_password, users.login_fail_count AS users_login_fail_count, users.last_login_at AS users_last_login_at, users.last_login_ip AS users_last_login_ip, users.id AS users_id, users.created_by AS users_created_by, users.created_at AS users_created_at, users.updated_at AS users_updated_at 
FROM users 
WHERE users.id = %(pk_1)s]
[parameters: {'pk_1': 8}]
(Background on this error at: https://sqlalche.me/e/20/e3q8)
2026-09-23 15:52:59,310 ERROR [b4087a981e60] app.main: unhandled error: (pymysql.err.OperationalError) (1054, "Unknown column 'users.is_deleted' in 'field list'")
[SQL: SELECT users.username AS users_username, users.name AS users_name, users.email AS users_email, users.phone AS users_phone, users.avatar_url AS users_avatar_url, users.password_hash AS users_password_hash, users.gender AS users_gender, users.dept_id AS users_dept_id, users.position AS users_position, users.status AS users_status, users.is_deleted AS users_is_deleted, users.is_super_admin AS users_is_super_admin, users.must_change_password AS users_must_change_password, users.login_fail_count AS users_login_fail_count, users.last_login_at AS users_last_login_at, users.last_login_ip AS users_last_login_ip, users.id AS users_id, users.created_by AS users_created_by, users.created_at AS users_created_at, users.updated_at AS users_updated_at 
FROM users 
WHERE users.id = %(pk_1)s]
[parameters: {'pk_1': 8}]
(Background on this error at: https://sqlalche.me/e/20/e3q8)
Traceback (most recent call last):
  File "C:\Users\69588\.conda\envs\whdb3\Lib\site-packages\sqlalchemy\engine\base.py", line 1969, in _exec_single_context
    self.dialect.do_execute(
  File "C:\Users\69588\.conda\envs\whdb3\Lib\site-packages\sqlalchemy\engine\default.py", line 952, in do_execute
    cursor.execute(statement, parameters)
  File "C:\Users\69588\AppData\Roaming\Python\Python312\site-packages\pymysql\cursors.py", line 153, in execute
    result = self._query(query)
             ^^^^^^^^^^^^^^^^^^
  File "C:\Users\69588\AppData\Roaming\Python\Python312\site-packages\pymysql\cursors.py", line 322, in _query
    conn.query(q)
  File "C:\Users\69588\AppData\Roaming\Python\Python312\site-packages\pymysql\connections.py", line 563, in query
    self._affected_rows = self._read_query_result(unbuffered=unbuffered)
                          ^^^^^^^^^^^^^^^^^^^^^^^^^^^^^^^^^^^^^^^^^^^^^^
  File "C:\Users\69588\AppData\Roaming\Python\Python312\site-packages\pymysql\connections.py", line 825, in _read_query_result
    result.read()
  File "C:\Users\69588\AppData\Roaming\Python\Python312\site-packages\pymysql\connections.py", line 1199, in read
    first_packet = self.connection._read_packet()
                   ^^^^^^^^^^^^^^^^^^^^^^^^^^^^^^
  File "C:\Users\69588\AppData\Roaming\Python\Python312\site-packages\pymysql\connections.py", line 775, in _read_packet
    packet.raise_for_error()
  File "C:\Users\69588\AppData\Roaming\Python\Python312\site-packages\pymysql\protocol.py", line 219, in raise_for_error
    err.raise_mysql_exception(self._data)
  File "C:\Users\69588\AppData\Roaming\Python\Python312\site-packages\pymysql\err.py", line 150, in raise_mysql_exception
    raise errorclass(errno, errval)
pymysql.err.OperationalError: (1054, "Unknown column 'users.is_deleted' in 'field list'")

The above exception was the direct cause of the following exception:

Traceback (most recent call last):
  File "C:\Users\69588\AppData\Roaming\Python\Python312\site-packages\starlette\middleware\errors.py", line 164, in __call__
    await self.app(scope, receive, _send)
  File "C:\Users\69588\AppData\Roaming\Python\Python312\site-packages\starlette\middleware\base.py", line 191, in __call__
    with recv_stream, send_stream, collapse_excgroups():
                                   ^^^^^^^^^^^^^^^^^^^^
  File "C:\Users\69588\.conda\envs\whdb3\Lib\contextlib.py", line 158, in __exit__
    self.gen.throw(value)
  File "C:\Users\69588\AppData\Roaming\Python\Python312\site-packages\starlette\_utils.py", line 87, in collapse_excgroups
    raise exc
  File "C:\Users\69588\AppData\Roaming\Python\Python312\site-packages\starlette\middleware\base.py", line 193, in __call__
    response = await self.dispatch_func(request, call_next)
               ^^^^^^^^^^^^^^^^^^^^^^^^^^^^^^^^^^^^^^^^^^^^
  File "C:\mysite\whdb3\whdb3-api\app\core\logging.py", line 53, in dispatch
    response = await call_next(request)
               ^^^^^^^^^^^^^^^^^^^^^^^^
  File "C:\Users\69588\AppData\Roaming\Python\Python312\site-packages\starlette\middleware\base.py", line 168, in call_next
    raise app_exc from app_exc.__cause__ or app_exc.__context__
  File "C:\Users\69588\AppData\Roaming\Python\Python312\site-packages\starlette\middleware\base.py", line 144, in coro
    await self.app(scope, receive_or_disconnect, send_no_error)
  File "C:\Users\69588\AppData\Roaming\Python\Python312\site-packages\starlette\middleware\exceptions.py", line 63, in __call__
    await wrap_app_handling_exceptions(self.app, conn)(scope, receive, send)
  File "C:\Users\69588\AppData\Roaming\Python\Python312\site-packages\starlette\_exception_handler.py", line 53, in wrapped_app
    raise exc
  File "C:\Users\69588\AppData\Roaming\Python\Python312\site-packages\starlette\_exception_handler.py", line 42, in wrapped_app
    await app(scope, receive, sender)
  File "C:\Users\69588\AppData\Roaming\Python\Python312\site-packages\fastapi\middleware\asyncexitstack.py", line 18, in __call__
    await self.app(scope, receive, send)
  File "C:\Users\69588\AppData\Roaming\Python\Python312\site-packages\starlette\routing.py", line 660, in __call__
    await self.middleware_stack(scope, receive, send)
  File "C:\Users\69588\AppData\Roaming\Python\Python312\site-packages\starlette\routing.py", line 680, in app
    await route.handle(scope, receive, send)
  File "C:\Users\69588\AppData\Roaming\Python\Python312\site-packages\starlette\routing.py", line 276, in handle
    await self.app(scope, receive, send)
  File "C:\Users\69588\AppData\Roaming\Python\Python312\site-packages\fastapi\routing.py", line 134, in app
    await wrap_app_handling_exceptions(app, request)(scope, receive, send)
  File "C:\Users\69588\AppData\Roaming\Python\Python312\site-packages\starlette\_exception_handler.py", line 53, in wrapped_app
    raise exc
  File "C:\Users\69588\AppData\Roaming\Python\Python312\site-packages\starlette\_exception_handler.py", line 42, in wrapped_app
    await app(scope, receive, sender)
  File "C:\Users\69588\AppData\Roaming\Python\Python312\site-packages\fastapi\routing.py", line 120, in app
    response = await f(request)
               ^^^^^^^^^^^^^^^^
  File "C:\Users\69588\AppData\Roaming\Python\Python312\site-packages\fastapi\routing.py", line 457, in app
    solved_result = await solve_dependencies(
                    ^^^^^^^^^^^^^^^^^^^^^^^^^
  File "C:\Users\69588\AppData\Roaming\Python\Python312\site-packages\fastapi\dependencies\utils.py", line 649, in solve_dependencies
    solved_result = await solve_dependencies(
                    ^^^^^^^^^^^^^^^^^^^^^^^^^
  File "C:\Users\69588\AppData\Roaming\Python\Python312\site-packages\fastapi\dependencies\utils.py", line 680, in solve_dependencies
    solved = await run_in_threadpool(call, **solved_result.values)
             ^^^^^^^^^^^^^^^^^^^^^^^^^^^^^^^^^^^^^^^^^^^^^^^^^^^^^
  File "C:\Users\69588\AppData\Roaming\Python\Python312\site-packages\starlette\concurrency.py", line 32, in run_in_threadpool
    return await anyio.to_thread.run_sync(func)
           ^^^^^^^^^^^^^^^^^^^^^^^^^^^^^^^^^^^^
  File "C:\Users\69588\AppData\Roaming\Python\Python312\site-packages\anyio\to_thread.py", line 63, in run_sync
    return await get_async_backend().run_sync_in_worker_thread(
           ^^^^^^^^^^^^^^^^^^^^^^^^^^^^^^^^^^^^^^^^^^^^^^^^^^^^
  File "C:\Users\69588\AppData\Roaming\Python\Python312\site-packages\anyio\_backends\_asyncio.py", line 2502, in run_sync_in_worker_thread
    return await future
           ^^^^^^^^^^^^
  File "C:\Users\69588\AppData\Roaming\Python\Python312\site-packages\anyio\_backends\_asyncio.py", line 986, in run
    result = context.run(func, *args)
             ^^^^^^^^^^^^^^^^^^^^^^^^
  File "C:\mysite\whdb3\whdb3-api\app\core\deps.py", line 57, in get_current_user
    return context_service.load_auth_context(db, user_id)
           ^^^^^^^^^^^^^^^^^^^^^^^^^^^^^^^^^^^^^^^^^^^^^^
  File "C:\mysite\whdb3\whdb3-api\app\user\services\context_service.py", line 85, in load_auth_context
    user = db.get(User, user_id)
           ^^^^^^^^^^^^^^^^^^^^^
  File "C:\Users\69588\.conda\envs\whdb3\Lib\site-packages\sqlalchemy\orm\session.py", line 3702, in get
    return self._get_impl(
           ^^^^^^^^^^^^^^^
  File "C:\Users\69588\.conda\envs\whdb3\Lib\site-packages\sqlalchemy\orm\session.py", line 3881, in _get_impl
    return db_load_fn(
           ^^^^^^^^^^^
  File "C:\Users\69588\.conda\envs\whdb3\Lib\site-packages\sqlalchemy\orm\loading.py", line 695, in load_on_pk_identity
    session.execute(
  File "C:\Users\69588\.conda\envs\whdb3\Lib\site-packages\sqlalchemy\orm\session.py", line 2373, in execute
    return self._execute_internal(
           ^^^^^^^^^^^^^^^^^^^^^^^
  File "C:\Users\69588\.conda\envs\whdb3\Lib\site-packages\sqlalchemy\orm\session.py", line 2271, in _execute_internal
    result: Result[Any] = compile_state_cls.orm_execute_statement(
                          ^^^^^^^^^^^^^^^^^^^^^^^^^^^^^^^^^^^^^^^^
  File "C:\Users\69588\.conda\envs\whdb3\Lib\site-packages\sqlalchemy\orm\context.py", line 306, in orm_execute_statement
    result = conn.execute(
             ^^^^^^^^^^^^^
  File "C:\Users\69588\.conda\envs\whdb3\Lib\site-packages\sqlalchemy\engine\base.py", line 1421, in execute
    return meth(
           ^^^^^
  File "C:\Users\69588\.conda\envs\whdb3\Lib\site-packages\sqlalchemy\sql\elements.py", line 526, in _execute_on_connection
    return connection._execute_clauseelement(
           ^^^^^^^^^^^^^^^^^^^^^^^^^^^^^^^^^^
  File "C:\Users\69588\.conda\envs\whdb3\Lib\site-packages\sqlalchemy\engine\base.py", line 1643, in _execute_clauseelement
    ret = self._execute_context(
          ^^^^^^^^^^^^^^^^^^^^^^
  File "C:\Users\69588\.conda\envs\whdb3\Lib\site-packages\sqlalchemy\engine\base.py", line 1848, in _execute_context
    return self._exec_single_context(
           ^^^^^^^^^^^^^^^^^^^^^^^^^^
  File "C:\Users\69588\.conda\envs\whdb3\Lib\site-packages\sqlalchemy\engine\base.py", line 1988, in _exec_single_context
    self._handle_dbapi_exception(
  File "C:\Users\69588\.conda\envs\whdb3\Lib\site-packages\sqlalchemy\engine\base.py", line 2365, in _handle_dbapi_exception
    raise sqlalchemy_exception.with_traceback(exc_info[2]) from e
  File "C:\Users\69588\.conda\envs\whdb3\Lib\site-packages\sqlalchemy\engine\base.py", line 1969, in _exec_single_context
    self.dialect.do_execute(
  File "C:\Users\69588\.conda\envs\whdb3\Lib\site-packages\sqlalchemy\engine\default.py", line 952, in do_execute
    cursor.execute(statement, parameters)
  File "C:\Users\69588\AppData\Roaming\Python\Python312\site-packages\pymysql\cursors.py", line 153, in execute
    result = self._query(query)
             ^^^^^^^^^^^^^^^^^^
  File "C:\Users\69588\AppData\Roaming\Python\Python312\site-packages\pymysql\cursors.py", line 322, in _query
    conn.query(q)
  File "C:\Users\69588\AppData\Roaming\Python\Python312\site-packages\pymysql\connections.py", line 563, in query
    self._affected_rows = self._read_query_result(unbuffered=unbuffered)
                          ^^^^^^^^^^^^^^^^^^^^^^^^^^^^^^^^^^^^^^^^^^^^^^
  File "C:\Users\69588\AppData\Roaming\Python\Python312\site-packages\pymysql\connections.py", line 825, in _read_query_result
    result.read()
  File "C:\Users\69588\AppData\Roaming\Python\Python312\site-packages\pymysql\connections.py", line 1199, in read
    first_packet = self.connection._read_packet()
                   ^^^^^^^^^^^^^^^^^^^^^^^^^^^^^^
  File "C:\Users\69588\AppData\Roaming\Python\Python312\site-packages\pymysql\connections.py", line 775, in _read_packet
    packet.raise_for_error()
  File "C:\Users\69588\AppData\Roaming\Python\Python312\site-packages\pymysql\protocol.py", line 219, in raise_for_error
    err.raise_mysql_exception(self._data)
  File "C:\Users\69588\AppData\Roaming\Python\Python312\site-packages\pymysql\err.py", line 150, in raise_mysql_exception
    raise errorclass(errno, errval)
sqlalchemy.exc.OperationalError: (pymysql.err.OperationalError) (1054, "Unknown column 'users.is_deleted' in 'field list'")
[SQL: SELECT users.username AS users_username, users.name AS users_name, users.email AS users_email, users.phone AS users_phone, users.avatar_url AS users_avatar_url, users.password_hash AS users_password_hash, users.gender AS users_gender, users.dept_id AS users_dept_id, users.position AS users_position, users.status AS users_status, users.is_deleted AS users_is_deleted, users.is_super_admin AS users_is_super_admin, users.must_change_password AS users_must_change_password, users.login_fail_count AS users_login_fail_count, users.last_login_at AS users_last_login_at, users.last_login_ip AS users_last_login_ip, users.id AS users_id, users.created_by AS users_created_by, users.created_at AS users_created_at, users.updated_at AS users_updated_at 
FROM users 
WHERE users.id = %(pk_1)s]
[parameters: {'pk_1': 8}]
(Background on this error at: https://sqlalche.me/e/20/e3q8)
2026-09-23 15:52:59,323 ERROR [d45490a14bf1] app.main: unhandled error: (pymysql.err.OperationalError) (1054, "Unknown column 'users.is_deleted' in 'field list'")
[SQL: SELECT users.username AS users_username, users.name AS users_name, users.email AS users_email, users.phone AS users_phone, users.avatar_url AS users_avatar_url, users.password_hash AS users_password_hash, users.gender AS users_gender, users.dept_id AS users_dept_id, users.position AS users_position, users.status AS users_status, users.is_deleted AS users_is_deleted, users.is_super_admin AS users_is_super_admin, users.must_change_password AS users_must_change_password, users.login_fail_count AS users_login_fail_count, users.last_login_at AS users_last_login_at, users.last_login_ip AS users_last_login_ip, users.id AS users_id, users.created_by AS users_created_by, users.created_at AS users_created_at, users.updated_at AS users_updated_at 
FROM users 
WHERE users.id = %(pk_1)s]
[parameters: {'pk_1': 8}]
(Background on this error at: https://sqlalche.me/e/20/e3q8)
Traceback (most recent call last):
  File "C:\Users\69588\.conda\envs\whdb3\Lib\site-packages\sqlalchemy\engine\base.py", line 1969, in _exec_single_context
    self.dialect.do_execute(
  File "C:\Users\69588\.conda\envs\whdb3\Lib\site-packages\sqlalchemy\engine\default.py", line 952, in do_execute
    cursor.execute(statement, parameters)
  File "C:\Users\69588\AppData\Roaming\Python\Python312\site-packages\pymysql\cursors.py", line 153, in execute
    result = self._query(query)
             ^^^^^^^^^^^^^^^^^^
  File "C:\Users\69588\AppData\Roaming\Python\Python312\site-packages\pymysql\cursors.py", line 322, in _query
    conn.query(q)
  File "C:\Users\69588\AppData\Roaming\Python\Python312\site-packages\pymysql\connections.py", line 563, in query
    self._affected_rows = self._read_query_result(unbuffered=unbuffered)
                          ^^^^^^^^^^^^^^^^^^^^^^^^^^^^^^^^^^^^^^^^^^^^^^
  File "C:\Users\69588\AppData\Roaming\Python\Python312\site-packages\pymysql\connections.py", line 825, in _read_query_result
    result.read()
  File "C:\Users\69588\AppData\Roaming\Python\Python312\site-packages\pymysql\connections.py", line 1199, in read
    first_packet = self.connection._read_packet()
                   ^^^^^^^^^^^^^^^^^^^^^^^^^^^^^^
  File "C:\Users\69588\AppData\Roaming\Python\Python312\site-packages\pymysql\connections.py", line 775, in _read_packet
    packet.raise_for_error()
  File "C:\Users\69588\AppData\Roaming\Python\Python312\site-packages\pymysql\protocol.py", line 219, in raise_for_error
    err.raise_mysql_exception(self._data)
  File "C:\Users\69588\AppData\Roaming\Python\Python312\site-packages\pymysql\err.py", line 150, in raise_mysql_exception
    raise errorclass(errno, errval)
pymysql.err.OperationalError: (1054, "Unknown column 'users.is_deleted' in 'field list'")

The above exception was the direct cause of the following exception:

Traceback (most recent call last):
  File "C:\Users\69588\AppData\Roaming\Python\Python312\site-packages\starlette\middleware\errors.py", line 164, in __call__
    await self.app(scope, receive, _send)
  File "C:\Users\69588\AppData\Roaming\Python\Python312\site-packages\starlette\middleware\base.py", line 191, in __call__
    with recv_stream, send_stream, collapse_excgroups():
                                   ^^^^^^^^^^^^^^^^^^^^
  File "C:\Users\69588\.conda\envs\whdb3\Lib\contextlib.py", line 158, in __exit__
    self.gen.throw(value)
  File "C:\Users\69588\AppData\Roaming\Python\Python312\site-packages\starlette\_utils.py", line 87, in collapse_excgroups
    raise exc
  File "C:\Users\69588\AppData\Roaming\Python\Python312\site-packages\starlette\middleware\base.py", line 193, in __call__
    response = await self.dispatch_func(request, call_next)
               ^^^^^^^^^^^^^^^^^^^^^^^^^^^^^^^^^^^^^^^^^^^^
  File "C:\mysite\whdb3\whdb3-api\app\core\logging.py", line 53, in dispatch
    response = await call_next(request)
               ^^^^^^^^^^^^^^^^^^^^^^^^
  File "C:\Users\69588\AppData\Roaming\Python\Python312\site-packages\starlette\middleware\base.py", line 168, in call_next
    raise app_exc from app_exc.__cause__ or app_exc.__context__
  File "C:\Users\69588\AppData\Roaming\Python\Python312\site-packages\starlette\middleware\base.py", line 144, in coro
    await self.app(scope, receive_or_disconnect, send_no_error)
  File "C:\Users\69588\AppData\Roaming\Python\Python312\site-packages\starlette\middleware\exceptions.py", line 63, in __call__
    await wrap_app_handling_exceptions(self.app, conn)(scope, receive, send)
  File "C:\Users\69588\AppData\Roaming\Python\Python312\site-packages\starlette\_exception_handler.py", line 53, in wrapped_app
    raise exc
  File "C:\Users\69588\AppData\Roaming\Python\Python312\site-packages\starlette\_exception_handler.py", line 42, in wrapped_app
    await app(scope, receive, sender)
  File "C:\Users\69588\AppData\Roaming\Python\Python312\site-packages\fastapi\middleware\asyncexitstack.py", line 18, in __call__
    await self.app(scope, receive, send)
  File "C:\Users\69588\AppData\Roaming\Python\Python312\site-packages\starlette\routing.py", line 660, in __call__
    await self.middleware_stack(scope, receive, send)
  File "C:\Users\69588\AppData\Roaming\Python\Python312\site-packages\starlette\routing.py", line 680, in app
    await route.handle(scope, receive, send)
  File "C:\Users\69588\AppData\Roaming\Python\Python312\site-packages\starlette\routing.py", line 276, in handle
    await self.app(scope, receive, send)
  File "C:\Users\69588\AppData\Roaming\Python\Python312\site-packages\fastapi\routing.py", line 134, in app
    await wrap_app_handling_exceptions(app, request)(scope, receive, send)
  File "C:\Users\69588\AppData\Roaming\Python\Python312\site-packages\starlette\_exception_handler.py", line 53, in wrapped_app
    raise exc
  File "C:\Users\69588\AppData\Roaming\Python\Python312\site-packages\starlette\_exception_handler.py", line 42, in wrapped_app
    await app(scope, receive, sender)
  File "C:\Users\69588\AppData\Roaming\Python\Python312\site-packages\fastapi\routing.py", line 120, in app
    response = await f(request)
               ^^^^^^^^^^^^^^^^
  File "C:\Users\69588\AppData\Roaming\Python\Python312\site-packages\fastapi\routing.py", line 457, in app
    solved_result = await solve_dependencies(
                    ^^^^^^^^^^^^^^^^^^^^^^^^^
  File "C:\Users\69588\AppData\Roaming\Python\Python312\site-packages\fastapi\dependencies\utils.py", line 649, in solve_dependencies
    solved_result = await solve_dependencies(
                    ^^^^^^^^^^^^^^^^^^^^^^^^^
  File "C:\Users\69588\AppData\Roaming\Python\Python312\site-packages\fastapi\dependencies\utils.py", line 680, in solve_dependencies
    solved = await run_in_threadpool(call, **solved_result.values)
             ^^^^^^^^^^^^^^^^^^^^^^^^^^^^^^^^^^^^^^^^^^^^^^^^^^^^^
  File "C:\Users\69588\AppData\Roaming\Python\Python312\site-packages\starlette\concurrency.py", line 32, in run_in_threadpool
    return await anyio.to_thread.run_sync(func)
           ^^^^^^^^^^^^^^^^^^^^^^^^^^^^^^^^^^^^
  File "C:\Users\69588\AppData\Roaming\Python\Python312\site-packages\anyio\to_thread.py", line 63, in run_sync
    return await get_async_backend().run_sync_in_worker_thread(
           ^^^^^^^^^^^^^^^^^^^^^^^^^^^^^^^^^^^^^^^^^^^^^^^^^^^^
  File "C:\Users\69588\AppData\Roaming\Python\Python312\site-packages\anyio\_backends\_asyncio.py", line 2502, in run_sync_in_worker_thread
    return await future
           ^^^^^^^^^^^^
  File "C:\Users\69588\AppData\Roaming\Python\Python312\site-packages\anyio\_backends\_asyncio.py", line 986, in run
    result = context.run(func, *args)
             ^^^^^^^^^^^^^^^^^^^^^^^^
  File "C:\mysite\whdb3\whdb3-api\app\core\deps.py", line 57, in get_current_user
    return context_service.load_auth_context(db, user_id)
           ^^^^^^^^^^^^^^^^^^^^^^^^^^^^^^^^^^^^^^^^^^^^^^
  File "C:\mysite\whdb3\whdb3-api\app\user\services\context_service.py", line 85, in load_auth_context
    user = db.get(User, user_id)
           ^^^^^^^^^^^^^^^^^^^^^
  File "C:\Users\69588\.conda\envs\whdb3\Lib\site-packages\sqlalchemy\orm\session.py", line 3702, in get
    return self._get_impl(
           ^^^^^^^^^^^^^^^
  File "C:\Users\69588\.conda\envs\whdb3\Lib\site-packages\sqlalchemy\orm\session.py", line 3881, in _get_impl
    return db_load_fn(
           ^^^^^^^^^^^
  File "C:\Users\69588\.conda\envs\whdb3\Lib\site-packages\sqlalchemy\orm\loading.py", line 695, in load_on_pk_identity
    session.execute(
  File "C:\Users\69588\.conda\envs\whdb3\Lib\site-packages\sqlalchemy\orm\session.py", line 2373, in execute
    return self._execute_internal(
           ^^^^^^^^^^^^^^^^^^^^^^^
  File "C:\Users\69588\.conda\envs\whdb3\Lib\site-packages\sqlalchemy\orm\session.py", line 2271, in _execute_internal
    result: Result[Any] = compile_state_cls.orm_execute_statement(
                          ^^^^^^^^^^^^^^^^^^^^^^^^^^^^^^^^^^^^^^^^
  File "C:\Users\69588\.conda\envs\whdb3\Lib\site-packages\sqlalchemy\orm\context.py", line 306, in orm_execute_statement
    result = conn.execute(
             ^^^^^^^^^^^^^
  File "C:\Users\69588\.conda\envs\whdb3\Lib\site-packages\sqlalchemy\engine\base.py", line 1421, in execute
    return meth(
           ^^^^^
  File "C:\Users\69588\.conda\envs\whdb3\Lib\site-packages\sqlalchemy\sql\elements.py", line 526, in _execute_on_connection
    return connection._execute_clauseelement(
           ^^^^^^^^^^^^^^^^^^^^^^^^^^^^^^^^^^
  File "C:\Users\69588\.conda\envs\whdb3\Lib\site-packages\sqlalchemy\engine\base.py", line 1643, in _execute_clauseelement
    ret = self._execute_context(
          ^^^^^^^^^^^^^^^^^^^^^^
  File "C:\Users\69588\.conda\envs\whdb3\Lib\site-packages\sqlalchemy\engine\base.py", line 1848, in _execute_context
    return self._exec_single_context(
           ^^^^^^^^^^^^^^^^^^^^^^^^^^
  File "C:\Users\69588\.conda\envs\whdb3\Lib\site-packages\sqlalchemy\engine\base.py", line 1988, in _exec_single_context
    self._handle_dbapi_exception(
  File "C:\Users\69588\.conda\envs\whdb3\Lib\site-packages\sqlalchemy\engine\base.py", line 2365, in _handle_dbapi_exception
    raise sqlalchemy_exception.with_traceback(exc_info[2]) from e
  File "C:\Users\69588\.conda\envs\whdb3\Lib\site-packages\sqlalchemy\engine\base.py", line 1969, in _exec_single_context
    self.dialect.do_execute(
  File "C:\Users\69588\.conda\envs\whdb3\Lib\site-packages\sqlalchemy\engine\default.py", line 952, in do_execute
    cursor.execute(statement, parameters)
  File "C:\Users\69588\AppData\Roaming\Python\Python312\site-packages\pymysql\cursors.py", line 153, in execute
    result = self._query(query)
             ^^^^^^^^^^^^^^^^^^
  File "C:\Users\69588\AppData\Roaming\Python\Python312\site-packages\pymysql\cursors.py", line 322, in _query
    conn.query(q)
  File "C:\Users\69588\AppData\Roaming\Python\Python312\site-packages\pymysql\connections.py", line 563, in query
    self._affected_rows = self._read_query_result(unbuffered=unbuffered)
                          ^^^^^^^^^^^^^^^^^^^^^^^^^^^^^^^^^^^^^^^^^^^^^^
  File "C:\Users\69588\AppData\Roaming\Python\Python312\site-packages\pymysql\connections.py", line 825, in _read_query_result
    result.read()
  File "C:\Users\69588\AppData\Roaming\Python\Python312\site-packages\pymysql\connections.py", line 1199, in read
    first_packet = self.connection._read_packet()
                   ^^^^^^^^^^^^^^^^^^^^^^^^^^^^^^
  File "C:\Users\69588\AppData\Roaming\Python\Python312\site-packages\pymysql\connections.py", line 775, in _read_packet
    packet.raise_for_error()
  File "C:\Users\69588\AppData\Roaming\Python\Python312\site-packages\pymysql\protocol.py", line 219, in raise_for_error
    err.raise_mysql_exception(self._data)
  File "C:\Users\69588\AppData\Roaming\Python\Python312\site-packages\pymysql\err.py", line 150, in raise_mysql_exception
    raise errorclass(errno, errval)
sqlalchemy.exc.OperationalError: (pymysql.err.OperationalError) (1054, "Unknown column 'users.is_deleted' in 'field list'")
[SQL: SELECT users.username AS users_username, users.name AS users_name, users.email AS users_email, users.phone AS users_phone, users.avatar_url AS users_avatar_url, users.password_hash AS users_password_hash, users.gender AS users_gender, users.dept_id AS users_dept_id, users.position AS users_position, users.status AS users_status, users.is_deleted AS users_is_deleted, users.is_super_admin AS users_is_super_admin, users.must_change_password AS users_must_change_password, users.login_fail_count AS users_login_fail_count, users.last_login_at AS users_last_login_at, users.last_login_ip AS users_last_login_ip, users.id AS users_id, users.created_by AS users_created_by, users.created_at AS users_created_at, users.updated_at AS users_updated_at 
FROM users 
WHERE users.id = %(pk_1)s]
[parameters: {'pk_1': 8}]
(Background on this error at: https://sqlalche.me/e/20/e3q8)
2026-09-23 15:52:59,328 ERROR [65ba1e1f22f9] app.main: unhandled error: (pymysql.err.OperationalError) (1054, "Unknown column 'users.is_deleted' in 'field list'")
[SQL: SELECT users.username AS users_username, users.name AS users_name, users.email AS users_email, users.phone AS users_phone, users.avatar_url AS users_avatar_url, users.password_hash AS users_password_hash, users.gender AS users_gender, users.dept_id AS users_dept_id, users.position AS users_position, users.status AS users_status, users.is_deleted AS users_is_deleted, users.is_super_admin AS users_is_super_admin, users.must_change_password AS users_must_change_password, users.login_fail_count AS users_login_fail_count, users.last_login_at AS users_last_login_at, users.last_login_ip AS users_last_login_ip, users.id AS users_id, users.created_by AS users_created_by, users.created_at AS users_created_at, users.updated_at AS users_updated_at 
FROM users 
WHERE users.id = %(pk_1)s]
[parameters: {'pk_1': 8}]
(Background on this error at: https://sqlalche.me/e/20/e3q8)
Traceback (most recent call last):
  File "C:\Users\69588\.conda\envs\whdb3\Lib\site-packages\sqlalchemy\engine\base.py", line 1969, in _exec_single_context
    self.dialect.do_execute(
  File "C:\Users\69588\.conda\envs\whdb3\Lib\site-packages\sqlalchemy\engine\default.py", line 952, in do_execute
    cursor.execute(statement, parameters)
  File "C:\Users\69588\AppData\Roaming\Python\Python312\site-packages\pymysql\cursors.py", line 153, in execute
    result = self._query(query)
             ^^^^^^^^^^^^^^^^^^
  File "C:\Users\69588\AppData\Roaming\Python\Python312\site-packages\pymysql\cursors.py", line 322, in _query
    conn.query(q)
  File "C:\Users\69588\AppData\Roaming\Python\Python312\site-packages\pymysql\connections.py", line 563, in query
    self._affected_rows = self._read_query_result(unbuffered=unbuffered)
                          ^^^^^^^^^^^^^^^^^^^^^^^^^^^^^^^^^^^^^^^^^^^^^^
  File "C:\Users\69588\AppData\Roaming\Python\Python312\site-packages\pymysql\connections.py", line 825, in _read_query_result
    result.read()
  File "C:\Users\69588\AppData\Roaming\Python\Python312\site-packages\pymysql\connections.py", line 1199, in read
    first_packet = self.connection._read_packet()
                   ^^^^^^^^^^^^^^^^^^^^^^^^^^^^^^
  File "C:\Users\69588\AppData\Roaming\Python\Python312\site-packages\pymysql\connections.py", line 775, in _read_packet
    packet.raise_for_error()
  File "C:\Users\69588\AppData\Roaming\Python\Python312\site-packages\pymysql\protocol.py", line 219, in raise_for_error
    err.raise_mysql_exception(self._data)
  File "C:\Users\69588\AppData\Roaming\Python\Python312\site-packages\pymysql\err.py", line 150, in raise_mysql_exception
    raise errorclass(errno, errval)
pymysql.err.OperationalError: (1054, "Unknown column 'users.is_deleted' in 'field list'")

The above exception was the direct cause of the following exception:

Traceback (most recent call last):
  File "C:\Users\69588\AppData\Roaming\Python\Python312\site-packages\starlette\middleware\errors.py", line 164, in __call__
    await self.app(scope, receive, _send)
  File "C:\Users\69588\AppData\Roaming\Python\Python312\site-packages\starlette\middleware\base.py", line 191, in __call__
    with recv_stream, send_stream, collapse_excgroups():
                                   ^^^^^^^^^^^^^^^^^^^^
  File "C:\Users\69588\.conda\envs\whdb3\Lib\contextlib.py", line 158, in __exit__
    self.gen.throw(value)
  File "C:\Users\69588\AppData\Roaming\Python\Python312\site-packages\starlette\_utils.py", line 87, in collapse_excgroups
    raise exc
  File "C:\Users\69588\AppData\Roaming\Python\Python312\site-packages\starlette\middleware\base.py", line 193, in __call__
    response = await self.dispatch_func(request, call_next)
               ^^^^^^^^^^^^^^^^^^^^^^^^^^^^^^^^^^^^^^^^^^^^
  File "C:\mysite\whdb3\whdb3-api\app\core\logging.py", line 53, in dispatch
    response = await call_next(request)
               ^^^^^^^^^^^^^^^^^^^^^^^^
  File "C:\Users\69588\AppData\Roaming\Python\Python312\site-packages\starlette\middleware\base.py", line 168, in call_next
    raise app_exc from app_exc.__cause__ or app_exc.__context__
  File "C:\Users\69588\AppData\Roaming\Python\Python312\site-packages\starlette\middleware\base.py", line 144, in coro
    await self.app(scope, receive_or_disconnect, send_no_error)
  File "C:\Users\69588\AppData\Roaming\Python\Python312\site-packages\starlette\middleware\exceptions.py", line 63, in __call__
    await wrap_app_handling_exceptions(self.app, conn)(scope, receive, send)
  File "C:\Users\69588\AppData\Roaming\Python\Python312\site-packages\starlette\_exception_handler.py", line 53, in wrapped_app
    raise exc
  File "C:\Users\69588\AppData\Roaming\Python\Python312\site-packages\starlette\_exception_handler.py", line 42, in wrapped_app
    await app(scope, receive, sender)
  File "C:\Users\69588\AppData\Roaming\Python\Python312\site-packages\fastapi\middleware\asyncexitstack.py", line 18, in __call__
    await self.app(scope, receive, send)
  File "C:\Users\69588\AppData\Roaming\Python\Python312\site-packages\starlette\routing.py", line 660, in __call__
    await self.middleware_stack(scope, receive, send)
  File "C:\Users\69588\AppData\Roaming\Python\Python312\site-packages\starlette\routing.py", line 680, in app
    await route.handle(scope, receive, send)
  File "C:\Users\69588\AppData\Roaming\Python\Python312\site-packages\starlette\routing.py", line 276, in handle
    await self.app(scope, receive, send)
  File "C:\Users\69588\AppData\Roaming\Python\Python312\site-packages\fastapi\routing.py", line 134, in app
    await wrap_app_handling_exceptions(app, request)(scope, receive, send)
  File "C:\Users\69588\AppData\Roaming\Python\Python312\site-packages\starlette\_exception_handler.py", line 53, in wrapped_app
    raise exc
  File "C:\Users\69588\AppData\Roaming\Python\Python312\site-packages\starlette\_exception_handler.py", line 42, in wrapped_app
    await app(scope, receive, sender)
  File "C:\Users\69588\AppData\Roaming\Python\Python312\site-packages\fastapi\routing.py", line 120, in app
    response = await f(request)
               ^^^^^^^^^^^^^^^^
  File "C:\Users\69588\AppData\Roaming\Python\Python312\site-packages\fastapi\routing.py", line 457, in app
    solved_result = await solve_dependencies(
                    ^^^^^^^^^^^^^^^^^^^^^^^^^
  File "C:\Users\69588\AppData\Roaming\Python\Python312\site-packages\fastapi\dependencies\utils.py", line 649, in solve_dependencies
    solved_result = await solve_dependencies(
                    ^^^^^^^^^^^^^^^^^^^^^^^^^
  File "C:\Users\69588\AppData\Roaming\Python\Python312\site-packages\fastapi\dependencies\utils.py", line 680, in solve_dependencies
    solved = await run_in_threadpool(call, **solved_result.values)
             ^^^^^^^^^^^^^^^^^^^^^^^^^^^^^^^^^^^^^^^^^^^^^^^^^^^^^
  File "C:\Users\69588\AppData\Roaming\Python\Python312\site-packages\starlette\concurrency.py", line 32, in run_in_threadpool
    return await anyio.to_thread.run_sync(func)
           ^^^^^^^^^^^^^^^^^^^^^^^^^^^^^^^^^^^^
  File "C:\Users\69588\AppData\Roaming\Python\Python312\site-packages\anyio\to_thread.py", line 63, in run_sync
    return await get_async_backend().run_sync_in_worker_thread(
           ^^^^^^^^^^^^^^^^^^^^^^^^^^^^^^^^^^^^^^^^^^^^^^^^^^^^
  File "C:\Users\69588\AppData\Roaming\Python\Python312\site-packages\anyio\_backends\_asyncio.py", line 2502, in run_sync_in_worker_thread
    return await future
           ^^^^^^^^^^^^
  File "C:\Users\69588\AppData\Roaming\Python\Python312\site-packages\anyio\_backends\_asyncio.py", line 986, in run
    result = context.run(func, *args)
             ^^^^^^^^^^^^^^^^^^^^^^^^
  File "C:\mysite\whdb3\whdb3-api\app\core\deps.py", line 57, in get_current_user
    return context_service.load_auth_context(db, user_id)
           ^^^^^^^^^^^^^^^^^^^^^^^^^^^^^^^^^^^^^^^^^^^^^^
  File "C:\mysite\whdb3\whdb3-api\app\user\services\context_service.py", line 85, in load_auth_context
    user = db.get(User, user_id)
           ^^^^^^^^^^^^^^^^^^^^^
  File "C:\Users\69588\.conda\envs\whdb3\Lib\site-packages\sqlalchemy\orm\session.py", line 3702, in get
    return self._get_impl(
           ^^^^^^^^^^^^^^^
  File "C:\Users\69588\.conda\envs\whdb3\Lib\site-packages\sqlalchemy\orm\session.py", line 3881, in _get_impl
    return db_load_fn(
           ^^^^^^^^^^^
  File "C:\Users\69588\.conda\envs\whdb3\Lib\site-packages\sqlalchemy\orm\loading.py", line 695, in load_on_pk_identity
    session.execute(
  File "C:\Users\69588\.conda\envs\whdb3\Lib\site-packages\sqlalchemy\orm\session.py", line 2373, in execute
    return self._execute_internal(
           ^^^^^^^^^^^^^^^^^^^^^^^
  File "C:\Users\69588\.conda\envs\whdb3\Lib\site-packages\sqlalchemy\orm\session.py", line 2271, in _execute_internal
    result: Result[Any] = compile_state_cls.orm_execute_statement(
                          ^^^^^^^^^^^^^^^^^^^^^^^^^^^^^^^^^^^^^^^^
  File "C:\Users\69588\.conda\envs\whdb3\Lib\site-packages\sqlalchemy\orm\context.py", line 306, in orm_execute_statement
    result = conn.execute(
             ^^^^^^^^^^^^^
  File "C:\Users\69588\.conda\envs\whdb3\Lib\site-packages\sqlalchemy\engine\base.py", line 1421, in execute
    return meth(
           ^^^^^
  File "C:\Users\69588\.conda\envs\whdb3\Lib\site-packages\sqlalchemy\sql\elements.py", line 526, in _execute_on_connection
    return connection._execute_clauseelement(
           ^^^^^^^^^^^^^^^^^^^^^^^^^^^^^^^^^^
  File "C:\Users\69588\.conda\envs\whdb3\Lib\site-packages\sqlalchemy\engine\base.py", line 1643, in _execute_clauseelement
    ret = self._execute_context(
          ^^^^^^^^^^^^^^^^^^^^^^
  File "C:\Users\69588\.conda\envs\whdb3\Lib\site-packages\sqlalchemy\engine\base.py", line 1848, in _execute_context
    return self._exec_single_context(
           ^^^^^^^^^^^^^^^^^^^^^^^^^^
  File "C:\Users\69588\.conda\envs\whdb3\Lib\site-packages\sqlalchemy\engine\base.py", line 1988, in _exec_single_context
    self._handle_dbapi_exception(
  File "C:\Users\69588\.conda\envs\whdb3\Lib\site-packages\sqlalchemy\engine\base.py", line 2365, in _handle_dbapi_exception
    raise sqlalchemy_exception.with_traceback(exc_info[2]) from e
  File "C:\Users\69588\.conda\envs\whdb3\Lib\site-packages\sqlalchemy\engine\base.py", line 1969, in _exec_single_context
    self.dialect.do_execute(
  File "C:\Users\69588\.conda\envs\whdb3\Lib\site-packages\sqlalchemy\engine\default.py", line 952, in do_execute
    cursor.execute(statement, parameters)
  File "C:\Users\69588\AppData\Roaming\Python\Python312\site-packages\pymysql\cursors.py", line 153, in execute
    result = self._query(query)
             ^^^^^^^^^^^^^^^^^^
  File "C:\Users\69588\AppData\Roaming\Python\Python312\site-packages\pymysql\cursors.py", line 322, in _query
    conn.query(q)
  File "C:\Users\69588\AppData\Roaming\Python\Python312\site-packages\pymysql\connections.py", line 563, in query
    self._affected_rows = self._read_query_result(unbuffered=unbuffered)
                          ^^^^^^^^^^^^^^^^^^^^^^^^^^^^^^^^^^^^^^^^^^^^^^
  File "C:\Users\69588\AppData\Roaming\Python\Python312\site-packages\pymysql\connections.py", line 825, in _read_query_result
    result.read()
  File "C:\Users\69588\AppData\Roaming\Python\Python312\site-packages\pymysql\connections.py", line 1199, in read
    first_packet = self.connection._read_packet()
                   ^^^^^^^^^^^^^^^^^^^^^^^^^^^^^^
  File "C:\Users\69588\AppData\Roaming\Python\Python312\site-packages\pymysql\connections.py", line 775, in _read_packet
    packet.raise_for_error()
  File "C:\Users\69588\AppData\Roaming\Python\Python312\site-packages\pymysql\protocol.py", line 219, in raise_for_error
    err.raise_mysql_exception(self._data)
  File "C:\Users\69588\AppData\Roaming\Python\Python312\site-packages\pymysql\err.py", line 150, in raise_mysql_exception
    raise errorclass(errno, errval)
sqlalchemy.exc.OperationalError: (pymysql.err.OperationalError) (1054, "Unknown column 'users.is_deleted' in 'field list'")
[SQL: SELECT users.username AS users_username, users.name AS users_name, users.email AS users_email, users.phone AS users_phone, users.avatar_url AS users_avatar_url, users.password_hash AS users_password_hash, users.gender AS users_gender, users.dept_id AS users_dept_id, users.position AS users_position, users.status AS users_status, users.is_deleted AS users_is_deleted, users.is_super_admin AS users_is_super_admin, users.must_change_password AS users_must_change_password, users.login_fail_count AS users_login_fail_count, users.last_login_at AS users_last_login_at, users.last_login_ip AS users_last_login_ip, users.id AS users_id, users.created_by AS users_created_by, users.created_at AS users_created_at, users.updated_at AS users_updated_at 
FROM users 
WHERE users.id = %(pk_1)s]
[parameters: {'pk_1': 8}]
(Background on this error at: https://sqlalche.me/e/20/e3q8)
2026-09-23 15:52:59,335 ERROR [f39f07bad773] app.main: unhandled error: (pymysql.err.OperationalError) (1054, "Unknown column 'users.is_deleted' in 'field list'")
[SQL: SELECT users.username AS users_username, users.name AS users_name, users.email AS users_email, users.phone AS users_phone, users.avatar_url AS users_avatar_url, users.password_hash AS users_password_hash, users.gender AS users_gender, users.dept_id AS users_dept_id, users.position AS users_position, users.status AS users_status, users.is_deleted AS users_is_deleted, users.is_super_admin AS users_is_super_admin, users.must_change_password AS users_must_change_password, users.login_fail_count AS users_login_fail_count, users.last_login_at AS users_last_login_at, users.last_login_ip AS users_last_login_ip, users.id AS users_id, users.created_by AS users_created_by, users.created_at AS users_created_at, users.updated_at AS users_updated_at 
FROM users 
WHERE users.id = %(pk_1)s]
[parameters: {'pk_1': 8}]
(Background on this error at: https://sqlalche.me/e/20/e3q8)
Traceback (most recent call last):
  File "C:\Users\69588\.conda\envs\whdb3\Lib\site-packages\sqlalchemy\engine\base.py", line 1969, in _exec_single_context
    self.dialect.do_execute(
  File "C:\Users\69588\.conda\envs\whdb3\Lib\site-packages\sqlalchemy\engine\default.py", line 952, in do_execute
    cursor.execute(statement, parameters)
  File "C:\Users\69588\AppData\Roaming\Python\Python312\site-packages\pymysql\cursors.py", line 153, in execute
    result = self._query(query)
             ^^^^^^^^^^^^^^^^^^
  File "C:\Users\69588\AppData\Roaming\Python\Python312\site-packages\pymysql\cursors.py", line 322, in _query
    conn.query(q)
  File "C:\Users\69588\AppData\Roaming\Python\Python312\site-packages\pymysql\connections.py", line 563, in query
    self._affected_rows = self._read_query_result(unbuffered=unbuffered)
                          ^^^^^^^^^^^^^^^^^^^^^^^^^^^^^^^^^^^^^^^^^^^^^^
  File "C:\Users\69588\AppData\Roaming\Python\Python312\site-packages\pymysql\connections.py", line 825, in _read_query_result
    result.read()
  File "C:\Users\69588\AppData\Roaming\Python\Python312\site-packages\pymysql\connections.py", line 1199, in read
    first_packet = self.connection._read_packet()
                   ^^^^^^^^^^^^^^^^^^^^^^^^^^^^^^
  File "C:\Users\69588\AppData\Roaming\Python\Python312\site-packages\pymysql\connections.py", line 775, in _read_packet
    packet.raise_for_error()
  File "C:\Users\69588\AppData\Roaming\Python\Python312\site-packages\pymysql\protocol.py", line 219, in raise_for_error
    err.raise_mysql_exception(self._data)
  File "C:\Users\69588\AppData\Roaming\Python\Python312\site-packages\pymysql\err.py", line 150, in raise_mysql_exception
    raise errorclass(errno, errval)
pymysql.err.OperationalError: (1054, "Unknown column 'users.is_deleted' in 'field list'")

The above exception was the direct cause of the following exception:

Traceback (most recent call last):
  File "C:\Users\69588\AppData\Roaming\Python\Python312\site-packages\starlette\middleware\errors.py", line 164, in __call__
    await self.app(scope, receive, _send)
  File "C:\Users\69588\AppData\Roaming\Python\Python312\site-packages\starlette\middleware\base.py", line 191, in __call__
    with recv_stream, send_stream, collapse_excgroups():
                                   ^^^^^^^^^^^^^^^^^^^^
  File "C:\Users\69588\.conda\envs\whdb3\Lib\contextlib.py", line 158, in __exit__
    self.gen.throw(value)
  File "C:\Users\69588\AppData\Roaming\Python\Python312\site-packages\starlette\_utils.py", line 87, in collapse_excgroups
    raise exc
  File "C:\Users\69588\AppData\Roaming\Python\Python312\site-packages\starlette\middleware\base.py", line 193, in __call__
    response = await self.dispatch_func(request, call_next)
               ^^^^^^^^^^^^^^^^^^^^^^^^^^^^^^^^^^^^^^^^^^^^
  File "C:\mysite\whdb3\whdb3-api\app\core\logging.py", line 53, in dispatch
    response = await call_next(request)
               ^^^^^^^^^^^^^^^^^^^^^^^^
  File "C:\Users\69588\AppData\Roaming\Python\Python312\site-packages\starlette\middleware\base.py", line 168, in call_next
    raise app_exc from app_exc.__cause__ or app_exc.__context__
  File "C:\Users\69588\AppData\Roaming\Python\Python312\site-packages\starlette\middleware\base.py", line 144, in coro
    await self.app(scope, receive_or_disconnect, send_no_error)
  File "C:\Users\69588\AppData\Roaming\Python\Python312\site-packages\starlette\middleware\exceptions.py", line 63, in __call__
    await wrap_app_handling_exceptions(self.app, conn)(scope, receive, send)
  File "C:\Users\69588\AppData\Roaming\Python\Python312\site-packages\starlette\_exception_handler.py", line 53, in wrapped_app
    raise exc
  File "C:\Users\69588\AppData\Roaming\Python\Python312\site-packages\starlette\_exception_handler.py", line 42, in wrapped_app
    await app(scope, receive, sender)
  File "C:\Users\69588\AppData\Roaming\Python\Python312\site-packages\fastapi\middleware\asyncexitstack.py", line 18, in __call__
    await self.app(scope, receive, send)
  File "C:\Users\69588\AppData\Roaming\Python\Python312\site-packages\starlette\routing.py", line 660, in __call__
    await self.middleware_stack(scope, receive, send)
  File "C:\Users\69588\AppData\Roaming\Python\Python312\site-packages\starlette\routing.py", line 680, in app
    await route.handle(scope, receive, send)
  File "C:\Users\69588\AppData\Roaming\Python\Python312\site-packages\starlette\routing.py", line 276, in handle
    await self.app(scope, receive, send)
  File "C:\Users\69588\AppData\Roaming\Python\Python312\site-packages\fastapi\routing.py", line 134, in app
    await wrap_app_handling_exceptions(app, request)(scope, receive, send)
  File "C:\Users\69588\AppData\Roaming\Python\Python312\site-packages\starlette\_exception_handler.py", line 53, in wrapped_app
    raise exc
  File "C:\Users\69588\AppData\Roaming\Python\Python312\site-packages\starlette\_exception_handler.py", line 42, in wrapped_app
    await app(scope, receive, sender)
  File "C:\Users\69588\AppData\Roaming\Python\Python312\site-packages\fastapi\routing.py", line 120, in app
    response = await f(request)
               ^^^^^^^^^^^^^^^^
  File "C:\Users\69588\AppData\Roaming\Python\Python312\site-packages\fastapi\routing.py", line 457, in app
    solved_result = await solve_dependencies(
                    ^^^^^^^^^^^^^^^^^^^^^^^^^
  File "C:\Users\69588\AppData\Roaming\Python\Python312\site-packages\fastapi\dependencies\utils.py", line 649, in solve_dependencies
    solved_result = await solve_dependencies(
                    ^^^^^^^^^^^^^^^^^^^^^^^^^
  File "C:\Users\69588\AppData\Roaming\Python\Python312\site-packages\fastapi\dependencies\utils.py", line 680, in solve_dependencies
    solved = await run_in_threadpool(call, **solved_result.values)
             ^^^^^^^^^^^^^^^^^^^^^^^^^^^^^^^^^^^^^^^^^^^^^^^^^^^^^
  File "C:\Users\69588\AppData\Roaming\Python\Python312\site-packages\starlette\concurrency.py", line 32, in run_in_threadpool
    return await anyio.to_thread.run_sync(func)
           ^^^^^^^^^^^^^^^^^^^^^^^^^^^^^^^^^^^^
  File "C:\Users\69588\AppData\Roaming\Python\Python312\site-packages\anyio\to_thread.py", line 63, in run_sync
    return await get_async_backend().run_sync_in_worker_thread(
           ^^^^^^^^^^^^^^^^^^^^^^^^^^^^^^^^^^^^^^^^^^^^^^^^^^^^
  File "C:\Users\69588\AppData\Roaming\Python\Python312\site-packages\anyio\_backends\_asyncio.py", line 2502, in run_sync_in_worker_thread
    return await future
           ^^^^^^^^^^^^
  File "C:\Users\69588\AppData\Roaming\Python\Python312\site-packages\anyio\_backends\_asyncio.py", line 986, in run
    result = context.run(func, *args)
             ^^^^^^^^^^^^^^^^^^^^^^^^
  File "C:\mysite\whdb3\whdb3-api\app\core\deps.py", line 57, in get_current_user
    return context_service.load_auth_context(db, user_id)
           ^^^^^^^^^^^^^^^^^^^^^^^^^^^^^^^^^^^^^^^^^^^^^^
  File "C:\mysite\whdb3\whdb3-api\app\user\services\context_service.py", line 85, in load_auth_context
    user = db.get(User, user_id)
           ^^^^^^^^^^^^^^^^^^^^^
  File "C:\Users\69588\.conda\envs\whdb3\Lib\site-packages\sqlalchemy\orm\session.py", line 3702, in get
    return self._get_impl(
           ^^^^^^^^^^^^^^^
  File "C:\Users\69588\.conda\envs\whdb3\Lib\site-packages\sqlalchemy\orm\session.py", line 3881, in _get_impl
    return db_load_fn(
           ^^^^^^^^^^^
  File "C:\Users\69588\.conda\envs\whdb3\Lib\site-packages\sqlalchemy\orm\loading.py", line 695, in load_on_pk_identity
    session.execute(
  File "C:\Users\69588\.conda\envs\whdb3\Lib\site-packages\sqlalchemy\orm\session.py", line 2373, in execute
    return self._execute_internal(
           ^^^^^^^^^^^^^^^^^^^^^^^
  File "C:\Users\69588\.conda\envs\whdb3\Lib\site-packages\sqlalchemy\orm\session.py", line 2271, in _execute_internal
    result: Result[Any] = compile_state_cls.orm_execute_statement(
                          ^^^^^^^^^^^^^^^^^^^^^^^^^^^^^^^^^^^^^^^^
  File "C:\Users\69588\.conda\envs\whdb3\Lib\site-packages\sqlalchemy\orm\context.py", line 306, in orm_execute_statement
    result = conn.execute(
             ^^^^^^^^^^^^^
  File "C:\Users\69588\.conda\envs\whdb3\Lib\site-packages\sqlalchemy\engine\base.py", line 1421, in execute
    return meth(
           ^^^^^
  File "C:\Users\69588\.conda\envs\whdb3\Lib\site-packages\sqlalchemy\sql\elements.py", line 526, in _execute_on_connection
    return connection._execute_clauseelement(
           ^^^^^^^^^^^^^^^^^^^^^^^^^^^^^^^^^^
  File "C:\Users\69588\.conda\envs\whdb3\Lib\site-packages\sqlalchemy\engine\base.py", line 1643, in _execute_clauseelement
    ret = self._execute_context(
          ^^^^^^^^^^^^^^^^^^^^^^
  File "C:\Users\69588\.conda\envs\whdb3\Lib\site-packages\sqlalchemy\engine\base.py", line 1848, in _execute_context
    return self._exec_single_context(
           ^^^^^^^^^^^^^^^^^^^^^^^^^^
  File "C:\Users\69588\.conda\envs\whdb3\Lib\site-packages\sqlalchemy\engine\base.py", line 1988, in _exec_single_context
    self._handle_dbapi_exception(
  File "C:\Users\69588\.conda\envs\whdb3\Lib\site-packages\sqlalchemy\engine\base.py", line 2365, in _handle_dbapi_exception
    raise sqlalchemy_exception.with_traceback(exc_info[2]) from e
  File "C:\Users\69588\.conda\envs\whdb3\Lib\site-packages\sqlalchemy\engine\base.py", line 1969, in _exec_single_context
    self.dialect.do_execute(
  File "C:\Users\69588\.conda\envs\whdb3\Lib\site-packages\sqlalchemy\engine\default.py", line 952, in do_execute
    cursor.execute(statement, parameters)
  File "C:\Users\69588\AppData\Roaming\Python\Python312\site-packages\pymysql\cursors.py", line 153, in execute
    result = self._query(query)
             ^^^^^^^^^^^^^^^^^^
  File "C:\Users\69588\AppData\Roaming\Python\Python312\site-packages\pymysql\cursors.py", line 322, in _query
    conn.query(q)
  File "C:\Users\69588\AppData\Roaming\Python\Python312\site-packages\pymysql\connections.py", line 563, in query
    self._affected_rows = self._read_query_result(unbuffered=unbuffered)
                          ^^^^^^^^^^^^^^^^^^^^^^^^^^^^^^^^^^^^^^^^^^^^^^
  File "C:\Users\69588\AppData\Roaming\Python\Python312\site-packages\pymysql\connections.py", line 825, in _read_query_result
    result.read()
  File "C:\Users\69588\AppData\Roaming\Python\Python312\site-packages\pymysql\connections.py", line 1199, in read
    first_packet = self.connection._read_packet()
                   ^^^^^^^^^^^^^^^^^^^^^^^^^^^^^^
  File "C:\Users\69588\AppData\Roaming\Python\Python312\site-packages\pymysql\connections.py", line 775, in _read_packet
    packet.raise_for_error()
  File "C:\Users\69588\AppData\Roaming\Python\Python312\site-packages\pymysql\protocol.py", line 219, in raise_for_error
    err.raise_mysql_exception(self._data)
  File "C:\Users\69588\AppData\Roaming\Python\Python312\site-packages\pymysql\err.py", line 150, in raise_mysql_exception
    raise errorclass(errno, errval)
sqlalchemy.exc.OperationalError: (pymysql.err.OperationalError) (1054, "Unknown column 'users.is_deleted' in 'field list'")
[SQL: SELECT users.username AS users_username, users.name AS users_name, users.email AS users_email, users.phone AS users_phone, users.avatar_url AS users_avatar_url, users.password_hash AS users_password_hash, users.gender AS users_gender, users.dept_id AS users_dept_id, users.position AS users_position, users.status AS users_status, users.is_deleted AS users_is_deleted, users.is_super_admin AS users_is_super_admin, users.must_change_password AS users_must_change_password, users.login_fail_count AS users_login_fail_count, users.last_login_at AS users_last_login_at, users.last_login_ip AS users_last_login_ip, users.id AS users_id, users.created_by AS users_created_by, users.created_at AS users_created_at, users.updated_at AS users_updated_at 
FROM users 
WHERE users.id = %(pk_1)s]
[parameters: {'pk_1': 8}]
(Background on this error at: https://sqlalche.me/e/20/e3q8)
2026-09-23 15:52:59,340 ERROR [9ee152ba258e] app.main: unhandled error: (pymysql.err.OperationalError) (1054, "Unknown column 'users.is_deleted' in 'field list'")
[SQL: SELECT users.username AS users_username, users.name AS users_name, users.email AS users_email, users.phone AS users_phone, users.avatar_url AS users_avatar_url, users.password_hash AS users_password_hash, users.gender AS users_gender, users.dept_id AS users_dept_id, users.position AS users_position, users.status AS users_status, users.is_deleted AS users_is_deleted, users.is_super_admin AS users_is_super_admin, users.must_change_password AS users_must_change_password, users.login_fail_count AS users_login_fail_count, users.last_login_at AS users_last_login_at, users.last_login_ip AS users_last_login_ip, users.id AS users_id, users.created_by AS users_created_by, users.created_at AS users_created_at, users.updated_at AS users_updated_at 
FROM users 
WHERE users.id = %(pk_1)s]
[parameters: {'pk_1': 8}]
(Background on this error at: https://sqlalche.me/e/20/e3q8)
Traceback (most recent call last):
  File "C:\Users\69588\.conda\envs\whdb3\Lib\site-packages\sqlalchemy\engine\base.py", line 1969, in _exec_single_context
    self.dialect.do_execute(
  File "C:\Users\69588\.conda\envs\whdb3\Lib\site-packages\sqlalchemy\engine\default.py", line 952, in do_execute
    cursor.execute(statement, parameters)
  File "C:\Users\69588\AppData\Roaming\Python\Python312\site-packages\pymysql\cursors.py", line 153, in execute
    result = self._query(query)
             ^^^^^^^^^^^^^^^^^^
  File "C:\Users\69588\AppData\Roaming\Python\Python312\site-packages\pymysql\cursors.py", line 322, in _query
    conn.query(q)
  File "C:\Users\69588\AppData\Roaming\Python\Python312\site-packages\pymysql\connections.py", line 563, in query
    self._affected_rows = self._read_query_result(unbuffered=unbuffered)
                          ^^^^^^^^^^^^^^^^^^^^^^^^^^^^^^^^^^^^^^^^^^^^^^
  File "C:\Users\69588\AppData\Roaming\Python\Python312\site-packages\pymysql\connections.py", line 825, in _read_query_result
    result.read()
  File "C:\Users\69588\AppData\Roaming\Python\Python312\site-packages\pymysql\connections.py", line 1199, in read
    first_packet = self.connection._read_packet()
                   ^^^^^^^^^^^^^^^^^^^^^^^^^^^^^^
  File "C:\Users\69588\AppData\Roaming\Python\Python312\site-packages\pymysql\connections.py", line 775, in _read_packet
    packet.raise_for_error()
  File "C:\Users\69588\AppData\Roaming\Python\Python312\site-packages\pymysql\protocol.py", line 219, in raise_for_error
    err.raise_mysql_exception(self._data)
  File "C:\Users\69588\AppData\Roaming\Python\Python312\site-packages\pymysql\err.py", line 150, in raise_mysql_exception
    raise errorclass(errno, errval)
pymysql.err.OperationalError: (1054, "Unknown column 'users.is_deleted' in 'field list'")

The above exception was the direct cause of the following exception:

Traceback (most recent call last):
  File "C:\Users\69588\AppData\Roaming\Python\Python312\site-packages\starlette\middleware\errors.py", line 164, in __call__
    await self.app(scope, receive, _send)
  File "C:\Users\69588\AppData\Roaming\Python\Python312\site-packages\starlette\middleware\base.py", line 191, in __call__
    with recv_stream, send_stream, collapse_excgroups():
                                   ^^^^^^^^^^^^^^^^^^^^
  File "C:\Users\69588\.conda\envs\whdb3\Lib\contextlib.py", line 158, in __exit__
    self.gen.throw(value)
  File "C:\Users\69588\AppData\Roaming\Python\Python312\site-packages\starlette\_utils.py", line 87, in collapse_excgroups
    raise exc
  File "C:\Users\69588\AppData\Roaming\Python\Python312\site-packages\starlette\middleware\base.py", line 193, in __call__
    response = await self.dispatch_func(request, call_next)
               ^^^^^^^^^^^^^^^^^^^^^^^^^^^^^^^^^^^^^^^^^^^^
  File "C:\mysite\whdb3\whdb3-api\app\core\logging.py", line 53, in dispatch
    response = await call_next(request)
               ^^^^^^^^^^^^^^^^^^^^^^^^
  File "C:\Users\69588\AppData\Roaming\Python\Python312\site-packages\starlette\middleware\base.py", line 168, in call_next
    raise app_exc from app_exc.__cause__ or app_exc.__context__
  File "C:\Users\69588\AppData\Roaming\Python\Python312\site-packages\starlette\middleware\base.py", line 144, in coro
    await self.app(scope, receive_or_disconnect, send_no_error)
  File "C:\Users\69588\AppData\Roaming\Python\Python312\site-packages\starlette\middleware\exceptions.py", line 63, in __call__
    await wrap_app_handling_exceptions(self.app, conn)(scope, receive, send)
  File "C:\Users\69588\AppData\Roaming\Python\Python312\site-packages\starlette\_exception_handler.py", line 53, in wrapped_app
    raise exc
  File "C:\Users\69588\AppData\Roaming\Python\Python312\site-packages\starlette\_exception_handler.py", line 42, in wrapped_app
    await app(scope, receive, sender)
  File "C:\Users\69588\AppData\Roaming\Python\Python312\site-packages\fastapi\middleware\asyncexitstack.py", line 18, in __call__
    await self.app(scope, receive, send)
  File "C:\Users\69588\AppData\Roaming\Python\Python312\site-packages\starlette\routing.py", line 660, in __call__
    await self.middleware_stack(scope, receive, send)
  File "C:\Users\69588\AppData\Roaming\Python\Python312\site-packages\starlette\routing.py", line 680, in app
    await route.handle(scope, receive, send)
  File "C:\Users\69588\AppData\Roaming\Python\Python312\site-packages\starlette\routing.py", line 276, in handle
    await self.app(scope, receive, send)
  File "C:\Users\69588\AppData\Roaming\Python\Python312\site-packages\fastapi\routing.py", line 134, in app
    await wrap_app_handling_exceptions(app, request)(scope, receive, send)
  File "C:\Users\69588\AppData\Roaming\Python\Python312\site-packages\starlette\_exception_handler.py", line 53, in wrapped_app
    raise exc
  File "C:\Users\69588\AppData\Roaming\Python\Python312\site-packages\starlette\_exception_handler.py", line 42, in wrapped_app
    await app(scope, receive, sender)
  File "C:\Users\69588\AppData\Roaming\Python\Python312\site-packages\fastapi\routing.py", line 120, in app
    response = await f(request)
               ^^^^^^^^^^^^^^^^
  File "C:\Users\69588\AppData\Roaming\Python\Python312\site-packages\fastapi\routing.py", line 457, in app
    solved_result = await solve_dependencies(
                    ^^^^^^^^^^^^^^^^^^^^^^^^^
  File "C:\Users\69588\AppData\Roaming\Python\Python312\site-packages\fastapi\dependencies\utils.py", line 649, in solve_dependencies
    solved_result = await solve_dependencies(
                    ^^^^^^^^^^^^^^^^^^^^^^^^^
  File "C:\Users\69588\AppData\Roaming\Python\Python312\site-packages\fastapi\dependencies\utils.py", line 680, in solve_dependencies
    solved = await run_in_threadpool(call, **solved_result.values)
             ^^^^^^^^^^^^^^^^^^^^^^^^^^^^^^^^^^^^^^^^^^^^^^^^^^^^^
  File "C:\Users\69588\AppData\Roaming\Python\Python312\site-packages\starlette\concurrency.py", line 32, in run_in_threadpool
    return await anyio.to_thread.run_sync(func)
           ^^^^^^^^^^^^^^^^^^^^^^^^^^^^^^^^^^^^
  File "C:\Users\69588\AppData\Roaming\Python\Python312\site-packages\anyio\to_thread.py", line 63, in run_sync
    return await get_async_backend().run_sync_in_worker_thread(
           ^^^^^^^^^^^^^^^^^^^^^^^^^^^^^^^^^^^^^^^^^^^^^^^^^^^^
  File "C:\Users\69588\AppData\Roaming\Python\Python312\site-packages\anyio\_backends\_asyncio.py", line 2502, in run_sync_in_worker_thread
    return await future
           ^^^^^^^^^^^^
  File "C:\Users\69588\AppData\Roaming\Python\Python312\site-packages\anyio\_backends\_asyncio.py", line 986, in run
    result = context.run(func, *args)
             ^^^^^^^^^^^^^^^^^^^^^^^^
  File "C:\mysite\whdb3\whdb3-api\app\core\deps.py", line 57, in get_current_user
    return context_service.load_auth_context(db, user_id)
           ^^^^^^^^^^^^^^^^^^^^^^^^^^^^^^^^^^^^^^^^^^^^^^
  File "C:\mysite\whdb3\whdb3-api\app\user\services\context_service.py", line 85, in load_auth_context
    user = db.get(User, user_id)
           ^^^^^^^^^^^^^^^^^^^^^
  File "C:\Users\69588\.conda\envs\whdb3\Lib\site-packages\sqlalchemy\orm\session.py", line 3702, in get
    return self._get_impl(
           ^^^^^^^^^^^^^^^
  File "C:\Users\69588\.conda\envs\whdb3\Lib\site-packages\sqlalchemy\orm\session.py", line 3881, in _get_impl
    return db_load_fn(
           ^^^^^^^^^^^
  File "C:\Users\69588\.conda\envs\whdb3\Lib\site-packages\sqlalchemy\orm\loading.py", line 695, in load_on_pk_identity
    session.execute(
  File "C:\Users\69588\.conda\envs\whdb3\Lib\site-packages\sqlalchemy\orm\session.py", line 2373, in execute
    return self._execute_internal(
           ^^^^^^^^^^^^^^^^^^^^^^^
  File "C:\Users\69588\.conda\envs\whdb3\Lib\site-packages\sqlalchemy\orm\session.py", line 2271, in _execute_internal
    result: Result[Any] = compile_state_cls.orm_execute_statement(
                          ^^^^^^^^^^^^^^^^^^^^^^^^^^^^^^^^^^^^^^^^
  File "C:\Users\69588\.conda\envs\whdb3\Lib\site-packages\sqlalchemy\orm\context.py", line 306, in orm_execute_statement
    result = conn.execute(
             ^^^^^^^^^^^^^
  File "C:\Users\69588\.conda\envs\whdb3\Lib\site-packages\sqlalchemy\engine\base.py", line 1421, in execute
    return meth(
           ^^^^^
  File "C:\Users\69588\.conda\envs\whdb3\Lib\site-packages\sqlalchemy\sql\elements.py", line 526, in _execute_on_connection
    return connection._execute_clauseelement(
           ^^^^^^^^^^^^^^^^^^^^^^^^^^^^^^^^^^
  File "C:\Users\69588\.conda\envs\whdb3\Lib\site-packages\sqlalchemy\engine\base.py", line 1643, in _execute_clauseelement
    ret = self._execute_context(
          ^^^^^^^^^^^^^^^^^^^^^^
  File "C:\Users\69588\.conda\envs\whdb3\Lib\site-packages\sqlalchemy\engine\base.py", line 1848, in _execute_context
    return self._exec_single_context(
           ^^^^^^^^^^^^^^^^^^^^^^^^^^
  File "C:\Users\69588\.conda\envs\whdb3\Lib\site-packages\sqlalchemy\engine\base.py", line 1988, in _exec_single_context
    self._handle_dbapi_exception(
  File "C:\Users\69588\.conda\envs\whdb3\Lib\site-packages\sqlalchemy\engine\base.py", line 2365, in _handle_dbapi_exception
    raise sqlalchemy_exception.with_traceback(exc_info[2]) from e
  File "C:\Users\69588\.conda\envs\whdb3\Lib\site-packages\sqlalchemy\engine\base.py", line 1969, in _exec_single_context
    self.dialect.do_execute(
  File "C:\Users\69588\.conda\envs\whdb3\Lib\site-packages\sqlalchemy\engine\default.py", line 952, in do_execute
    cursor.execute(statement, parameters)
  File "C:\Users\69588\AppData\Roaming\Python\Python312\site-packages\pymysql\cursors.py", line 153, in execute
    result = self._query(query)
             ^^^^^^^^^^^^^^^^^^
  File "C:\Users\69588\AppData\Roaming\Python\Python312\site-packages\pymysql\cursors.py", line 322, in _query
    conn.query(q)
  File "C:\Users\69588\AppData\Roaming\Python\Python312\site-packages\pymysql\connections.py", line 563, in query
    self._affected_rows = self._read_query_result(unbuffered=unbuffered)
                          ^^^^^^^^^^^^^^^^^^^^^^^^^^^^^^^^^^^^^^^^^^^^^^
  File "C:\Users\69588\AppData\Roaming\Python\Python312\site-packages\pymysql\connections.py", line 825, in _read_query_result
    result.read()
  File "C:\Users\69588\AppData\Roaming\Python\Python312\site-packages\pymysql\connections.py", line 1199, in read
    first_packet = self.connection._read_packet()
                   ^^^^^^^^^^^^^^^^^^^^^^^^^^^^^^
  File "C:\Users\69588\AppData\Roaming\Python\Python312\site-packages\pymysql\connections.py", line 775, in _read_packet
    packet.raise_for_error()
  File "C:\Users\69588\AppData\Roaming\Python\Python312\site-packages\pymysql\protocol.py", line 219, in raise_for_error
    err.raise_mysql_exception(self._data)
  File "C:\Users\69588\AppData\Roaming\Python\Python312\site-packages\pymysql\err.py", line 150, in raise_mysql_exception
    raise errorclass(errno, errval)
sqlalchemy.exc.OperationalError: (pymysql.err.OperationalError) (1054, "Unknown column 'users.is_deleted' in 'field list'")
[SQL: SELECT users.username AS users_username, users.name AS users_name, users.email AS users_email, users.phone AS users_phone, users.avatar_url AS users_avatar_url, users.password_hash AS users_password_hash, users.gender AS users_gender, users.dept_id AS users_dept_id, users.position AS users_position, users.status AS users_status, users.is_deleted AS users_is_deleted, users.is_super_admin AS users_is_super_admin, users.must_change_password AS users_must_change_password, users.login_fail_count AS users_login_fail_count, users.last_login_at AS users_last_login_at, users.last_login_ip AS users_last_login_ip, users.id AS users_id, users.created_by AS users_created_by, users.created_at AS users_created_at, users.updated_at AS users_updated_at 
FROM users 
WHERE users.id = %(pk_1)s]
[parameters: {'pk_1': 8}]
(Background on this error at: https://sqlalche.me/e/20/e3q8)
2026-09-23 16:03:17,265 ERROR [72c112a00663] app.main: unhandled error: type object 'UserStatus' has no attribute 'RESIGNED'
Traceback (most recent call last):
  File "C:\Users\69588\AppData\Roaming\Python\Python312\site-packages\starlette\middleware\errors.py", line 164, in __call__
    await self.app(scope, receive, _send)
  File "C:\Users\69588\AppData\Roaming\Python\Python312\site-packages\starlette\middleware\base.py", line 191, in __call__
    with recv_stream, send_stream, collapse_excgroups():
                                   ^^^^^^^^^^^^^^^^^^^^
  File "C:\Users\69588\.conda\envs\whdb3\Lib\contextlib.py", line 158, in __exit__
    self.gen.throw(value)
  File "C:\Users\69588\AppData\Roaming\Python\Python312\site-packages\starlette\_utils.py", line 87, in collapse_excgroups
    raise exc
  File "C:\Users\69588\AppData\Roaming\Python\Python312\site-packages\starlette\middleware\base.py", line 193, in __call__
    response = await self.dispatch_func(request, call_next)
               ^^^^^^^^^^^^^^^^^^^^^^^^^^^^^^^^^^^^^^^^^^^^
  File "C:\mysite\whdb3\whdb3-api\app\core\logging.py", line 53, in dispatch
    response = await call_next(request)
               ^^^^^^^^^^^^^^^^^^^^^^^^
  File "C:\Users\69588\AppData\Roaming\Python\Python312\site-packages\starlette\middleware\base.py", line 168, in call_next
    raise app_exc from app_exc.__cause__ or app_exc.__context__
  File "C:\Users\69588\AppData\Roaming\Python\Python312\site-packages\starlette\middleware\base.py", line 144, in coro
    await self.app(scope, receive_or_disconnect, send_no_error)
  File "C:\Users\69588\AppData\Roaming\Python\Python312\site-packages\starlette\middleware\exceptions.py", line 63, in __call__
    await wrap_app_handling_exceptions(self.app, conn)(scope, receive, send)
  File "C:\Users\69588\AppData\Roaming\Python\Python312\site-packages\starlette\_exception_handler.py", line 53, in wrapped_app
    raise exc
  File "C:\Users\69588\AppData\Roaming\Python\Python312\site-packages\starlette\_exception_handler.py", line 42, in wrapped_app
    await app(scope, receive, sender)
  File "C:\Users\69588\AppData\Roaming\Python\Python312\site-packages\fastapi\middleware\asyncexitstack.py", line 18, in __call__
    await self.app(scope, receive, send)
  File "C:\Users\69588\AppData\Roaming\Python\Python312\site-packages\starlette\routing.py", line 660, in __call__
    await self.middleware_stack(scope, receive, send)
  File "C:\Users\69588\AppData\Roaming\Python\Python312\site-packages\starlette\routing.py", line 680, in app
    await route.handle(scope, receive, send)
  File "C:\Users\69588\AppData\Roaming\Python\Python312\site-packages\starlette\routing.py", line 276, in handle
    await self.app(scope, receive, send)
  File "C:\Users\69588\AppData\Roaming\Python\Python312\site-packages\fastapi\routing.py", line 134, in app
    await wrap_app_handling_exceptions(app, request)(scope, receive, send)
  File "C:\Users\69588\AppData\Roaming\Python\Python312\site-packages\starlette\_exception_handler.py", line 53, in wrapped_app
    raise exc
  File "C:\Users\69588\AppData\Roaming\Python\Python312\site-packages\starlette\_exception_handler.py", line 42, in wrapped_app
    await app(scope, receive, sender)
  File "C:\Users\69588\AppData\Roaming\Python\Python312\site-packages\fastapi\routing.py", line 120, in app
    response = await f(request)
               ^^^^^^^^^^^^^^^^
  File "C:\Users\69588\AppData\Roaming\Python\Python312\site-packages\fastapi\routing.py", line 674, in app
    raw_response = await run_endpoint_function(
                   ^^^^^^^^^^^^^^^^^^^^^^^^^^^^
  File "C:\Users\69588\AppData\Roaming\Python\Python312\site-packages\fastapi\routing.py", line 330, in run_endpoint_function
    return await run_in_threadpool(dependant.call, **values)
           ^^^^^^^^^^^^^^^^^^^^^^^^^^^^^^^^^^^^^^^^^^^^^^^^^
  File "C:\Users\69588\AppData\Roaming\Python\Python312\site-packages\starlette\concurrency.py", line 32, in run_in_threadpool
    return await anyio.to_thread.run_sync(func)
           ^^^^^^^^^^^^^^^^^^^^^^^^^^^^^^^^^^^^
  File "C:\Users\69588\AppData\Roaming\Python\Python312\site-packages\anyio\to_thread.py", line 63, in run_sync
    return await get_async_backend().run_sync_in_worker_thread(
           ^^^^^^^^^^^^^^^^^^^^^^^^^^^^^^^^^^^^^^^^^^^^^^^^^^^^
  File "C:\Users\69588\AppData\Roaming\Python\Python312\site-packages\anyio\_backends\_asyncio.py", line 2502, in run_sync_in_worker_thread
    return await future
           ^^^^^^^^^^^^
  File "C:\Users\69588\AppData\Roaming\Python\Python312\site-packages\anyio\_backends\_asyncio.py", line 986, in run
    result = context.run(func, *args)
             ^^^^^^^^^^^^^^^^^^^^^^^^
  File "C:\mysite\whdb3\whdb3-api\app\user\api\v1\departments.py", line 23, in dept_tree
    return ok([n.model_dump() for n in org_service.dept_tree(db)])
                                       ^^^^^^^^^^^^^^^^^^^^^^^^^
  File "C:\mysite\whdb3\whdb3-api\app\user\services\org_service.py", line 49, in dept_tree
    counts = _dept_member_counts(db)
             ^^^^^^^^^^^^^^^^^^^^^^^
  File "C:\mysite\whdb3\whdb3-api\app\user\services\org_service.py", line 41, in _dept_member_counts
    .where(User.status != UserStatus.RESIGNED.value, User.dept_id.isnot(None))
                          ^^^^^^^^^^^^^^^^^^^
AttributeError: type object 'UserStatus' has no attribute 'RESIGNED'
2026-09-23 16:04:18,220 WARNING [cd7ab92baa7d] app.core.audit: audit log write failed
Traceback (most recent call last):
  File "C:\mysite\whdb3\whdb3-api\app\core\audit.py", line 63, in wrapper
    result = func(*args, **kwargs)
             ^^^^^^^^^^^^^^^^^^^^^
  File "C:\mysite\whdb3\whdb3-api\app\user\api\v1\users.py", line 155, in delete_user
    user_service.delete(db, ctx, user_id)
  File "C:\mysite\whdb3\whdb3-api\app\user\services\user_service.py", line 401, in delete
    raise BizError(4090, "该用户存在业务引用，请先移交或改派：" + "、".join(blockers))
app.core.exceptions.BizError: 该用户存在业务引用，请先移交或改派：经办的审批任务 4 条、担任管护经理的客户 2 条、维护的授信变更记录 16 条

During handling of the above exception, another exception occurred:

Traceback (most recent call last):
  File "C:\Users\69588\.conda\envs\whdb3\Lib\site-packages\sqlalchemy\engine\base.py", line 1969, in _exec_single_context
    self.dialect.do_execute(
  File "C:\Users\69588\.conda\envs\whdb3\Lib\site-packages\sqlalchemy\engine\default.py", line 952, in do_execute
    cursor.execute(statement, parameters)
  File "C:\Users\69588\AppData\Roaming\Python\Python312\site-packages\pymysql\cursors.py", line 153, in execute
    result = self._query(query)
             ^^^^^^^^^^^^^^^^^^
  File "C:\Users\69588\AppData\Roaming\Python\Python312\site-packages\pymysql\cursors.py", line 322, in _query
    conn.query(q)
  File "C:\Users\69588\AppData\Roaming\Python\Python312\site-packages\pymysql\connections.py", line 563, in query
    self._affected_rows = self._read_query_result(unbuffered=unbuffered)
                          ^^^^^^^^^^^^^^^^^^^^^^^^^^^^^^^^^^^^^^^^^^^^^^
  File "C:\Users\69588\AppData\Roaming\Python\Python312\site-packages\pymysql\connections.py", line 825, in _read_query_result
    result.read()
  File "C:\Users\69588\AppData\Roaming\Python\Python312\site-packages\pymysql\connections.py", line 1199, in read
    first_packet = self.connection._read_packet()
                   ^^^^^^^^^^^^^^^^^^^^^^^^^^^^^^
  File "C:\Users\69588\AppData\Roaming\Python\Python312\site-packages\pymysql\connections.py", line 775, in _read_packet
    packet.raise_for_error()
  File "C:\Users\69588\AppData\Roaming\Python\Python312\site-packages\pymysql\protocol.py", line 219, in raise_for_error
    err.raise_mysql_exception(self._data)
  File "C:\Users\69588\AppData\Roaming\Python\Python312\site-packages\pymysql\err.py", line 150, in raise_mysql_exception
    raise errorclass(errno, errval)
pymysql.err.OperationalError: (1205, 'Lock wait timeout exceeded; try restarting transaction')

The above exception was the direct cause of the following exception:

Traceback (most recent call last):
  File "C:\mysite\whdb3\whdb3-api\app\core\audit.py", line 37, in _write_log
    db.commit()
  File "C:\Users\69588\.conda\envs\whdb3\Lib\site-packages\sqlalchemy\orm\session.py", line 2035, in commit
    trans.commit(_to_root=True)
  File "<string>", line 2, in commit
  File "C:\Users\69588\.conda\envs\whdb3\Lib\site-packages\sqlalchemy\orm\state_changes.py", line 137, in _go
    ret_value = fn(self, *arg, **kw)
                ^^^^^^^^^^^^^^^^^^^^
  File "C:\Users\69588\.conda\envs\whdb3\Lib\site-packages\sqlalchemy\orm\session.py", line 1316, in commit
    self._prepare_impl()
  File "<string>", line 2, in _prepare_impl
  File "C:\Users\69588\.conda\envs\whdb3\Lib\site-packages\sqlalchemy\orm\state_changes.py", line 137, in _go
    ret_value = fn(self, *arg, **kw)
                ^^^^^^^^^^^^^^^^^^^^
  File "C:\Users\69588\.conda\envs\whdb3\Lib\site-packages\sqlalchemy\orm\session.py", line 1290, in _prepare_impl
    self.session.flush()
  File "C:\Users\69588\.conda\envs\whdb3\Lib\site-packages\sqlalchemy\orm\session.py", line 4353, in flush
    self._flush(objects)
  File "C:\Users\69588\.conda\envs\whdb3\Lib\site-packages\sqlalchemy\orm\session.py", line 4488, in _flush
    with util.safe_reraise():
         ^^^^^^^^^^^^^^^^^^^
  File "C:\Users\69588\.conda\envs\whdb3\Lib\site-packages\sqlalchemy\util\langhelpers.py", line 122, in __exit__
    raise exc_value.with_traceback(exc_tb)
  File "C:\Users\69588\.conda\envs\whdb3\Lib\site-packages\sqlalchemy\orm\session.py", line 4449, in _flush
    flush_context.execute()
  File "C:\Users\69588\.conda\envs\whdb3\Lib\site-packages\sqlalchemy\orm\unitofwork.py", line 465, in execute
    rec.execute(self)
  File "C:\Users\69588\.conda\envs\whdb3\Lib\site-packages\sqlalchemy\orm\unitofwork.py", line 641, in execute
    util.preloaded.orm_persistence.save_obj(
  File "C:\Users\69588\.conda\envs\whdb3\Lib\site-packages\sqlalchemy\orm\persistence.py", line 94, in save_obj
    _emit_insert_statements(
  File "C:\Users\69588\.conda\envs\whdb3\Lib\site-packages\sqlalchemy\orm\persistence.py", line 1234, in _emit_insert_statements
    result = connection.execute(
             ^^^^^^^^^^^^^^^^^^^
  File "C:\Users\69588\.conda\envs\whdb3\Lib\site-packages\sqlalchemy\engine\base.py", line 1421, in execute
    return meth(
           ^^^^^
  File "C:\Users\69588\.conda\envs\whdb3\Lib\site-packages\sqlalchemy\sql\elements.py", line 526, in _execute_on_connection
    return connection._execute_clauseelement(
           ^^^^^^^^^^^^^^^^^^^^^^^^^^^^^^^^^^
  File "C:\Users\69588\.conda\envs\whdb3\Lib\site-packages\sqlalchemy\engine\base.py", line 1643, in _execute_clauseelement
    ret = self._execute_context(
          ^^^^^^^^^^^^^^^^^^^^^^
  File "C:\Users\69588\.conda\envs\whdb3\Lib\site-packages\sqlalchemy\engine\base.py", line 1848, in _execute_context
    return self._exec_single_context(
           ^^^^^^^^^^^^^^^^^^^^^^^^^^
  File "C:\Users\69588\.conda\envs\whdb3\Lib\site-packages\sqlalchemy\engine\base.py", line 1988, in _exec_single_context
    self._handle_dbapi_exception(
  File "C:\Users\69588\.conda\envs\whdb3\Lib\site-packages\sqlalchemy\engine\base.py", line 2365, in _handle_dbapi_exception
    raise sqlalchemy_exception.with_traceback(exc_info[2]) from e
  File "C:\Users\69588\.conda\envs\whdb3\Lib\site-packages\sqlalchemy\engine\base.py", line 1969, in _exec_single_context
    self.dialect.do_execute(
  File "C:\Users\69588\.conda\envs\whdb3\Lib\site-packages\sqlalchemy\engine\default.py", line 952, in do_execute
    cursor.execute(statement, parameters)
  File "C:\Users\69588\AppData\Roaming\Python\Python312\site-packages\pymysql\cursors.py", line 153, in execute
    result = self._query(query)
             ^^^^^^^^^^^^^^^^^^
  File "C:\Users\69588\AppData\Roaming\Python\Python312\site-packages\pymysql\cursors.py", line 322, in _query
    conn.query(q)
  File "C:\Users\69588\AppData\Roaming\Python\Python312\site-packages\pymysql\connections.py", line 563, in query
    self._affected_rows = self._read_query_result(unbuffered=unbuffered)
                          ^^^^^^^^^^^^^^^^^^^^^^^^^^^^^^^^^^^^^^^^^^^^^^
  File "C:\Users\69588\AppData\Roaming\Python\Python312\site-packages\pymysql\connections.py", line 825, in _read_query_result
    result.read()
  File "C:\Users\69588\AppData\Roaming\Python\Python312\site-packages\pymysql\connections.py", line 1199, in read
    first_packet = self.connection._read_packet()
                   ^^^^^^^^^^^^^^^^^^^^^^^^^^^^^^
  File "C:\Users\69588\AppData\Roaming\Python\Python312\site-packages\pymysql\connections.py", line 775, in _read_packet
    packet.raise_for_error()
  File "C:\Users\69588\AppData\Roaming\Python\Python312\site-packages\pymysql\protocol.py", line 219, in raise_for_error
    err.raise_mysql_exception(self._data)
  File "C:\Users\69588\AppData\Roaming\Python\Python312\site-packages\pymysql\err.py", line 150, in raise_mysql_exception
    raise errorclass(errno, errval)
sqlalchemy.exc.OperationalError: (pymysql.err.OperationalError) (1205, 'Lock wait timeout exceeded; try restarting transaction')
[SQL: INSERT INTO user_operation_logs (user_id, username, user_name, dept_id, module, action, target_type, target_id, target_name, method, path, ip, user_agent, status, message, created_by) VALUES (%(user_id)s, %(username)s, %(user_name)s, %(dept_id)s, %(module)s, %(action)s, %(target_type)s, %(target_id)s, %(target_name)s, %(method)s, %(path)s, %(ip)s, %(user_agent)s, %(status)s, %(message)s, %(created_by)s)]
[parameters: {'user_id': 21, 'username': 'zhangjian', 'user_name': None, 'dept_id': None, 'module': 'user', 'action': 'delete', 'target_type': 'user', 'target_id': None, 'target_name': None, 'method': 'DELETE', 'path': '/api/v1/users/1', 'ip': '127.0.0.1', 'user_agent': 'Mozilla/5.0 (Windows NT 10.0; Win64; x64) AppleWebKit/537.36 (KHTML, like Gecko) Chrome/153.0.0.0 Safari/537.36 Edg/153.0.0.0', 'status': 20, 'message': '该用户存在业务引用，请先移交或改派：经办的审批任务 4 条、担任管护经理的客户 2 条、维护的授信变更记录 16 条', 'created_by': None}]
(Background on this error at: https://sqlalche.me/e/20/e3q8)
2026-09-23 16:05:03,897 ERROR [8fedf879b9c2] app.main: unhandled error: (pymysql.err.OperationalError) (1205, 'Lock wait timeout exceeded; try restarting transaction')
[SQL: DELETE FROM `user_user_roles` WHERE `user_id` = %(uid)s]
[parameters: {'uid': 1}]
(Background on this error at: https://sqlalche.me/e/20/e3q8)
Traceback (most recent call last):
  File "C:\Users\69588\.conda\envs\whdb3\Lib\site-packages\sqlalchemy\engine\base.py", line 1969, in _exec_single_context
    self.dialect.do_execute(
  File "C:\Users\69588\.conda\envs\whdb3\Lib\site-packages\sqlalchemy\engine\default.py", line 952, in do_execute
    cursor.execute(statement, parameters)
  File "C:\Users\69588\AppData\Roaming\Python\Python312\site-packages\pymysql\cursors.py", line 153, in execute
    result = self._query(query)
             ^^^^^^^^^^^^^^^^^^
  File "C:\Users\69588\AppData\Roaming\Python\Python312\site-packages\pymysql\cursors.py", line 322, in _query
    conn.query(q)
  File "C:\Users\69588\AppData\Roaming\Python\Python312\site-packages\pymysql\connections.py", line 563, in query
    self._affected_rows = self._read_query_result(unbuffered=unbuffered)
                          ^^^^^^^^^^^^^^^^^^^^^^^^^^^^^^^^^^^^^^^^^^^^^^
  File "C:\Users\69588\AppData\Roaming\Python\Python312\site-packages\pymysql\connections.py", line 825, in _read_query_result
    result.read()
  File "C:\Users\69588\AppData\Roaming\Python\Python312\site-packages\pymysql\connections.py", line 1199, in read
    first_packet = self.connection._read_packet()
                   ^^^^^^^^^^^^^^^^^^^^^^^^^^^^^^
  File "C:\Users\69588\AppData\Roaming\Python\Python312\site-packages\pymysql\connections.py", line 775, in _read_packet
    packet.raise_for_error()
  File "C:\Users\69588\AppData\Roaming\Python\Python312\site-packages\pymysql\protocol.py", line 219, in raise_for_error
    err.raise_mysql_exception(self._data)
  File "C:\Users\69588\AppData\Roaming\Python\Python312\site-packages\pymysql\err.py", line 150, in raise_mysql_exception
    raise errorclass(errno, errval)
pymysql.err.OperationalError: (1205, 'Lock wait timeout exceeded; try restarting transaction')

The above exception was the direct cause of the following exception:

Traceback (most recent call last):
  File "C:\Users\69588\AppData\Roaming\Python\Python312\site-packages\starlette\middleware\errors.py", line 164, in __call__
    await self.app(scope, receive, _send)
  File "C:\Users\69588\AppData\Roaming\Python\Python312\site-packages\starlette\middleware\base.py", line 191, in __call__
    with recv_stream, send_stream, collapse_excgroups():
                                   ^^^^^^^^^^^^^^^^^^^^
  File "C:\Users\69588\.conda\envs\whdb3\Lib\contextlib.py", line 158, in __exit__
    self.gen.throw(value)
  File "C:\Users\69588\AppData\Roaming\Python\Python312\site-packages\starlette\_utils.py", line 87, in collapse_excgroups
    raise exc
  File "C:\Users\69588\AppData\Roaming\Python\Python312\site-packages\starlette\middleware\base.py", line 193, in __call__
    response = await self.dispatch_func(request, call_next)
               ^^^^^^^^^^^^^^^^^^^^^^^^^^^^^^^^^^^^^^^^^^^^
  File "C:\mysite\whdb3\whdb3-api\app\core\logging.py", line 53, in dispatch
    response = await call_next(request)
               ^^^^^^^^^^^^^^^^^^^^^^^^
  File "C:\Users\69588\AppData\Roaming\Python\Python312\site-packages\starlette\middleware\base.py", line 168, in call_next
    raise app_exc from app_exc.__cause__ or app_exc.__context__
  File "C:\Users\69588\AppData\Roaming\Python\Python312\site-packages\starlette\middleware\base.py", line 144, in coro
    await self.app(scope, receive_or_disconnect, send_no_error)
  File "C:\Users\69588\AppData\Roaming\Python\Python312\site-packages\starlette\middleware\exceptions.py", line 63, in __call__
    await wrap_app_handling_exceptions(self.app, conn)(scope, receive, send)
  File "C:\Users\69588\AppData\Roaming\Python\Python312\site-packages\starlette\_exception_handler.py", line 53, in wrapped_app
    raise exc
  File "C:\Users\69588\AppData\Roaming\Python\Python312\site-packages\starlette\_exception_handler.py", line 42, in wrapped_app
    await app(scope, receive, sender)
  File "C:\Users\69588\AppData\Roaming\Python\Python312\site-packages\fastapi\middleware\asyncexitstack.py", line 18, in __call__
    await self.app(scope, receive, send)
  File "C:\Users\69588\AppData\Roaming\Python\Python312\site-packages\starlette\routing.py", line 660, in __call__
    await self.middleware_stack(scope, receive, send)
  File "C:\Users\69588\AppData\Roaming\Python\Python312\site-packages\starlette\routing.py", line 680, in app
    await route.handle(scope, receive, send)
  File "C:\Users\69588\AppData\Roaming\Python\Python312\site-packages\starlette\routing.py", line 276, in handle
    await self.app(scope, receive, send)
  File "C:\Users\69588\AppData\Roaming\Python\Python312\site-packages\fastapi\routing.py", line 134, in app
    await wrap_app_handling_exceptions(app, request)(scope, receive, send)
  File "C:\Users\69588\AppData\Roaming\Python\Python312\site-packages\starlette\_exception_handler.py", line 53, in wrapped_app
    raise exc
  File "C:\Users\69588\AppData\Roaming\Python\Python312\site-packages\starlette\_exception_handler.py", line 42, in wrapped_app
    await app(scope, receive, sender)
  File "C:\Users\69588\AppData\Roaming\Python\Python312\site-packages\fastapi\routing.py", line 120, in app
    response = await f(request)
               ^^^^^^^^^^^^^^^^
  File "C:\Users\69588\AppData\Roaming\Python\Python312\site-packages\fastapi\routing.py", line 674, in app
    raw_response = await run_endpoint_function(
                   ^^^^^^^^^^^^^^^^^^^^^^^^^^^^
  File "C:\Users\69588\AppData\Roaming\Python\Python312\site-packages\fastapi\routing.py", line 330, in run_endpoint_function
    return await run_in_threadpool(dependant.call, **values)
           ^^^^^^^^^^^^^^^^^^^^^^^^^^^^^^^^^^^^^^^^^^^^^^^^^
  File "C:\Users\69588\AppData\Roaming\Python\Python312\site-packages\starlette\concurrency.py", line 32, in run_in_threadpool
    return await anyio.to_thread.run_sync(func)
           ^^^^^^^^^^^^^^^^^^^^^^^^^^^^^^^^^^^^
  File "C:\Users\69588\AppData\Roaming\Python\Python312\site-packages\anyio\to_thread.py", line 63, in run_sync
    return await get_async_backend().run_sync_in_worker_thread(
           ^^^^^^^^^^^^^^^^^^^^^^^^^^^^^^^^^^^^^^^^^^^^^^^^^^^^
  File "C:\Users\69588\AppData\Roaming\Python\Python312\site-packages\anyio\_backends\_asyncio.py", line 2502, in run_sync_in_worker_thread
    return await future
           ^^^^^^^^^^^^
  File "C:\Users\69588\AppData\Roaming\Python\Python312\site-packages\anyio\_backends\_asyncio.py", line 986, in run
    result = context.run(func, *args)
             ^^^^^^^^^^^^^^^^^^^^^^^^
  File "C:\mysite\whdb3\whdb3-api\app\core\audit.py", line 63, in wrapper
    result = func(*args, **kwargs)
             ^^^^^^^^^^^^^^^^^^^^^
  File "C:\mysite\whdb3\whdb3-api\app\user\api\v1\users.py", line 155, in delete_user
    user_service.delete(db, ctx, user_id)
  File "C:\mysite\whdb3\whdb3-api\app\user\services\user_service.py", line 399, in delete
    blockers = _detach_user_references(db, user_id)
               ^^^^^^^^^^^^^^^^^^^^^^^^^^^^^^^^^^^^
  File "C:\mysite\whdb3\whdb3-api\app\user\services\user_service.py", line 355, in _detach_user_references
    db.execute(
  File "C:\Users\69588\.conda\envs\whdb3\Lib\site-packages\sqlalchemy\orm\session.py", line 2373, in execute
    return self._execute_internal(
           ^^^^^^^^^^^^^^^^^^^^^^^
  File "C:\Users\69588\.conda\envs\whdb3\Lib\site-packages\sqlalchemy\orm\session.py", line 2280, in _execute_internal
    result = conn.execute(
             ^^^^^^^^^^^^^
  File "C:\Users\69588\.conda\envs\whdb3\Lib\site-packages\sqlalchemy\engine\base.py", line 1421, in execute
    return meth(
           ^^^^^
  File "C:\Users\69588\.conda\envs\whdb3\Lib\site-packages\sqlalchemy\sql\elements.py", line 526, in _execute_on_connection
    return connection._execute_clauseelement(
           ^^^^^^^^^^^^^^^^^^^^^^^^^^^^^^^^^^
  File "C:\Users\69588\.conda\envs\whdb3\Lib\site-packages\sqlalchemy\engine\base.py", line 1643, in _execute_clauseelement
    ret = self._execute_context(
          ^^^^^^^^^^^^^^^^^^^^^^
  File "C:\Users\69588\.conda\envs\whdb3\Lib\site-packages\sqlalchemy\engine\base.py", line 1848, in _execute_context
    return self._exec_single_context(
           ^^^^^^^^^^^^^^^^^^^^^^^^^^
  File "C:\Users\69588\.conda\envs\whdb3\Lib\site-packages\sqlalchemy\engine\base.py", line 1988, in _exec_single_context
    self._handle_dbapi_exception(
  File "C:\Users\69588\.conda\envs\whdb3\Lib\site-packages\sqlalchemy\engine\base.py", line 2365, in _handle_dbapi_exception
    raise sqlalchemy_exception.with_traceback(exc_info[2]) from e
  File "C:\Users\69588\.conda\envs\whdb3\Lib\site-packages\sqlalchemy\engine\base.py", line 1969, in _exec_single_context
    self.dialect.do_execute(
  File "C:\Users\69588\.conda\envs\whdb3\Lib\site-packages\sqlalchemy\engine\default.py", line 952, in do_execute
    cursor.execute(statement, parameters)
  File "C:\Users\69588\AppData\Roaming\Python\Python312\site-packages\pymysql\cursors.py", line 153, in execute
    result = self._query(query)
             ^^^^^^^^^^^^^^^^^^
  File "C:\Users\69588\AppData\Roaming\Python\Python312\site-packages\pymysql\cursors.py", line 322, in _query
    conn.query(q)
  File "C:\Users\69588\AppData\Roaming\Python\Python312\site-packages\pymysql\connections.py", line 563, in query
    self._affected_rows = self._read_query_result(unbuffered=unbuffered)
                          ^^^^^^^^^^^^^^^^^^^^^^^^^^^^^^^^^^^^^^^^^^^^^^
  File "C:\Users\69588\AppData\Roaming\Python\Python312\site-packages\pymysql\connections.py", line 825, in _read_query_result
    result.read()
  File "C:\Users\69588\AppData\Roaming\Python\Python312\site-packages\pymysql\connections.py", line 1199, in read
    first_packet = self.connection._read_packet()
                   ^^^^^^^^^^^^^^^^^^^^^^^^^^^^^^
  File "C:\Users\69588\AppData\Roaming\Python\Python312\site-packages\pymysql\connections.py", line 775, in _read_packet
    packet.raise_for_error()
  File "C:\Users\69588\AppData\Roaming\Python\Python312\site-packages\pymysql\protocol.py", line 219, in raise_for_error
    err.raise_mysql_exception(self._data)
  File "C:\Users\69588\AppData\Roaming\Python\Python312\site-packages\pymysql\err.py", line 150, in raise_mysql_exception
    raise errorclass(errno, errval)
sqlalchemy.exc.OperationalError: (pymysql.err.OperationalError) (1205, 'Lock wait timeout exceeded; try restarting transaction')
[SQL: DELETE FROM `user_user_roles` WHERE `user_id` = %(uid)s]
[parameters: {'uid': 1}]
(Background on this error at: https://sqlalche.me/e/20/e3q8)
2026-09-23 16:05:08,958 WARNING [e3324edb3d9a] app.core.audit: audit log write failed
Traceback (most recent call last):
  File "C:\mysite\whdb3\whdb3-api\app\core\audit.py", line 63, in wrapper
    result = func(*args, **kwargs)
             ^^^^^^^^^^^^^^^^^^^^^
  File "C:\mysite\whdb3\whdb3-api\app\user\api\v1\users.py", line 155, in delete_user
    user_service.delete(db, ctx, user_id)
  File "C:\mysite\whdb3\whdb3-api\app\user\services\user_service.py", line 401, in delete
    raise BizError(4090, "该用户存在业务引用，请先移交或改派：" + "、".join(blockers))
app.core.exceptions.BizError: 该用户存在业务引用，请先移交或改派：经办的审批任务 4 条、担任管护经理的客户 2 条、维护的授信变更记录 16 条

During handling of the above exception, another exception occurred:

Traceback (most recent call last):
  File "C:\Users\69588\.conda\envs\whdb3\Lib\site-packages\sqlalchemy\engine\base.py", line 1969, in _exec_single_context
    self.dialect.do_execute(
  File "C:\Users\69588\.conda\envs\whdb3\Lib\site-packages\sqlalchemy\engine\default.py", line 952, in do_execute
    cursor.execute(statement, parameters)
  File "C:\Users\69588\AppData\Roaming\Python\Python312\site-packages\pymysql\cursors.py", line 153, in execute
    result = self._query(query)
             ^^^^^^^^^^^^^^^^^^
  File "C:\Users\69588\AppData\Roaming\Python\Python312\site-packages\pymysql\cursors.py", line 322, in _query
    conn.query(q)
  File "C:\Users\69588\AppData\Roaming\Python\Python312\site-packages\pymysql\connections.py", line 563, in query
    self._affected_rows = self._read_query_result(unbuffered=unbuffered)
                          ^^^^^^^^^^^^^^^^^^^^^^^^^^^^^^^^^^^^^^^^^^^^^^
  File "C:\Users\69588\AppData\Roaming\Python\Python312\site-packages\pymysql\connections.py", line 825, in _read_query_result
    result.read()
  File "C:\Users\69588\AppData\Roaming\Python\Python312\site-packages\pymysql\connections.py", line 1199, in read
    first_packet = self.connection._read_packet()
                   ^^^^^^^^^^^^^^^^^^^^^^^^^^^^^^
  File "C:\Users\69588\AppData\Roaming\Python\Python312\site-packages\pymysql\connections.py", line 775, in _read_packet
    packet.raise_for_error()
  File "C:\Users\69588\AppData\Roaming\Python\Python312\site-packages\pymysql\protocol.py", line 219, in raise_for_error
    err.raise_mysql_exception(self._data)
  File "C:\Users\69588\AppData\Roaming\Python\Python312\site-packages\pymysql\err.py", line 150, in raise_mysql_exception
    raise errorclass(errno, errval)
pymysql.err.OperationalError: (1205, 'Lock wait timeout exceeded; try restarting transaction')

The above exception was the direct cause of the following exception:

Traceback (most recent call last):
  File "C:\mysite\whdb3\whdb3-api\app\core\audit.py", line 37, in _write_log
    db.commit()
  File "C:\Users\69588\.conda\envs\whdb3\Lib\site-packages\sqlalchemy\orm\session.py", line 2035, in commit
    trans.commit(_to_root=True)
  File "<string>", line 2, in commit
  File "C:\Users\69588\.conda\envs\whdb3\Lib\site-packages\sqlalchemy\orm\state_changes.py", line 137, in _go
    ret_value = fn(self, *arg, **kw)
                ^^^^^^^^^^^^^^^^^^^^
  File "C:\Users\69588\.conda\envs\whdb3\Lib\site-packages\sqlalchemy\orm\session.py", line 1316, in commit
    self._prepare_impl()
  File "<string>", line 2, in _prepare_impl
  File "C:\Users\69588\.conda\envs\whdb3\Lib\site-packages\sqlalchemy\orm\state_changes.py", line 137, in _go
    ret_value = fn(self, *arg, **kw)
                ^^^^^^^^^^^^^^^^^^^^
  File "C:\Users\69588\.conda\envs\whdb3\Lib\site-packages\sqlalchemy\orm\session.py", line 1290, in _prepare_impl
    self.session.flush()
  File "C:\Users\69588\.conda\envs\whdb3\Lib\site-packages\sqlalchemy\orm\session.py", line 4353, in flush
    self._flush(objects)
  File "C:\Users\69588\.conda\envs\whdb3\Lib\site-packages\sqlalchemy\orm\session.py", line 4488, in _flush
    with util.safe_reraise():
         ^^^^^^^^^^^^^^^^^^^
  File "C:\Users\69588\.conda\envs\whdb3\Lib\site-packages\sqlalchemy\util\langhelpers.py", line 122, in __exit__
    raise exc_value.with_traceback(exc_tb)
  File "C:\Users\69588\.conda\envs\whdb3\Lib\site-packages\sqlalchemy\orm\session.py", line 4449, in _flush
    flush_context.execute()
  File "C:\Users\69588\.conda\envs\whdb3\Lib\site-packages\sqlalchemy\orm\unitofwork.py", line 465, in execute
    rec.execute(self)
  File "C:\Users\69588\.conda\envs\whdb3\Lib\site-packages\sqlalchemy\orm\unitofwork.py", line 641, in execute
    util.preloaded.orm_persistence.save_obj(
  File "C:\Users\69588\.conda\envs\whdb3\Lib\site-packages\sqlalchemy\orm\persistence.py", line 94, in save_obj
    _emit_insert_statements(
  File "C:\Users\69588\.conda\envs\whdb3\Lib\site-packages\sqlalchemy\orm\persistence.py", line 1234, in _emit_insert_statements
    result = connection.execute(
             ^^^^^^^^^^^^^^^^^^^
  File "C:\Users\69588\.conda\envs\whdb3\Lib\site-packages\sqlalchemy\engine\base.py", line 1421, in execute
    return meth(
           ^^^^^
  File "C:\Users\69588\.conda\envs\whdb3\Lib\site-packages\sqlalchemy\sql\elements.py", line 526, in _execute_on_connection
    return connection._execute_clauseelement(
           ^^^^^^^^^^^^^^^^^^^^^^^^^^^^^^^^^^
  File "C:\Users\69588\.conda\envs\whdb3\Lib\site-packages\sqlalchemy\engine\base.py", line 1643, in _execute_clauseelement
    ret = self._execute_context(
          ^^^^^^^^^^^^^^^^^^^^^^
  File "C:\Users\69588\.conda\envs\whdb3\Lib\site-packages\sqlalchemy\engine\base.py", line 1848, in _execute_context
    return self._exec_single_context(
           ^^^^^^^^^^^^^^^^^^^^^^^^^^
  File "C:\Users\69588\.conda\envs\whdb3\Lib\site-packages\sqlalchemy\engine\base.py", line 1988, in _exec_single_context
    self._handle_dbapi_exception(
  File "C:\Users\69588\.conda\envs\whdb3\Lib\site-packages\sqlalchemy\engine\base.py", line 2365, in _handle_dbapi_exception
    raise sqlalchemy_exception.with_traceback(exc_info[2]) from e
  File "C:\Users\69588\.conda\envs\whdb3\Lib\site-packages\sqlalchemy\engine\base.py", line 1969, in _exec_single_context
    self.dialect.do_execute(
  File "C:\Users\69588\.conda\envs\whdb3\Lib\site-packages\sqlalchemy\engine\default.py", line 952, in do_execute
    cursor.execute(statement, parameters)
  File "C:\Users\69588\AppData\Roaming\Python\Python312\site-packages\pymysql\cursors.py", line 153, in execute
    result = self._query(query)
             ^^^^^^^^^^^^^^^^^^
  File "C:\Users\69588\AppData\Roaming\Python\Python312\site-packages\pymysql\cursors.py", line 322, in _query
    conn.query(q)
  File "C:\Users\69588\AppData\Roaming\Python\Python312\site-packages\pymysql\connections.py", line 563, in query
    self._affected_rows = self._read_query_result(unbuffered=unbuffered)
                          ^^^^^^^^^^^^^^^^^^^^^^^^^^^^^^^^^^^^^^^^^^^^^^
  File "C:\Users\69588\AppData\Roaming\Python\Python312\site-packages\pymysql\connections.py", line 825, in _read_query_result
    result.read()
  File "C:\Users\69588\AppData\Roaming\Python\Python312\site-packages\pymysql\connections.py", line 1199, in read
    first_packet = self.connection._read_packet()
                   ^^^^^^^^^^^^^^^^^^^^^^^^^^^^^^
  File "C:\Users\69588\AppData\Roaming\Python\Python312\site-packages\pymysql\connections.py", line 775, in _read_packet
    packet.raise_for_error()
  File "C:\Users\69588\AppData\Roaming\Python\Python312\site-packages\pymysql\protocol.py", line 219, in raise_for_error
    err.raise_mysql_exception(self._data)
  File "C:\Users\69588\AppData\Roaming\Python\Python312\site-packages\pymysql\err.py", line 150, in raise_mysql_exception
    raise errorclass(errno, errval)
sqlalchemy.exc.OperationalError: (pymysql.err.OperationalError) (1205, 'Lock wait timeout exceeded; try restarting transaction')
[SQL: INSERT INTO user_operation_logs (user_id, username, user_name, dept_id, module, action, target_type, target_id, target_name, method, path, ip, user_agent, status, message, created_by) VALUES (%(user_id)s, %(username)s, %(user_name)s, %(dept_id)s, %(module)s, %(action)s, %(target_type)s, %(target_id)s, %(target_name)s, %(method)s, %(path)s, %(ip)s, %(user_agent)s, %(status)s, %(message)s, %(created_by)s)]
[parameters: {'user_id': 21, 'username': 'zhangjian', 'user_name': None, 'dept_id': None, 'module': 'user', 'action': 'delete', 'target_type': 'user', 'target_id': None, 'target_name': None, 'method': 'DELETE', 'path': '/api/v1/users/1', 'ip': '127.0.0.1', 'user_agent': 'Mozilla/5.0 (Windows NT 10.0; Win64; x64) AppleWebKit/537.36 (KHTML, like Gecko) Chrome/153.0.0.0 Safari/537.36 Edg/153.0.0.0', 'status': 20, 'message': '该用户存在业务引用，请先移交或改派：经办的审批任务 4 条、担任管护经理的客户 2 条、维护的授信变更记录 16 条', 'created_by': None}]
(Background on this error at: https://sqlalche.me/e/20/e3q8)
2026-09-23 16:45:56,768 ERROR [9f69a90b1c96] app.main: unhandled error: type object 'UserStatus' has no attribute 'RESIGNED'
Traceback (most recent call last):
  File "C:\Users\69588\AppData\Roaming\Python\Python312\site-packages\starlette\middleware\errors.py", line 164, in __call__
    await self.app(scope, receive, _send)
  File "C:\Users\69588\AppData\Roaming\Python\Python312\site-packages\starlette\middleware\base.py", line 191, in __call__
    with recv_stream, send_stream, collapse_excgroups():
                                   ^^^^^^^^^^^^^^^^^^^^
  File "C:\Users\69588\.conda\envs\whdb3\Lib\contextlib.py", line 158, in __exit__
    self.gen.throw(value)
  File "C:\Users\69588\AppData\Roaming\Python\Python312\site-packages\starlette\_utils.py", line 87, in collapse_excgroups
    raise exc
  File "C:\Users\69588\AppData\Roaming\Python\Python312\site-packages\starlette\middleware\base.py", line 193, in __call__
    response = await self.dispatch_func(request, call_next)
               ^^^^^^^^^^^^^^^^^^^^^^^^^^^^^^^^^^^^^^^^^^^^
  File "C:\mysite\whdb3\whdb3-api\app\core\logging.py", line 53, in dispatch
    response = await call_next(request)
               ^^^^^^^^^^^^^^^^^^^^^^^^
  File "C:\Users\69588\AppData\Roaming\Python\Python312\site-packages\starlette\middleware\base.py", line 168, in call_next
    raise app_exc from app_exc.__cause__ or app_exc.__context__
  File "C:\Users\69588\AppData\Roaming\Python\Python312\site-packages\starlette\middleware\base.py", line 144, in coro
    await self.app(scope, receive_or_disconnect, send_no_error)
  File "C:\Users\69588\AppData\Roaming\Python\Python312\site-packages\starlette\middleware\exceptions.py", line 63, in __call__
    await wrap_app_handling_exceptions(self.app, conn)(scope, receive, send)
  File "C:\Users\69588\AppData\Roaming\Python\Python312\site-packages\starlette\_exception_handler.py", line 53, in wrapped_app
    raise exc
  File "C:\Users\69588\AppData\Roaming\Python\Python312\site-packages\starlette\_exception_handler.py", line 42, in wrapped_app
    await app(scope, receive, sender)
  File "C:\Users\69588\AppData\Roaming\Python\Python312\site-packages\fastapi\middleware\asyncexitstack.py", line 18, in __call__
    await self.app(scope, receive, send)
  File "C:\Users\69588\AppData\Roaming\Python\Python312\site-packages\starlette\routing.py", line 660, in __call__
    await self.middleware_stack(scope, receive, send)
  File "C:\Users\69588\AppData\Roaming\Python\Python312\site-packages\starlette\routing.py", line 680, in app
    await route.handle(scope, receive, send)
  File "C:\Users\69588\AppData\Roaming\Python\Python312\site-packages\starlette\routing.py", line 276, in handle
    await self.app(scope, receive, send)
  File "C:\Users\69588\AppData\Roaming\Python\Python312\site-packages\fastapi\routing.py", line 134, in app
    await wrap_app_handling_exceptions(app, request)(scope, receive, send)
  File "C:\Users\69588\AppData\Roaming\Python\Python312\site-packages\starlette\_exception_handler.py", line 53, in wrapped_app
    raise exc
  File "C:\Users\69588\AppData\Roaming\Python\Python312\site-packages\starlette\_exception_handler.py", line 42, in wrapped_app
    await app(scope, receive, sender)
  File "C:\Users\69588\AppData\Roaming\Python\Python312\site-packages\fastapi\routing.py", line 120, in app
    response = await f(request)
               ^^^^^^^^^^^^^^^^
  File "C:\Users\69588\AppData\Roaming\Python\Python312\site-packages\fastapi\routing.py", line 674, in app
    raw_response = await run_endpoint_function(
                   ^^^^^^^^^^^^^^^^^^^^^^^^^^^^
  File "C:\Users\69588\AppData\Roaming\Python\Python312\site-packages\fastapi\routing.py", line 330, in run_endpoint_function
    return await run_in_threadpool(dependant.call, **values)
           ^^^^^^^^^^^^^^^^^^^^^^^^^^^^^^^^^^^^^^^^^^^^^^^^^
  File "C:\Users\69588\AppData\Roaming\Python\Python312\site-packages\starlette\concurrency.py", line 32, in run_in_threadpool
    return await anyio.to_thread.run_sync(func)
           ^^^^^^^^^^^^^^^^^^^^^^^^^^^^^^^^^^^^
  File "C:\Users\69588\AppData\Roaming\Python\Python312\site-packages\anyio\to_thread.py", line 63, in run_sync
    return await get_async_backend().run_sync_in_worker_thread(
           ^^^^^^^^^^^^^^^^^^^^^^^^^^^^^^^^^^^^^^^^^^^^^^^^^^^^
  File "C:\Users\69588\AppData\Roaming\Python\Python312\site-packages\anyio\_backends\_asyncio.py", line 2502, in run_sync_in_worker_thread
    return await future
           ^^^^^^^^^^^^
  File "C:\Users\69588\AppData\Roaming\Python\Python312\site-packages\anyio\_backends\_asyncio.py", line 986, in run
    result = context.run(func, *args)
             ^^^^^^^^^^^^^^^^^^^^^^^^
  File "C:\mysite\whdb3\whdb3-api\app\user\api\v1\departments.py", line 23, in dept_tree
    return ok([n.model_dump() for n in org_service.dept_tree(db)])
                                       ^^^^^^^^^^^^^^^^^^^^^^^^^
  File "C:\mysite\whdb3\whdb3-api\app\user\services\org_service.py", line 49, in dept_tree
    counts = _dept_member_counts(db)
             ^^^^^^^^^^^^^^^^^^^^^^^
  File "C:\mysite\whdb3\whdb3-api\app\user\services\org_service.py", line 41, in _dept_member_counts
    .where(User.status != UserStatus.RESIGNED.value, User.dept_id.isnot(None))
                          ^^^^^^^^^^^^^^^^^^^
AttributeError: type object 'UserStatus' has no attribute 'RESIGNED'
2026-09-23 16:46:49,200 ERROR [5c80b2658fe3] app.main: unhandled error: type object 'UserStatus' has no attribute 'RESIGNED'
Traceback (most recent call last):
  File "C:\Users\69588\AppData\Roaming\Python\Python312\site-packages\starlette\middleware\errors.py", line 164, in __call__
    await self.app(scope, receive, _send)
  File "C:\Users\69588\AppData\Roaming\Python\Python312\site-packages\starlette\middleware\base.py", line 191, in __call__
    with recv_stream, send_stream, collapse_excgroups():
                                   ^^^^^^^^^^^^^^^^^^^^
  File "C:\Users\69588\.conda\envs\whdb3\Lib\contextlib.py", line 158, in __exit__
    self.gen.throw(value)
  File "C:\Users\69588\AppData\Roaming\Python\Python312\site-packages\starlette\_utils.py", line 87, in collapse_excgroups
    raise exc
  File "C:\Users\69588\AppData\Roaming\Python\Python312\site-packages\starlette\middleware\base.py", line 193, in __call__
    response = await self.dispatch_func(request, call_next)
               ^^^^^^^^^^^^^^^^^^^^^^^^^^^^^^^^^^^^^^^^^^^^
  File "C:\mysite\whdb3\whdb3-api\app\core\logging.py", line 53, in dispatch
    response = await call_next(request)
               ^^^^^^^^^^^^^^^^^^^^^^^^
  File "C:\Users\69588\AppData\Roaming\Python\Python312\site-packages\starlette\middleware\base.py", line 168, in call_next
    raise app_exc from app_exc.__cause__ or app_exc.__context__
  File "C:\Users\69588\AppData\Roaming\Python\Python312\site-packages\starlette\middleware\base.py", line 144, in coro
    await self.app(scope, receive_or_disconnect, send_no_error)
  File "C:\Users\69588\AppData\Roaming\Python\Python312\site-packages\starlette\middleware\exceptions.py", line 63, in __call__
    await wrap_app_handling_exceptions(self.app, conn)(scope, receive, send)
  File "C:\Users\69588\AppData\Roaming\Python\Python312\site-packages\starlette\_exception_handler.py", line 53, in wrapped_app
    raise exc
  File "C:\Users\69588\AppData\Roaming\Python\Python312\site-packages\starlette\_exception_handler.py", line 42, in wrapped_app
    await app(scope, receive, sender)
  File "C:\Users\69588\AppData\Roaming\Python\Python312\site-packages\fastapi\middleware\asyncexitstack.py", line 18, in __call__
    await self.app(scope, receive, send)
  File "C:\Users\69588\AppData\Roaming\Python\Python312\site-packages\starlette\routing.py", line 660, in __call__
    await self.middleware_stack(scope, receive, send)
  File "C:\Users\69588\AppData\Roaming\Python\Python312\site-packages\starlette\routing.py", line 680, in app
    await route.handle(scope, receive, send)
  File "C:\Users\69588\AppData\Roaming\Python\Python312\site-packages\starlette\routing.py", line 276, in handle
    await self.app(scope, receive, send)
  File "C:\Users\69588\AppData\Roaming\Python\Python312\site-packages\fastapi\routing.py", line 134, in app
    await wrap_app_handling_exceptions(app, request)(scope, receive, send)
  File "C:\Users\69588\AppData\Roaming\Python\Python312\site-packages\starlette\_exception_handler.py", line 53, in wrapped_app
    raise exc
  File "C:\Users\69588\AppData\Roaming\Python\Python312\site-packages\starlette\_exception_handler.py", line 42, in wrapped_app
    await app(scope, receive, sender)
  File "C:\Users\69588\AppData\Roaming\Python\Python312\site-packages\fastapi\routing.py", line 120, in app
    response = await f(request)
               ^^^^^^^^^^^^^^^^
  File "C:\Users\69588\AppData\Roaming\Python\Python312\site-packages\fastapi\routing.py", line 674, in app
    raw_response = await run_endpoint_function(
                   ^^^^^^^^^^^^^^^^^^^^^^^^^^^^
  File "C:\Users\69588\AppData\Roaming\Python\Python312\site-packages\fastapi\routing.py", line 330, in run_endpoint_function
    return await run_in_threadpool(dependant.call, **values)
           ^^^^^^^^^^^^^^^^^^^^^^^^^^^^^^^^^^^^^^^^^^^^^^^^^
  File "C:\Users\69588\AppData\Roaming\Python\Python312\site-packages\starlette\concurrency.py", line 32, in run_in_threadpool
    return await anyio.to_thread.run_sync(func)
           ^^^^^^^^^^^^^^^^^^^^^^^^^^^^^^^^^^^^
  File "C:\Users\69588\AppData\Roaming\Python\Python312\site-packages\anyio\to_thread.py", line 63, in run_sync
    return await get_async_backend().run_sync_in_worker_thread(
           ^^^^^^^^^^^^^^^^^^^^^^^^^^^^^^^^^^^^^^^^^^^^^^^^^^^^
  File "C:\Users\69588\AppData\Roaming\Python\Python312\site-packages\anyio\_backends\_asyncio.py", line 2502, in run_sync_in_worker_thread
    return await future
           ^^^^^^^^^^^^
  File "C:\Users\69588\AppData\Roaming\Python\Python312\site-packages\anyio\_backends\_asyncio.py", line 986, in run
    result = context.run(func, *args)
             ^^^^^^^^^^^^^^^^^^^^^^^^
  File "C:\mysite\whdb3\whdb3-api\app\user\api\v1\departments.py", line 23, in dept_tree
    return ok([n.model_dump() for n in org_service.dept_tree(db)])
                                       ^^^^^^^^^^^^^^^^^^^^^^^^^
  File "C:\mysite\whdb3\whdb3-api\app\user\services\org_service.py", line 49, in dept_tree
    counts = _dept_member_counts(db)
             ^^^^^^^^^^^^^^^^^^^^^^^
  File "C:\mysite\whdb3\whdb3-api\app\user\services\org_service.py", line 41, in _dept_member_counts
    .where(User.status != UserStatus.RESIGNED.value, User.dept_id.isnot(None))
                          ^^^^^^^^^^^^^^^^^^^
AttributeError: type object 'UserStatus' has no attribute 'RESIGNED'
2026-09-23 16:48:09,806 ERROR [f17fbb3effd5] app.main: unhandled error: type object 'UserStatus' has no attribute 'RESIGNED'
Traceback (most recent call last):
  File "C:\Users\69588\AppData\Roaming\Python\Python312\site-packages\starlette\middleware\errors.py", line 164, in __call__
    await self.app(scope, receive, _send)
  File "C:\Users\69588\AppData\Roaming\Python\Python312\site-packages\starlette\middleware\base.py", line 191, in __call__
    with recv_stream, send_stream, collapse_excgroups():
                                   ^^^^^^^^^^^^^^^^^^^^
  File "C:\Users\69588\.conda\envs\whdb3\Lib\contextlib.py", line 158, in __exit__
    self.gen.throw(value)
  File "C:\Users\69588\AppData\Roaming\Python\Python312\site-packages\starlette\_utils.py", line 87, in collapse_excgroups
    raise exc
  File "C:\Users\69588\AppData\Roaming\Python\Python312\site-packages\starlette\middleware\base.py", line 193, in __call__
    response = await self.dispatch_func(request, call_next)
               ^^^^^^^^^^^^^^^^^^^^^^^^^^^^^^^^^^^^^^^^^^^^
  File "C:\mysite\whdb3\whdb3-api\app\core\logging.py", line 53, in dispatch
    response = await call_next(request)
               ^^^^^^^^^^^^^^^^^^^^^^^^
  File "C:\Users\69588\AppData\Roaming\Python\Python312\site-packages\starlette\middleware\base.py", line 168, in call_next
    raise app_exc from app_exc.__cause__ or app_exc.__context__
  File "C:\Users\69588\AppData\Roaming\Python\Python312\site-packages\starlette\middleware\base.py", line 144, in coro
    await self.app(scope, receive_or_disconnect, send_no_error)
  File "C:\Users\69588\AppData\Roaming\Python\Python312\site-packages\starlette\middleware\exceptions.py", line 63, in __call__
    await wrap_app_handling_exceptions(self.app, conn)(scope, receive, send)
  File "C:\Users\69588\AppData\Roaming\Python\Python312\site-packages\starlette\_exception_handler.py", line 53, in wrapped_app
    raise exc
  File "C:\Users\69588\AppData\Roaming\Python\Python312\site-packages\starlette\_exception_handler.py", line 42, in wrapped_app
    await app(scope, receive, sender)
  File "C:\Users\69588\AppData\Roaming\Python\Python312\site-packages\fastapi\middleware\asyncexitstack.py", line 18, in __call__
    await self.app(scope, receive, send)
  File "C:\Users\69588\AppData\Roaming\Python\Python312\site-packages\starlette\routing.py", line 660, in __call__
    await self.middleware_stack(scope, receive, send)
  File "C:\Users\69588\AppData\Roaming\Python\Python312\site-packages\starlette\routing.py", line 680, in app
    await route.handle(scope, receive, send)
  File "C:\Users\69588\AppData\Roaming\Python\Python312\site-packages\starlette\routing.py", line 276, in handle
    await self.app(scope, receive, send)
  File "C:\Users\69588\AppData\Roaming\Python\Python312\site-packages\fastapi\routing.py", line 134, in app
    await wrap_app_handling_exceptions(app, request)(scope, receive, send)
  File "C:\Users\69588\AppData\Roaming\Python\Python312\site-packages\starlette\_exception_handler.py", line 53, in wrapped_app
    raise exc
  File "C:\Users\69588\AppData\Roaming\Python\Python312\site-packages\starlette\_exception_handler.py", line 42, in wrapped_app
    await app(scope, receive, sender)
  File "C:\Users\69588\AppData\Roaming\Python\Python312\site-packages\fastapi\routing.py", line 120, in app
    response = await f(request)
               ^^^^^^^^^^^^^^^^
  File "C:\Users\69588\AppData\Roaming\Python\Python312\site-packages\fastapi\routing.py", line 674, in app
    raw_response = await run_endpoint_function(
                   ^^^^^^^^^^^^^^^^^^^^^^^^^^^^
  File "C:\Users\69588\AppData\Roaming\Python\Python312\site-packages\fastapi\routing.py", line 330, in run_endpoint_function
    return await run_in_threadpool(dependant.call, **values)
           ^^^^^^^^^^^^^^^^^^^^^^^^^^^^^^^^^^^^^^^^^^^^^^^^^
  File "C:\Users\69588\AppData\Roaming\Python\Python312\site-packages\starlette\concurrency.py", line 32, in run_in_threadpool
    return await anyio.to_thread.run_sync(func)
           ^^^^^^^^^^^^^^^^^^^^^^^^^^^^^^^^^^^^
  File "C:\Users\69588\AppData\Roaming\Python\Python312\site-packages\anyio\to_thread.py", line 63, in run_sync
    return await get_async_backend().run_sync_in_worker_thread(
           ^^^^^^^^^^^^^^^^^^^^^^^^^^^^^^^^^^^^^^^^^^^^^^^^^^^^
  File "C:\Users\69588\AppData\Roaming\Python\Python312\site-packages\anyio\_backends\_asyncio.py", line 2502, in run_sync_in_worker_thread
    return await future
           ^^^^^^^^^^^^
  File "C:\Users\69588\AppData\Roaming\Python\Python312\site-packages\anyio\_backends\_asyncio.py", line 986, in run
    result = context.run(func, *args)
             ^^^^^^^^^^^^^^^^^^^^^^^^
  File "C:\mysite\whdb3\whdb3-api\app\user\api\v1\departments.py", line 23, in dept_tree
    return ok([n.model_dump() for n in org_service.dept_tree(db)])
                                       ^^^^^^^^^^^^^^^^^^^^^^^^^
  File "C:\mysite\whdb3\whdb3-api\app\user\services\org_service.py", line 49, in dept_tree
    counts = _dept_member_counts(db)
             ^^^^^^^^^^^^^^^^^^^^^^^
  File "C:\mysite\whdb3\whdb3-api\app\user\services\org_service.py", line 41, in _dept_member_counts
    .where(User.status != UserStatus.RESIGNED.value, User.dept_id.isnot(None))
                          ^^^^^^^^^^^^^^^^^^^
AttributeError: type object 'UserStatus' has no attribute 'RESIGNED'
2026-09-23 16:48:13,079 ERROR [a3e0908261c5] app.main: unhandled error: type object 'UserStatus' has no attribute 'RESIGNED'
Traceback (most recent call last):
  File "C:\Users\69588\AppData\Roaming\Python\Python312\site-packages\starlette\middleware\errors.py", line 164, in __call__
    await self.app(scope, receive, _send)
  File "C:\Users\69588\AppData\Roaming\Python\Python312\site-packages\starlette\middleware\base.py", line 191, in __call__
    with recv_stream, send_stream, collapse_excgroups():
                                   ^^^^^^^^^^^^^^^^^^^^
  File "C:\Users\69588\.conda\envs\whdb3\Lib\contextlib.py", line 158, in __exit__
    self.gen.throw(value)
  File "C:\Users\69588\AppData\Roaming\Python\Python312\site-packages\starlette\_utils.py", line 87, in collapse_excgroups
    raise exc
  File "C:\Users\69588\AppData\Roaming\Python\Python312\site-packages\starlette\middleware\base.py", line 193, in __call__
    response = await self.dispatch_func(request, call_next)
               ^^^^^^^^^^^^^^^^^^^^^^^^^^^^^^^^^^^^^^^^^^^^
  File "C:\mysite\whdb3\whdb3-api\app\core\logging.py", line 53, in dispatch
    response = await call_next(request)
               ^^^^^^^^^^^^^^^^^^^^^^^^
  File "C:\Users\69588\AppData\Roaming\Python\Python312\site-packages\starlette\middleware\base.py", line 168, in call_next
    raise app_exc from app_exc.__cause__ or app_exc.__context__
  File "C:\Users\69588\AppData\Roaming\Python\Python312\site-packages\starlette\middleware\base.py", line 144, in coro
    await self.app(scope, receive_or_disconnect, send_no_error)
  File "C:\Users\69588\AppData\Roaming\Python\Python312\site-packages\starlette\middleware\exceptions.py", line 63, in __call__
    await wrap_app_handling_exceptions(self.app, conn)(scope, receive, send)
  File "C:\Users\69588\AppData\Roaming\Python\Python312\site-packages\starlette\_exception_handler.py", line 53, in wrapped_app
    raise exc
  File "C:\Users\69588\AppData\Roaming\Python\Python312\site-packages\starlette\_exception_handler.py", line 42, in wrapped_app
    await app(scope, receive, sender)
  File "C:\Users\69588\AppData\Roaming\Python\Python312\site-packages\fastapi\middleware\asyncexitstack.py", line 18, in __call__
    await self.app(scope, receive, send)
  File "C:\Users\69588\AppData\Roaming\Python\Python312\site-packages\starlette\routing.py", line 660, in __call__
    await self.middleware_stack(scope, receive, send)
  File "C:\Users\69588\AppData\Roaming\Python\Python312\site-packages\starlette\routing.py", line 680, in app
    await route.handle(scope, receive, send)
  File "C:\Users\69588\AppData\Roaming\Python\Python312\site-packages\starlette\routing.py", line 276, in handle
    await self.app(scope, receive, send)
  File "C:\Users\69588\AppData\Roaming\Python\Python312\site-packages\fastapi\routing.py", line 134, in app
    await wrap_app_handling_exceptions(app, request)(scope, receive, send)
  File "C:\Users\69588\AppData\Roaming\Python\Python312\site-packages\starlette\_exception_handler.py", line 53, in wrapped_app
    raise exc
  File "C:\Users\69588\AppData\Roaming\Python\Python312\site-packages\starlette\_exception_handler.py", line 42, in wrapped_app
    await app(scope, receive, sender)
  File "C:\Users\69588\AppData\Roaming\Python\Python312\site-packages\fastapi\routing.py", line 120, in app
    response = await f(request)
               ^^^^^^^^^^^^^^^^
  File "C:\Users\69588\AppData\Roaming\Python\Python312\site-packages\fastapi\routing.py", line 674, in app
    raw_response = await run_endpoint_function(
                   ^^^^^^^^^^^^^^^^^^^^^^^^^^^^
  File "C:\Users\69588\AppData\Roaming\Python\Python312\site-packages\fastapi\routing.py", line 330, in run_endpoint_function
    return await run_in_threadpool(dependant.call, **values)
           ^^^^^^^^^^^^^^^^^^^^^^^^^^^^^^^^^^^^^^^^^^^^^^^^^
  File "C:\Users\69588\AppData\Roaming\Python\Python312\site-packages\starlette\concurrency.py", line 32, in run_in_threadpool
    return await anyio.to_thread.run_sync(func)
           ^^^^^^^^^^^^^^^^^^^^^^^^^^^^^^^^^^^^
  File "C:\Users\69588\AppData\Roaming\Python\Python312\site-packages\anyio\to_thread.py", line 63, in run_sync
    return await get_async_backend().run_sync_in_worker_thread(
           ^^^^^^^^^^^^^^^^^^^^^^^^^^^^^^^^^^^^^^^^^^^^^^^^^^^^
  File "C:\Users\69588\AppData\Roaming\Python\Python312\site-packages\anyio\_backends\_asyncio.py", line 2502, in run_sync_in_worker_thread
    return await future
           ^^^^^^^^^^^^
  File "C:\Users\69588\AppData\Roaming\Python\Python312\site-packages\anyio\_backends\_asyncio.py", line 986, in run
    result = context.run(func, *args)
             ^^^^^^^^^^^^^^^^^^^^^^^^
  File "C:\mysite\whdb3\whdb3-api\app\user\api\v1\departments.py", line 23, in dept_tree
    return ok([n.model_dump() for n in org_service.dept_tree(db)])
                                       ^^^^^^^^^^^^^^^^^^^^^^^^^
  File "C:\mysite\whdb3\whdb3-api\app\user\services\org_service.py", line 49, in dept_tree
    counts = _dept_member_counts(db)
             ^^^^^^^^^^^^^^^^^^^^^^^
  File "C:\mysite\whdb3\whdb3-api\app\user\services\org_service.py", line 41, in _dept_member_counts
    .where(User.status != UserStatus.RESIGNED.value, User.dept_id.isnot(None))
                          ^^^^^^^^^^^^^^^^^^^
AttributeError: type object 'UserStatus' has no attribute 'RESIGNED'
2026-09-23 16:56:10,078 ERROR [49ae116b1914] app.main: unhandled error: type object 'UserStatus' has no attribute 'RESIGNED'
Traceback (most recent call last):
  File "C:\Users\69588\AppData\Roaming\Python\Python312\site-packages\starlette\middleware\errors.py", line 164, in __call__
    await self.app(scope, receive, _send)
  File "C:\Users\69588\AppData\Roaming\Python\Python312\site-packages\starlette\middleware\base.py", line 191, in __call__
    with recv_stream, send_stream, collapse_excgroups():
                                   ^^^^^^^^^^^^^^^^^^^^
  File "C:\Users\69588\.conda\envs\whdb3\Lib\contextlib.py", line 158, in __exit__
    self.gen.throw(value)
  File "C:\Users\69588\AppData\Roaming\Python\Python312\site-packages\starlette\_utils.py", line 87, in collapse_excgroups
    raise exc
  File "C:\Users\69588\AppData\Roaming\Python\Python312\site-packages\starlette\middleware\base.py", line 193, in __call__
    response = await self.dispatch_func(request, call_next)
               ^^^^^^^^^^^^^^^^^^^^^^^^^^^^^^^^^^^^^^^^^^^^
  File "C:\mysite\whdb3\whdb3-api\app\core\logging.py", line 53, in dispatch
    response = await call_next(request)
               ^^^^^^^^^^^^^^^^^^^^^^^^
  File "C:\Users\69588\AppData\Roaming\Python\Python312\site-packages\starlette\middleware\base.py", line 168, in call_next
    raise app_exc from app_exc.__cause__ or app_exc.__context__
  File "C:\Users\69588\AppData\Roaming\Python\Python312\site-packages\starlette\middleware\base.py", line 144, in coro
    await self.app(scope, receive_or_disconnect, send_no_error)
  File "C:\Users\69588\AppData\Roaming\Python\Python312\site-packages\starlette\middleware\exceptions.py", line 63, in __call__
    await wrap_app_handling_exceptions(self.app, conn)(scope, receive, send)
  File "C:\Users\69588\AppData\Roaming\Python\Python312\site-packages\starlette\_exception_handler.py", line 53, in wrapped_app
    raise exc
  File "C:\Users\69588\AppData\Roaming\Python\Python312\site-packages\starlette\_exception_handler.py", line 42, in wrapped_app
    await app(scope, receive, sender)
  File "C:\Users\69588\AppData\Roaming\Python\Python312\site-packages\fastapi\middleware\asyncexitstack.py", line 18, in __call__
    await self.app(scope, receive, send)
  File "C:\Users\69588\AppData\Roaming\Python\Python312\site-packages\starlette\routing.py", line 660, in __call__
    await self.middleware_stack(scope, receive, send)
  File "C:\Users\69588\AppData\Roaming\Python\Python312\site-packages\starlette\routing.py", line 680, in app
    await route.handle(scope, receive, send)
  File "C:\Users\69588\AppData\Roaming\Python\Python312\site-packages\starlette\routing.py", line 276, in handle
    await self.app(scope, receive, send)
  File "C:\Users\69588\AppData\Roaming\Python\Python312\site-packages\fastapi\routing.py", line 134, in app
    await wrap_app_handling_exceptions(app, request)(scope, receive, send)
  File "C:\Users\69588\AppData\Roaming\Python\Python312\site-packages\starlette\_exception_handler.py", line 53, in wrapped_app
    raise exc
  File "C:\Users\69588\AppData\Roaming\Python\Python312\site-packages\starlette\_exception_handler.py", line 42, in wrapped_app
    await app(scope, receive, sender)
  File "C:\Users\69588\AppData\Roaming\Python\Python312\site-packages\fastapi\routing.py", line 120, in app
    response = await f(request)
               ^^^^^^^^^^^^^^^^
  File "C:\Users\69588\AppData\Roaming\Python\Python312\site-packages\fastapi\routing.py", line 674, in app
    raw_response = await run_endpoint_function(
                   ^^^^^^^^^^^^^^^^^^^^^^^^^^^^
  File "C:\Users\69588\AppData\Roaming\Python\Python312\site-packages\fastapi\routing.py", line 330, in run_endpoint_function
    return await run_in_threadpool(dependant.call, **values)
           ^^^^^^^^^^^^^^^^^^^^^^^^^^^^^^^^^^^^^^^^^^^^^^^^^
  File "C:\Users\69588\AppData\Roaming\Python\Python312\site-packages\starlette\concurrency.py", line 32, in run_in_threadpool
    return await anyio.to_thread.run_sync(func)
           ^^^^^^^^^^^^^^^^^^^^^^^^^^^^^^^^^^^^
  File "C:\Users\69588\AppData\Roaming\Python\Python312\site-packages\anyio\to_thread.py", line 63, in run_sync
    return await get_async_backend().run_sync_in_worker_thread(
           ^^^^^^^^^^^^^^^^^^^^^^^^^^^^^^^^^^^^^^^^^^^^^^^^^^^^
  File "C:\Users\69588\AppData\Roaming\Python\Python312\site-packages\anyio\_backends\_asyncio.py", line 2502, in run_sync_in_worker_thread
    return await future
           ^^^^^^^^^^^^
  File "C:\Users\69588\AppData\Roaming\Python\Python312\site-packages\anyio\_backends\_asyncio.py", line 986, in run
    result = context.run(func, *args)
             ^^^^^^^^^^^^^^^^^^^^^^^^
  File "C:\mysite\whdb3\whdb3-api\app\user\api\v1\departments.py", line 23, in dept_tree
    return ok([n.model_dump() for n in org_service.dept_tree(db)])
                                       ^^^^^^^^^^^^^^^^^^^^^^^^^
  File "C:\mysite\whdb3\whdb3-api\app\user\services\org_service.py", line 49, in dept_tree
    counts = _dept_member_counts(db)
             ^^^^^^^^^^^^^^^^^^^^^^^
  File "C:\mysite\whdb3\whdb3-api\app\user\services\org_service.py", line 41, in _dept_member_counts
    .where(User.status != UserStatus.RESIGNED.value, User.dept_id.isnot(None))
                          ^^^^^^^^^^^^^^^^^^^
AttributeError: type object 'UserStatus' has no attribute 'RESIGNED'
